C_ins_at_169	0.a3m	88.4968
T_ins_at_429	1000.a3m	82.7339
T_ins_at_363	1001.a3m	103.682
T_ins_at_86	1002.a3m	82.0058
C_ins_at_253	1003.a3m	107.119
C_ins_at_521	1004.a3m	191.498
A_ins_at_207	1005.a3m	75.1485
A_ins_at_388	1006.a3m	104.786
C_ins_at_433	1007.a3m	90.0268
G_ins_at_323	1008.a3m	63.0095
G_ins_at_326	1009.a3m	60.4064
C_ins_at_411	100.a3m	78.689
C_ins_at_91	1010.a3m	72.533
G_ins_at_23	1011.a3m	27.9372
G_ins_at_270	1012.a3m	93.8142
T_ins_at_191	1013.a3m	61.8647
G_ins_at_57	1014.a3m	29.2127
T_ins_at_329	1015.a3m	59.2269
A_ins_at_36	1016.a3m	28.4624
T_ins_at_49	1017.a3m	31.2751
T_ins_at_353	1018.a3m	121.822
A_ins_at_516	1019.a3m	172.775
G_ins_at_423	101.a3m	86.8054
A_ins_at_475	1020.a3m	158.689
A_ins_at_411	1021.a3m	82.4793
G_ins_at_77	1022.a3m	80.6822
A_ins_at_195	1023.a3m	58.4624
A_ins_at_142	1024.a3m	52.6437
T_ins_at_409	1025.a3m	85.2299
A_ins_at_109	1026.a3m	68.7142
T_ins_at_514	1027.a3m	164.001
G_ins_at_325	1028.a3m	63.031
T_ins_at_253	1029.a3m	106.582
G_ins_at_113	102.a3m	72.102
T_ins_at_58	1030.a3m	34.3233
T_ins_at_490	1031.a3m	161.338
T_ins_at_87	1032.a3m	82.5296
G_ins_at_107	1033.a3m	66.4808
A_ins_at_164	1034.a3m	79.3853
C_ins_at_496	1035.a3m	173.843
G_ins_at_65	1036.a3m	40.5992
C_ins_at_364	1037.a3m	113.546
T_ins_at_295	1038.a3m	59.9771
T_ins_at_493	1039.a3m	126.919
T_ins_at_485	103.a3m	171.104
T_ins_at_161	1040.a3m	74.2506
G_ins_at_148	1041.a3m	75.2488
C_ins_at_399	1042.a3m	84.4505
G_ins_at_467	1043.a3m	177.206
C_ins_at_408	1044.a3m	83.0969
T_ins_at_537	1045.a3m	172.545
G_ins_at_525	1046.a3m	165.563
T_ins_at_198	1047.a3m	60.1934
A_ins_at_326	1048.a3m	56.0829
T_ins_at_106	1049.a3m	60.8221
A_ins_at_279	104.a3m	89.4983
C_ins_at_181	1050.a3m	53.4698
T_ins_at_189	1051.a3m	57.1401
G_ins_at_451	1052.a3m	159.611
G_ins_at_388	1053.a3m	96.1334
G_ins_at_300	1054.a3m	60.622
G_ins_at_181	1055.a3m	54.7806
A_ins_at_7	1056.a3m	22.3681
C_ins_at_19	1057.a3m	26.0207
C_ins_at_472	1058.a3m	167.734
C_ins_at_239	1059.a3m	91.5438
A_ins_at_9	105.a3m	22.769
C_ins_at_287	1060.a3m	66.2039
T_ins_at_341	1061.a3m	123.794
A_ins_at_180	1062.a3m	54.5
G_ins_at_353	1063.a3m	111.694
T_ins_at_96	1064.a3m	80.1461
A_ins_at_329	1065.a3m	58.4656
T_ins_at_315	1066.a3m	57.7381
T_ins_at_143	1067.a3m	55.2661
C_ins_at_202	1068.a3m	60.6923
T_ins_at_478	1069.a3m	113.063
C_ins_at_319	106.a3m	60.1268
G_ins_at_263	1070.a3m	105.866
A_ins_at_261	1071.a3m	110.988
C_ins_at_531	1072.a3m	177.494
A_ins_at_46	1073.a3m	33.216
G_ins_at_232	1074.a3m	61.3393
A_ins_at_91	1075.a3m	68.8149
G_ins_at_313	1076.a3m	62.7175
A_ins_at_265	1077.a3m	100.494
T_ins_at_255	1078.a3m	113.72
C_ins_at_422	1079.a3m	86.6374
T_ins_at_367	107.a3m	108.706
T_ins_at_293	1080.a3m	63.1704
T_ins_at_433	1081.a3m	85.5566
A_ins_at_95	1082.a3m	76.4837
A_ins_at_193	1083.a3m	57.8156
C_ins_at_195	1084.a3m	56.8704
C_ins_at_56	1085.a3m	23.7348
A_ins_at_298	1086.a3m	64.9245
T_ins_at_547	1087.a3m	173.147
T_ins_at_428	1088.a3m	81.1873
A_ins_at_100	1089.a3m	65.38
A_ins_at_521	108.a3m	175.821
G_ins_at_476	1090.a3m	182.363
G_ins_at_372	1091.a3m	107.104
T_ins_at_50	1092.a3m	31.449
T_ins_at_427	1093.a3m	81.3054
G_ins_at_376	1094.a3m	104.642
T_ins_at_243	1095.a3m	119.125
G_ins_at_361	1096.a3m	97.0192
C_ins_at_142	1097.a3m	52.4182
C_ins_at_342	1098.a3m	125.425
G_ins_at_33	1099.a3m	25.7732
T_ins_at_406	109.a3m	82.4409
G_ins_at_212	10.a3m	76.186
A_ins_at_197	1100.a3m	62.932
G_ins_at_474	1101.a3m	172.247
G_ins_at_346	1102.a3m	114.818
A_ins_at_52	1103.a3m	31.9431
G_ins_at_541	1104.a3m	173.26
A_ins_at_110	1105.a3m	81.4632
T_ins_at_218	1106.a3m	63.7649
A_ins_at_396	1107.a3m	83.6845
A_ins_at_477	1108.a3m	161.137
C_ins_at_483	1109.a3m	162.774
T_ins_at_111	110.a3m	64.3149
A_ins_at_210	1110.a3m	62.6732
A_ins_at_107	1111.a3m	87.2301
A_ins_at_464	1112.a3m	180.771
G_ins_at_294	1113.a3m	64.2378
G_ins_at_109	1114.a3m	59.5592
A_ins_at_294	1115.a3m	64.2397
A_ins_at_532	1116.a3m	172.89
T_ins_at_515	1117.a3m	149.261
C_ins_at_491	1118.a3m	161.252
T_ins_at_123	1119.a3m	66.6961
G_ins_at_262	111.a3m	99.0439
T_ins_at_426	1120.a3m	86.7675
A_ins_at_523	1121.a3m	175.161
G_ins_at_165	1122.a3m	77.4833
T_ins_at_294	1123.a3m	64.4274
T_ins_at_259	1124.a3m	98.6644
G_ins_at_241	1125.a3m	115.583
G_ins_at_504	1126.a3m	125.156
A_ins_at_118	1127.a3m	67.6073
A_ins_at_401	1128.a3m	81.2974
A_ins_at_406	1129.a3m	85.769
C_ins_at_445	112.a3m	164.338
C_ins_at_525	1130.a3m	168.09
G_ins_at_298	1131.a3m	63.901
T_ins_at_7	1132.a3m	24.0461
C_ins_at_431	1133.a3m	89.9037
T_ins_at_549	1134.a3m	169.851
G_ins_at_126	1135.a3m	65.494
A_ins_at_309	1136.a3m	58.5565
C_ins_at_460	1137.a3m	169.246
G_ins_at_397	1138.a3m	82.9946
A_ins_at_378	1139.a3m	96.3051
T_ins_at_276	113.a3m	89.149
T_ins_at_31	1140.a3m	21.4919
T_ins_at_37	1141.a3m	29.7078
G_ins_at_333	1142.a3m	65.8066
A_ins_at_513	1143.a3m	169.378
G_ins_at_203	1144.a3m	61.2343
G_ins_at_169	1145.a3m	101.627
G_ins_at_226	1146.a3m	57.3461
A_ins_at_16	1147.a3m	23.1516
C_ins_at_438	1148.a3m	177.842
G_ins_at_335	1149.a3m	117.773
C_ins_at_126	114.a3m	67.2323
C_ins_at_3	1150.a3m	23.409
C_ins_at_412	1151.a3m	82.6053
G_ins_at_342	1152.a3m	125.59
G_ins_at_99	1153.a3m	72.544
T_ins_at_479	1154.a3m	168.109
T_ins_at_405	1155.a3m	82.5154
T_ins_at_236	1156.a3m	62.8328
A_ins_at_384	1157.a3m	93.4476
C_ins_at_510	1158.a3m	166.56
A_ins_at_55	1159.a3m	31.3354
T_ins_at_5	115.a3m	24.937
C_ins_at_84	1160.a3m	79.0484
T_ins_at_272	1161.a3m	99.2495
C_ins_at_414	1162.a3m	87.5533
G_ins_at_328	1163.a3m	58.9659
A_ins_at_383	1164.a3m	92.0992
C_ins_at_168	1165.a3m	82.9678
C_ins_at_69	1166.a3m	43.9266
G_ins_at_322	1167.a3m	55.6089
T_ins_at_385	1168.a3m	73.9753
T_ins_at_411	1169.a3m	82.4109
A_ins_at_368	116.a3m	113.108
A_ins_at_478	1170.a3m	158.545
A_ins_at_258	1171.a3m	104.899
T_ins_at_40	1172.a3m	30.832
C_ins_at_539	1173.a3m	168.117
A_ins_at_422	1174.a3m	84.3196
A_ins_at_231	1175.a3m	56.1463
G_ins_at_288	1176.a3m	61.8714
C_ins_at_532	1177.a3m	174.915
C_ins_at_12	1178.a3m	27.0549
G_ins_at_253	1179.a3m	115.414
G_ins_at_505	117.a3m	166.304
A_ins_at_113	1180.a3m	62.8865
C_ins_at_183	1181.a3m	57.621
A_ins_at_23	1182.a3m	27.68
T_ins_at_160	1183.a3m	71.3914
T_ins_at_145	1184.a3m	61.2972
A_ins_at_160	1185.a3m	77.6384
C_ins_at_540	1186.a3m	160.176
A_ins_at_220	1187.a3m	67.5395
C_ins_at_403	1188.a3m	77.8706
A_ins_at_33	1189.a3m	25.6076
T_ins_at_400	118.a3m	84.1297
T_ins_at_296	1190.a3m	63.9458
C_ins_at_212	1191.a3m	72.1046
C_ins_at_282	1192.a3m	91.9291
T_ins_at_458	1193.a3m	166.877
G_ins_at_187	1194.a3m	57.3015
G_ins_at_478	1195.a3m	170.774
G_ins_at_443	1196.a3m	167.648
G_ins_at_398	1197.a3m	82.3036
T_ins_at_125	1198.a3m	66.6223
C_ins_at_511	1199.a3m	166.697
T_ins_at_146	119.a3m	73.133
A_ins_at_156	11.a3m	71.8771
C_ins_at_307	1200.a3m	67.206
G_ins_at_140	1201.a3m	54.6305
T_ins_at_444	1202.a3m	163.576
C_ins_at_474	1203.a3m	179.058
G_ins_at_406	1204.a3m	82.1304
A_ins_at_104	1205.a3m	62.8336
C_ins_at_18	1206.a3m	27.4314
A_ins_at_413	1207.a3m	84.9962
G_ins_at_54	1208.a3m	23.4985
C_ins_at_234	1209.a3m	63.0653
G_ins_at_217	120.a3m	74.0123
T_ins_at_60	1210.a3m	32.2449
C_ins_at_401	1211.a3m	77.6028
C_ins_at_329	1212.a3m	58.4614
T_ins_at_456	1213.a3m	174.961
T_ins_at_522	1214.a3m	176.022
C_ins_at_316	1215.a3m	65.4013
T_ins_at_343	1216.a3m	125.079
A_ins_at_175	1217.a3m	57.613
T_ins_at_203	1218.a3m	66.6025
A_ins_at_372	1219.a3m	107.113
C_ins_at_16	121.a3m	21.259
T_ins_at_277	1220.a3m	88.2915
T_ins_at_258	1221.a3m	106.804
G_ins_at_428	1222.a3m	80.512
G_ins_at_431	1223.a3m	88.9762
T_ins_at_113	1224.a3m	80.9233
G_ins_at_78	1225.a3m	83.318
T_ins_at_451	1226.a3m	93.9379
C_ins_at_78	1227.a3m	77.905
T_ins_at_53	1228.a3m	35.1138
C_ins_at_124	1229.a3m	64.4001
C_ins_at_125	122.a3m	59.5269
G_ins_at_532	1230.a3m	154.329
T_ins_at_362	1231.a3m	108.135
G_ins_at_127	1232.a3m	69.0625
C_ins_at_476	1233.a3m	159.594
C_ins_at_95	1234.a3m	79.3914
A_ins_at_77	1235.a3m	85.6758
T_ins_at_539	1236.a3m	173.033
C_ins_at_245	1237.a3m	107.984
A_ins_at_507	1238.a3m	163.15
G_ins_at_4	1239.a3m	25.5186
A_ins_at_105	123.a3m	63.027
A_ins_at_457	1240.a3m	158.876
C_ins_at_191	1241.a3m	54.4226
T_ins_at_172	1242.a3m	75.0026
A_ins_at_433	1243.a3m	86.0463
T_ins_at_455	1244.a3m	160.745
C_ins_at_447	1245.a3m	176.642
A_ins_at_310	1246.a3m	57.5901
A_ins_at_317	1247.a3m	58.7371
A_ins_at_292	1248.a3m	62.9713
C_ins_at_522	1249.a3m	176.174
C_ins_at_182	124.a3m	55.5102
C_ins_at_92	1250.a3m	72.4264
A_ins_at_54	1251.a3m	23.7256
C_ins_at_424	1252.a3m	88.6357
G_ins_at_310	1253.a3m	61.1342
C_ins_at_377	1254.a3m	98.8749
C_ins_at_4	1255.a3m	23.5728
A_ins_at_461	1256.a3m	176.391
A_ins_at_335	1257.a3m	141.96
C_ins_at_219	1258.a3m	62.8902
A_ins_at_358	1259.a3m	99.1089
T_ins_at_350	125.a3m	109.441
G_ins_at_56	1260.a3m	27.7954
T_ins_at_307	1261.a3m	63.6516
A_ins_at_314	1262.a3m	62.0282
A_ins_at_45	1263.a3m	27.699
T_ins_at_69	1264.a3m	43.9112
C_ins_at_58	1265.a3m	32.3801
T_ins_at_439	1266.a3m	158.897
G_ins_at_30	1267.a3m	24.6019
A_ins_at_362	1268.a3m	112.434
C_ins_at_145	1269.a3m	73.2819
T_ins_at_419	126.a3m	89.1191
T_ins_at_388	1270.a3m	97.067
A_ins_at_355	1271.a3m	121.439
T_ins_at_129	1272.a3m	69.5887
C_ins_at_372	1273.a3m	105.399
C_ins_at_498	1274.a3m	168.417
G_ins_at_192	1275.a3m	53.7545
G_ins_at_370	1276.a3m	98.307
A_ins_at_204	1277.a3m	55.1897
C_ins_at_206	1278.a3m	74.7037
A_ins_at_354	1279.a3m	61.2722
C_ins_at_83	127.a3m	70.4265
T_ins_at_151	1280.a3m	64.8495
A_ins_at_305	1281.a3m	63.2899
G_ins_at_272	1282.a3m	89.7673
T_ins_at_335	1283.a3m	128.816
A_ins_at_324	1284.a3m	60.947
T_ins_at_361	1285.a3m	59.9357
C_ins_at_188	1286.a3m	57.3658
C_ins_at_77	1287.a3m	78.8461
C_ins_at_314	1288.a3m	60.1837
T_ins_at_154	1289.a3m	95.4074
T_ins_at_238	128.a3m	61.2364
A_ins_at_59	1290.a3m	35.3662
C_ins_at_466	1291.a3m	179.413
A_ins_at_85	1292.a3m	80.1794
A_ins_at_47	1293.a3m	30.1944
C_ins_at_185	1294.a3m	54.9072
C_ins_at_35	1295.a3m	25.9675
A_ins_at_127	1296.a3m	67.2039
G_ins_at_159	1297.a3m	76.8817
G_ins_at_527	1298.a3m	181.226
A_ins_at_14	1299.a3m	27.3593
A_ins_at_311	129.a3m	62.2855
A_ins_at_174	12.a3m	67.4434
T_ins_at_237	1300.a3m	64.0889
C_ins_at_359	1301.a3m	98.3271
C_ins_at_291	1302.a3m	63.0065
T_ins_at_381	1303.a3m	100.506
T_ins_at_321	1304.a3m	58.2912
T_ins_at_81	1305.a3m	78.8035
A_ins_at_278	1306.a3m	90.3815
C_ins_at_264	1307.a3m	104.424
G_ins_at_121	1308.a3m	58.587
C_ins_at_277	1309.a3m	90.9909
G_ins_at_440	130.a3m	156.124
C_ins_at_454	1310.a3m	162.345
G_ins_at_418	1311.a3m	84.2664
G_ins_at_233	1312.a3m	66.3309
C_ins_at_430	1313.a3m	86.0424
A_ins_at_26	1314.a3m	31.4252
C_ins_at_111	1315.a3m	62.3831
G_ins_at_511	1316.a3m	165.254
C_ins_at_363	1317.a3m	104.217
T_ins_at_110	1318.a3m	67.0377
C_ins_at_197	1319.a3m	64.5018
A_ins_at_137	131.a3m	69.4032
T_ins_at_334	1320.a3m	63.6679
G_ins_at_312	1321.a3m	59.5079
C_ins_at_440	1322.a3m	164.106
G_ins_at_131	1323.a3m	69.3999
G_ins_at_200	1324.a3m	61.7502
C_ins_at_2	1325.a3m	23.9573
G_ins_at_301	1326.a3m	60.1456
C_ins_at_196	1327.a3m	58.3387
T_ins_at_459	1328.a3m	168.35
T_ins_at_516	1329.a3m	176.283
C_ins_at_367	132.a3m	122.393
C_ins_at_416	1330.a3m	86.1197
T_ins_at_214	1331.a3m	68.6012
G_ins_at_158	1332.a3m	87.5862
A_ins_at_177	1333.a3m	55.3061
A_ins_at_68	1334.a3m	33.2962
C_ins_at_227	1335.a3m	61.5556
G_ins_at_154	1336.a3m	74.5483
C_ins_at_1	1337.a3m	25.8923
G_ins_at_375	1338.a3m	100.505
C_ins_at_302	1339.a3m	66.59
G_ins_at_177	133.a3m	54.4318
C_ins_at_233	1340.a3m	63.2456
G_ins_at_276	1341.a3m	88.6901
C_ins_at_467	1342.a3m	188.956
G_ins_at_222	1343.a3m	62.8199
A_ins_at_150	1344.a3m	87.0784
G_ins_at_73	1345.a3m	29.7038
T_ins_at_39	1346.a3m	30.774
G_ins_at_97	1347.a3m	65.8146
T_ins_at_314	1348.a3m	57.7142
C_ins_at_107	1349.a3m	64.3184
A_ins_at_5	134.a3m	32.1269
G_ins_at_62	1350.a3m	43.1698
T_ins_at_109	1351.a3m	79.6812
C_ins_at_345	1352.a3m	130.613
T_ins_at_72	1353.a3m	38.2338
G_ins_at_530	1354.a3m	169.798
A_ins_at_327	1355.a3m	55.4849
C_ins_at_441	1356.a3m	161.081
C_ins_at_118	1357.a3m	67.7051
A_ins_at_284	1358.a3m	87.0474
A_ins_at_78	1359.a3m	81.401
G_ins_at_122	135.a3m	66.633
G_ins_at_145	1360.a3m	77.8194
C_ins_at_494	1361.a3m	179.489
T_ins_at_498	1362.a3m	173.926
T_ins_at_43	1363.a3m	19.5513
C_ins_at_190	1364.a3m	54.6273
A_ins_at_230	1365.a3m	61.6588
C_ins_at_418	1366.a3m	83.5787
G_ins_at_386	1367.a3m	87.6505
C_ins_at_448	1368.a3m	161.389
T_ins_at_211	1369.a3m	67.2196
G_ins_at_281	136.a3m	86.6646
C_ins_at_332	1370.a3m	60.7646
A_ins_at_234	1371.a3m	64.0568
T_ins_at_524	1372.a3m	178.963
T_ins_at_23	1373.a3m	34.9938
A_ins_at_483	1374.a3m	172.401
G_ins_at_18	1375.a3m	21.823
T_ins_at_300	1376.a3m	56.4086
G_ins_at_526	1377.a3m	181.225
A_ins_at_133	1378.a3m	70.9339
G_ins_at_236	1379.a3m	62.5621
A_ins_at_490	137.a3m	166.882
A_ins_at_547	1380.a3m	183.443
T_ins_at_131	1381.a3m	66.9988
C_ins_at_528	1382.a3m	177.198
C_ins_at_452	1383.a3m	162.701
C_ins_at_81	1384.a3m	79.2717
A_ins_at_454	1385.a3m	173.646
G_ins_at_269	1386.a3m	94.1852
T_ins_at_488	1387.a3m	164.075
T_ins_at_447	1388.a3m	181.866
G_ins_at_164	1389.a3m	79.1149
T_ins_at_280	138.a3m	85.788
G_ins_at_378	1390.a3m	96.2066
C_ins_at_9	1391.a3m	22.5133
A_ins_at_236	1392.a3m	57.9788
G_ins_at_441	1393.a3m	159.802
T_ins_at_254	1394.a3m	113.716
A_ins_at_212	1395.a3m	70.7629
C_ins_at_468	1396.a3m	186.432
T_ins_at_256	1397.a3m	101.8
G_ins_at_153	1398.a3m	95.9594
C_ins_at_51	1399.a3m	23.5975
C_ins_at_189	139.a3m	57.1819
C_ins_at_545	13.a3m	173.248
C_ins_at_542	1400.a3m	186.497
T_ins_at_536	1401.a3m	165.207
T_ins_at_130	1402.a3m	73.4262
T_ins_at_475	1403.a3m	174.077
G_ins_at_488	1404.a3m	182.599
A_ins_at_389	1405.a3m	97.0997
C_ins_at_66	1406.a3m	40.7248
C_ins_at_487	1407.a3m	169.618
C_ins_at_278	1408.a3m	92.433
G_ins_at_103	1409.a3m	68.1002
A_ins_at_120	140.a3m	73.1166
C_ins_at_382	1410.a3m	87.2924
A_ins_at_51	1411.a3m	20.4898
C_ins_at_65	1412.a3m	41.0476
A_ins_at_98	1413.a3m	72.7496
A_ins_at_299	1414.a3m	59.2583
C_ins_at_255	1415.a3m	112.475
T_ins_at_140	1416.a3m	66.9822
T_ins_at_528	1417.a3m	177.532
C_ins_at_289	1418.a3m	79.6063
T_ins_at_14	1419.a3m	19.1433
T_ins_at_196	141.a3m	62.4471
T_ins_at_90	1420.a3m	72.6143
A_ins_at_332	1421.a3m	61.6883
C_ins_at_242	1422.a3m	105.681
G_ins_at_311	1423.a3m	63.1178
T_ins_at_487	1424.a3m	153.478
G_ins_at_174	1425.a3m	67.2032
G_ins_at_267	1426.a3m	92.0564
C_ins_at_208	1427.a3m	69.5355
C_ins_at_328	1428.a3m	59.3006
T_ins_at_436	1429.a3m	83.7533
T_ins_at_142	142.a3m	65.9991
C_ins_at_505	1430.a3m	165.409
C_ins_at_203	1431.a3m	54.706
G_ins_at_513	1432.a3m	165.25
G_ins_at_256	1433.a3m	105.718
A_ins_at_359	1434.a3m	103.741
G_ins_at_522	1435.a3m	176.063
A_ins_at_308	1436.a3m	61.6668
T_ins_at_204	1437.a3m	55.4035
G_ins_at_396	1438.a3m	83.0646
G_ins_at_374	1439.a3m	100.723
A_ins_at_541	143.a3m	168.218
C_ins_at_358	1440.a3m	98.3611
T_ins_at_67	1441.a3m	40.4876
C_ins_at_480	1442.a3m	168.7
C_ins_at_231	1443.a3m	61.0696
T_ins_at_174	1444.a3m	67.0902
T_ins_at_328	1445.a3m	63.5074
T_ins_at_278	1446.a3m	89.4901
A_ins_at_367	1447.a3m	116.831
A_ins_at_89	1448.a3m	74.1149
A_ins_at_114	1449.a3m	75.9586
G_ins_at_265	144.a3m	106.935
C_ins_at_312	1450.a3m	58.6106
T_ins_at_298	1451.a3m	57.8163
A_ins_at_334	1452.a3m	137.187
C_ins_at_370	1453.a3m	106.232
G_ins_at_306	1454.a3m	61.3626
C_ins_at_311	1455.a3m	64.497
C_ins_at_156	1456.a3m	71.2431
A_ins_at_247	1457.a3m	116.403
G_ins_at_142	1458.a3m	56.977
T_ins_at_398	1459.a3m	83.0988
C_ins_at_293	145.a3m	60.5084
G_ins_at_91	1460.a3m	85.4481
A_ins_at_295	1461.a3m	59.3991
C_ins_at_120	1462.a3m	71.5542
G_ins_at_96	1463.a3m	80.3637
G_ins_at_435	1464.a3m	83.4265
T_ins_at_167	1465.a3m	96.5055
G_ins_at_520	1466.a3m	174.2
A_ins_at_481	1467.a3m	171.086
A_ins_at_222	1468.a3m	62.253
T_ins_at_348	1469.a3m	117.509
A_ins_at_176	146.a3m	58.826
G_ins_at_357	1470.a3m	105.164
G_ins_at_531	1471.a3m	176.056
C_ins_at_104	1472.a3m	60.0845
A_ins_at_316	1473.a3m	59.162
T_ins_at_180	1474.a3m	53.4569
C_ins_at_29	1475.a3m	27.402
A_ins_at_148	1476.a3m	75.8026
T_ins_at_543	1477.a3m	171.649
A_ins_at_179	1478.a3m	65.188
A_ins_at_352	1479.a3m	122.627
T_ins_at_370	147.a3m	106.432
C_ins_at_462	1480.a3m	173.607
C_ins_at_112	1481.a3m	73.0002
C_ins_at_209	1482.a3m	72.3756
C_ins_at_243	1483.a3m	117.82
T_ins_at_223	1484.a3m	60.8807
A_ins_at_301	1485.a3m	62.005
C_ins_at_57	1486.a3m	32.401
A_ins_at_463	1487.a3m	163.313
T_ins_at_33	1488.a3m	25.7918
G_ins_at_7	1489.a3m	29.9984
G_ins_at_255	148.a3m	114.031
A_ins_at_303	1490.a3m	66.8967
A_ins_at_333	1491.a3m	64.1431
T_ins_at_499	1492.a3m	124.665
G_ins_at_243	1493.a3m	108.203
A_ins_at_217	1494.a3m	69.8229
T_ins_at_301	1495.a3m	61.4106
A_ins_at_21	1496.a3m	27.349
A_ins_at_514	1497.a3m	159.616
C_ins_at_439	1498.a3m	161.424
G_ins_at_208	1499.a3m	65.8765
C_ins_at_356	149.a3m	107.07
G_ins_at_352	14.a3m	120.37
A_ins_at_286	1500.a3m	68.2003
G_ins_at_355	1501.a3m	104.248
C_ins_at_199	1502.a3m	59.2208
G_ins_at_331	1503.a3m	56.1193
A_ins_at_304	1504.a3m	61.7411
C_ins_at_143	1505.a3m	50.7806
C_ins_at_165	1506.a3m	86.9161
T_ins_at_275	1507.a3m	92.9803
T_ins_at_212	1508.a3m	72.8555
C_ins_at_163	1509.a3m	83.5897
A_ins_at_476	150.a3m	179.598
C_ins_at_39	1510.a3m	30.7195
G_ins_at_28	1511.a3m	25.2713
T_ins_at_292	1512.a3m	64.6544
A_ins_at_62	1513.a3m	35.5518
C_ins_at_310	1514.a3m	63.0159
A_ins_at_183	1515.a3m	56.3664
G_ins_at_60	1516.a3m	34.1186
T_ins_at_222	1517.a3m	60.6703
T_ins_at_78	1518.a3m	77.3981
A_ins_at_509	1519.a3m	163.724
T_ins_at_207	151.a3m	66.8042
T_ins_at_308	1520.a3m	62.0301
T_ins_at_535	1521.a3m	154.054
G_ins_at_124	1522.a3m	59.8193
C_ins_at_244	1523.a3m	122.568
A_ins_at_442	1524.a3m	157.834
C_ins_at_220	1525.a3m	62.6091
G_ins_at_38	1526.a3m	28.7796
C_ins_at_417	1527.a3m	91.0664
T_ins_at_289	1528.a3m	81.6974
G_ins_at_340	1529.a3m	117.747
T_ins_at_303	152.a3m	65.3153
C_ins_at_469	1530.a3m	169.799
A_ins_at_12	1531.a3m	5.9654
G_ins_at_257	1532.a3m	106.436
C_ins_at_204	1533.a3m	55.5765
T_ins_at_470	1534.a3m	182.974
A_ins_at_446	1535.a3m	141.015
C_ins_at_421	1536.a3m	87.2485
T_ins_at_184	1537.a3m	61.2276
G_ins_at_258	1538.a3m	104.913
G_ins_at_416	1539.a3m	87.0493
C_ins_at_503	153.a3m	173.269
G_ins_at_274	1540.a3m	86.4206
A_ins_at_240	1541.a3m	102.83
G_ins_at_420	1542.a3m	89.5805
C_ins_at_134	1543.a3m	61.3961
C_ins_at_290	1544.a3m	62.8823
C_ins_at_350	1545.a3m	120.757
A_ins_at_163	1546.a3m	83.4472
A_ins_at_537	1547.a3m	170.662
C_ins_at_218	1548.a3m	66.3777
G_ins_at_63	1549.a3m	35.888
A_ins_at_126	154.a3m	67.0234
A_ins_at_122	1550.a3m	71.6154
C_ins_at_478	1551.a3m	174.619
C_ins_at_400	1552.a3m	85.6429
G_ins_at_75	1553.a3m	35.2163
T_ins_at_312	1554.a3m	59.2383
A_ins_at_472	1555.a3m	162.969
A_ins_at_403	1556.a3m	77.6026
A_ins_at_48	1557.a3m	31.3225
A_ins_at_382	1558.a3m	87.6141
A_ins_at_101	1559.a3m	77.4209
T_ins_at_489	155.a3m	165.318
A_ins_at_341	1560.a3m	124.531
G_ins_at_201	1561.a3m	60.3081
A_ins_at_76	1562.a3m	74.9325
G_ins_at_419	1563.a3m	84.9872
T_ins_at_384	1564.a3m	88.7194
G_ins_at_144	1565.a3m	70.8293
G_ins_at_89	1566.a3m	84.7545
G_ins_at_47	1567.a3m	31.2994
A_ins_at_318	1568.a3m	57.0628
T_ins_at_420	1569.a3m	90.8002
T_ins_at_496	156.a3m	169.286
T_ins_at_511	1570.a3m	170.117
G_ins_at_299	1571.a3m	64.2244
G_ins_at_494	1572.a3m	176.245
T_ins_at_179	1573.a3m	68.4546
G_ins_at_535	1574.a3m	175.039
C_ins_at_490	1575.a3m	159.427
T_ins_at_136	1576.a3m	63.8223
T_ins_at_526	1577.a3m	163.585
G_ins_at_452	1578.a3m	166.36
C_ins_at_237	1579.a3m	62.9865
G_ins_at_240	157.a3m	104.617
T_ins_at_6	1580.a3m	28.9647
G_ins_at_196	1581.a3m	58.6411
T_ins_at_403	1582.a3m	74.2862
A_ins_at_357	1583.a3m	104.909
C_ins_at_295	1584.a3m	60.9347
A_ins_at_375	1585.a3m	100.612
A_ins_at_29	1586.a3m	26.4589
A_ins_at_146	1587.a3m	73.5533
T_ins_at_337	1588.a3m	123.857
G_ins_at_481	1589.a3m	160.151
T_ins_at_340	158.a3m	124.579
G_ins_at_411	1590.a3m	82.5128
C_ins_at_205	1591.a3m	75.1126
T_ins_at_51	1592.a3m	23.6912
T_ins_at_540	1593.a3m	166.218
G_ins_at_69	1594.a3m	36.0668
C_ins_at_147	1595.a3m	77.8833
C_ins_at_105	1596.a3m	63.6571
C_ins_at_224	1597.a3m	83.1261
T_ins_at_71	1598.a3m	36.3323
A_ins_at_219	1599.a3m	63.82
A_ins_at_232	159.a3m	62.1356
A_ins_at_44	15.a3m	31.0144
G_ins_at_114	1600.a3m	78.7857
A_ins_at_499	1601.a3m	172.434
C_ins_at_135	1602.a3m	58.1044
A_ins_at_497	1603.a3m	176.803
A_ins_at_369	1604.a3m	98.7354
C_ins_at_375	1605.a3m	99.5998
G_ins_at_529	1606.a3m	174.12
C_ins_at_530	1607.a3m	176.761
T_ins_at_355	1608.a3m	118.987
A_ins_at_285	1609.a3m	64.8623
A_ins_at_159	160.a3m	76.8318
G_ins_at_286	1610.a3m	57.594
G_ins_at_512	1611.a3m	178.295
G_ins_at_539	1612.a3m	165.051
G_ins_at_147	1613.a3m	67.7517
C_ins_at_221	1614.a3m	62.6241
G_ins_at_70	1615.a3m	35.0396
G_ins_at_225	1616.a3m	66.2005
G_ins_at_248	1617.a3m	105.605
T_ins_at_192	1618.a3m	53.5414
T_ins_at_512	1619.a3m	161.678
A_ins_at_103	161.a3m	71.7169
G_ins_at_365	1620.a3m	121.03
C_ins_at_241	1621.a3m	109.497
G_ins_at_117	1622.a3m	66.7025
C_ins_at_41	1623.a3m	27.0349
C_ins_at_389	1624.a3m	93.5327
A_ins_at_257	1625.a3m	116.202
A_ins_at_65	1626.a3m	56.1975
G_ins_at_516	1627.a3m	174.034
A_ins_at_320	1628.a3m	61.4196
C_ins_at_103	1629.a3m	62.8598
T_ins_at_408	162.a3m	82.2333
T_ins_at_500	1630.a3m	173.028
T_ins_at_442	1631.a3m	164.447
A_ins_at_121	1632.a3m	74.247
G_ins_at_93	1633.a3m	72.885
G_ins_at_304	1634.a3m	63.058
G_ins_at_252	1635.a3m	112.681
C_ins_at_461	1636.a3m	179.389
T_ins_at_402	1637.a3m	81.0677
A_ins_at_323	1638.a3m	56.1293
G_ins_at_367	1639.a3m	105.012
C_ins_at_360	163.a3m	97.0017
A_ins_at_17	1640.a3m	23.3883
G_ins_at_224	1641.a3m	66.5107
C_ins_at_404	1642.a3m	82.4275
C_ins_at_471	1643.a3m	169.904
G_ins_at_176	1644.a3m	67.3566
C_ins_at_102	1645.a3m	62.6297
A_ins_at_517	1646.a3m	173.902
T_ins_at_21	1647.a3m	27.6784
C_ins_at_116	1648.a3m	69.3333
G_ins_at_404	1649.a3m	79.3836
G_ins_at_35	164.a3m	25.5198
G_ins_at_141	1650.a3m	57.0147
C_ins_at_509	1651.a3m	165.515
G_ins_at_24	1652.a3m	27.6216
T_ins_at_139	1653.a3m	67.0272
T_ins_at_193	1654.a3m	51.4003
T_ins_at_250	1655.a3m	113.08
G_ins_at_149	1656.a3m	94.9414
C_ins_at_535	1657.a3m	171.168
T_ins_at_287	1658.a3m	79.0091
T_ins_at_380	1659.a3m	89.8689
G_ins_at_17	165.a3m	24.6489
A_ins_at_348	1660.a3m	61.8039
T_ins_at_454	1661.a3m	93.4603
T_ins_at_346	1662.a3m	126.418
G_ins_at_87	1663.a3m	85.5592
A_ins_at_410	1664.a3m	82.652
C_ins_at_371	1665.a3m	105.234
C_ins_at_38	1666.a3m	19.3189
G_ins_at_350	1667.a3m	118.228
G_ins_at_68	1668.a3m	36.4962
A_ins_at_470	1669.a3m	164.037
G_ins_at_79	166.a3m	71.3063
T_ins_at_269	1670.a3m	96.9541
G_ins_at_202	1671.a3m	60.7374
T_ins_at_175	1672.a3m	57.1284
G_ins_at_49	1673.a3m	31.176
G_ins_at_235	1674.a3m	60.008
G_ins_at_12	1675.a3m	5.88569
G_ins_at_204	1676.a3m	55.1257
T_ins_at_38	1677.a3m	30.9479
C_ins_at_113	1678.a3m	74.1205
C_ins_at_384	1679.a3m	87.1319
C_ins_at_230	167.a3m	77.4667
G_ins_at_180	1680.a3m	53.4543
C_ins_at_42	1681.a3m	32.2609
A_ins_at_262	1682.a3m	101.996
C_ins_at_5	1683.a3m	29.0572
C_ins_at_341	1684.a3m	120.911
T_ins_at_148	1685.a3m	60.8628
C_ins_at_415	1686.a3m	86.314
G_ins_at_455	1687.a3m	162.12
C_ins_at_449	1688.a3m	159.686
T_ins_at_91	1689.a3m	87.7736
C_ins_at_434	168.a3m	84.1203
C_ins_at_501	1690.a3m	170.26
G_ins_at_184	1691.a3m	57.1383
A_ins_at_394	1692.a3m	86.0331
T_ins_at_390	1693.a3m	88.0258
T_ins_at_268	1694.a3m	67.274
G_ins_at_207	1695.a3m	76.2127
G_ins_at_427	1696.a3m	81.1722
T_ins_at_41	1697.a3m	32.3045
G_ins_at_510	1698.a3m	169.82
C_ins_at_270	1699.a3m	100.27
C_ins_at_222	169.a3m	60.887
G_ins_at_534	16.a3m	173.547
G_ins_at_10	1700.a3m	21.7147
T_ins_at_261	1701.a3m	106.505
C_ins_at_296	1702.a3m	60.5343
T_ins_at_379	1703.a3m	73.902
G_ins_at_506	1704.a3m	166.192
C_ins_at_549	1705.a3m	169.135
C_ins_at_339	1706.a3m	117.043
T_ins_at_262	1707.a3m	65.6034
T_ins_at_330	1708.a3m	65.0577
A_ins_at_18	1709.a3m	23.3998
G_ins_at_254	170.a3m	112.665
G_ins_at_284	1710.a3m	83.9864
G_ins_at_1	1711.a3m	24.7528
G_ins_at_250	1712.a3m	110.168
A_ins_at_171	1713.a3m	80.2613
C_ins_at_354	1714.a3m	121.721
A_ins_at_93	1715.a3m	72.7479
A_ins_at_213	1716.a3m	71.2707
C_ins_at_89	1717.a3m	72.956
C_ins_at_346	1718.a3m	124.834
A_ins_at_123	1719.a3m	73.0821
G_ins_at_389	171.a3m	98.4813
G_ins_at_497	1720.a3m	170.053
C_ins_at_497	1721.a3m	168.977
A_ins_at_380	1722.a3m	87.4022
G_ins_at_518	1723.a3m	173.226
C_ins_at_173	1724.a3m	68.0031
A_ins_at_244	1725.a3m	107.238
G_ins_at_514	1726.a3m	163.104
T_ins_at_228	1727.a3m	59.7527
G_ins_at_58	1728.a3m	29.1371
T_ins_at_186	1729.a3m	58.4524
C_ins_at_284	172.a3m	91.7296
A_ins_at_315	1730.a3m	55.3045
A_ins_at_249	1731.a3m	64.968
G_ins_at_297	1732.a3m	64.6264
T_ins_at_322	1733.a3m	54.3763
A_ins_at_158	1734.a3m	72.919
C_ins_at_13	1735.a3m	27.2416
T_ins_at_357	1736.a3m	108.735
T_ins_at_100	1737.a3m	82.582
T_ins_at_369	1738.a3m	97.5549
G_ins_at_446	1739.a3m	147.409
A_ins_at_198	173.a3m	60.0858
G_ins_at_460	1740.a3m	184.239
T_ins_at_265	1741.a3m	101.52
T_ins_at_201	1742.a3m	60.3306
G_ins_at_116	1743.a3m	76.5372
T_ins_at_548	1744.a3m	174.584
A_ins_at_167	1745.a3m	97.8316
T_ins_at_70	1746.a3m	34.7788
A_ins_at_102	1747.a3m	77.4095
A_ins_at_251	1748.a3m	114.845
T_ins_at_64	1749.a3m	33.3063
G_ins_at_343	174.a3m	122.644
T_ins_at_425	1750.a3m	87.0513
A_ins_at_235	1751.a3m	62.6856
A_ins_at_37	1752.a3m	36.22
A_ins_at_10	1753.a3m	25.4532
A_ins_at_226	1754.a3m	59.6091
A_ins_at_11	1755.a3m	7.67906
T_ins_at_263	1756.a3m	108.251
G_ins_at_445	1757.a3m	175.213
A_ins_at_397	1758.a3m	84.7979
T_ins_at_332	1759.a3m	64.749
A_ins_at_84	175.a3m	77.8873
A_ins_at_479	1760.a3m	158.893
G_ins_at_88	1761.a3m	82.0613
A_ins_at_4	1762.a3m	24.2676
G_ins_at_118	1763.a3m	72.1572
C_ins_at_258	1764.a3m	103.101
G_ins_at_170	1765.a3m	99.5753
T_ins_at_247	1766.a3m	102.951
T_ins_at_414	1767.a3m	83.2002
C_ins_at_318	1768.a3m	57.1894
C_ins_at_464	1769.a3m	180.696
G_ins_at_162	176.a3m	84.867
C_ins_at_94	1770.a3m	81.3152
T_ins_at_176	1771.a3m	54.7466
T_ins_at_102	1772.a3m	63.0888
G_ins_at_508	1773.a3m	166.085
G_ins_at_59	1774.a3m	33.3077
C_ins_at_488	1775.a3m	169.667
T_ins_at_345	1776.a3m	129.512
G_ins_at_368	1777.a3m	95.9757
T_ins_at_57	1778.a3m	32.5123
C_ins_at_6	1779.a3m	29.0185
C_ins_at_114	177.a3m	76.8844
T_ins_at_188	1780.a3m	56.618
C_ins_at_217	1781.a3m	73.7727
C_ins_at_485	1782.a3m	169.817
T_ins_at_305	1783.a3m	69.6098
G_ins_at_339	1784.a3m	116.899
T_ins_at_185	1785.a3m	58.0106
C_ins_at_269	1786.a3m	93.5818
A_ins_at_371	1787.a3m	97.6741
A_ins_at_455	1788.a3m	171.745
G_ins_at_477	1789.a3m	157.084
G_ins_at_373	178.a3m	112.324
C_ins_at_44	1790.a3m	31.2922
C_ins_at_175	1791.a3m	76.2171
C_ins_at_178	1792.a3m	53.686
C_ins_at_504	1793.a3m	175.266
G_ins_at_98	1794.a3m	85.6718
A_ins_at_192	1795.a3m	53.4829
T_ins_at_513	1796.a3m	167.366
G_ins_at_542	1797.a3m	167.702
C_ins_at_108	1798.a3m	66.8292
G_ins_at_115	1799.a3m	78.2968
G_ins_at_464	179.a3m	166.032
G_ins_at_421	17.a3m	90.5845
G_ins_at_3	1800.a3m	25.6203
G_ins_at_163	1801.a3m	72.7839
A_ins_at_270	1802.a3m	93.8968
T_ins_at_310	1803.a3m	57.7839
T_ins_at_88	1804.a3m	75.316
C_ins_at_88	1805.a3m	73.3786
G_ins_at_439	1806.a3m	171.998
G_ins_at_95	1807.a3m	79.7589
A_ins_at_494	1808.a3m	170.184
C_ins_at_250	1809.a3m	110.37
A_ins_at_191	180.a3m	57.2037
C_ins_at_128	1810.a3m	65.0621
C_ins_at_166	1811.a3m	92.4516
G_ins_at_168	1812.a3m	94.6054
C_ins_at_26	1813.a3m	32.2447
C_ins_at_21	1814.a3m	27.965
G_ins_at_16	1815.a3m	27.3863
G_ins_at_6	1816.a3m	28.825
T_ins_at_356	1817.a3m	119.464
G_ins_at_486	1818.a3m	164.098
A_ins_at_6	1819.a3m	28.8495
T_ins_at_232	181.a3m	59.3287
A_ins_at_381	1820.a3m	86.8464
C_ins_at_15	1821.a3m	26.4833
G_ins_at_146	1822.a3m	77.619
G_ins_at_536	1823.a3m	181.364
C_ins_at_256	1824.a3m	113.256
G_ins_at_190	1825.a3m	57.1515
A_ins_at_136	1826.a3m	56.8008
T_ins_at_375	1827.a3m	100.766
T_ins_at_65	1828.a3m	40.247
T_ins_at_163	1829.a3m	87.355
A_ins_at_41	182.a3m	25.0003
A_ins_at_390	1830.a3m	89.7217
T_ins_at_99	1831.a3m	80.4024
C_ins_at_459	1832.a3m	168.413
C_ins_at_506	1833.a3m	166.7
G_ins_at_157	1834.a3m	84.5435
A_ins_at_350	1835.a3m	116.565
C_ins_at_48	1836.a3m	31.239
G_ins_at_101	1837.a3m	71.7822
A_ins_at_353	1838.a3m	62.1635
A_ins_at_487	1839.a3m	164.173
C_ins_at_305	183.a3m	62.4771
C_ins_at_456	1840.a3m	173.451
A_ins_at_522	1841.a3m	180.004
G_ins_at_20	1842.a3m	26.8813
G_ins_at_211	1843.a3m	73.412
C_ins_at_437	1844.a3m	176.577
A_ins_at_254	1845.a3m	101.426
G_ins_at_55	1846.a3m	30.1052
T_ins_at_77	1847.a3m	76.9497
A_ins_at_449	1848.a3m	164.475
G_ins_at_470	1849.a3m	165.784
T_ins_at_542	184.a3m	176.569
C_ins_at_184	1850.a3m	65.49
G_ins_at_438	1851.a3m	172.931
T_ins_at_104	1852.a3m	62.7427
A_ins_at_20	1853.a3m	21.9077
T_ins_at_59	1854.a3m	25.9473
T_ins_at_319	1855.a3m	57.7253
T_ins_at_423	1856.a3m	87.0137
A_ins_at_484	1857.a3m	165.181
G_ins_at_179	1858.a3m	59.7042
T_ins_at_509	1859.a3m	174.64
C_ins_at_247	185.a3m	108.689
T_ins_at_244	1860.a3m	113.413
C_ins_at_502	1861.a3m	186.133
C_ins_at_419	1862.a3m	85.0269
G_ins_at_502	1863.a3m	180.337
C_ins_at_300	1864.a3m	56.7117
T_ins_at_326	1865.a3m	61.5878
A_ins_at_492	1866.a3m	173.472
C_ins_at_406	1867.a3m	82.0524
G_ins_at_11	1868.a3m	5.97074
A_ins_at_374	1869.a3m	104.671
G_ins_at_191	186.a3m	62.404
G_ins_at_424	1870.a3m	82.1414
C_ins_at_136	1871.a3m	63.82
A_ins_at_465	1872.a3m	180.946
C_ins_at_453	1873.a3m	160.957
G_ins_at_9	1874.a3m	26.7441
T_ins_at_135	1875.a3m	59.2744
T_ins_at_200	1876.a3m	62.1838
C_ins_at_131	1877.a3m	67.3745
C_ins_at_251	1878.a3m	109.631
T_ins_at_434	1879.a3m	85.8472
T_ins_at_468	187.a3m	184.603
G_ins_at_545	1880.a3m	176.425
G_ins_at_492	1881.a3m	173.508
C_ins_at_524	1882.a3m	165.717
G_ins_at_45	1883.a3m	27.674
G_ins_at_453	1884.a3m	164.637
T_ins_at_32	1885.a3m	25.6429
C_ins_at_526	1886.a3m	163.564
A_ins_at_431	1887.a3m	84.4171
T_ins_at_30	1888.a3m	26.4301
G_ins_at_496	1889.a3m	165.756
C_ins_at_543	188.a3m	171.981
G_ins_at_385	1890.a3m	92.5989
G_ins_at_292	1891.a3m	57.299
A_ins_at_347	1892.a3m	61.4956
C_ins_at_266	1893.a3m	102.318
A_ins_at_166	1894.a3m	99.2245
A_ins_at_545	1895.a3m	168.559
T_ins_at_48	1896.a3m	31.4342
T_ins_at_281	1897.a3m	71.0937
G_ins_at_271	1898.a3m	99.0499
C_ins_at_263	1899.a3m	106.603
T_ins_at_415	189.a3m	74.9502
A_ins_at_267	18.a3m	90.2464
C_ins_at_63	1900.a3m	28.4235
A_ins_at_319	1901.a3m	58.7519
T_ins_at_240	1902.a3m	109.077
G_ins_at_244	1903.a3m	116.94
T_ins_at_347	1904.a3m	128.521
A_ins_at_402	1905.a3m	82.3146
G_ins_at_487	1906.a3m	167.977
G_ins_at_444	1907.a3m	161.652
C_ins_at_420	1908.a3m	91.182
T_ins_at_114	1909.a3m	75.0661
C_ins_at_186	190.a3m	57.9326
C_ins_at_172	1910.a3m	60.2894
A_ins_at_280	1911.a3m	83.0899
G_ins_at_449	1912.a3m	147.806
G_ins_at_393	1913.a3m	78.0303
C_ins_at_357	1914.a3m	104.637
T_ins_at_101	1915.a3m	79.7352
C_ins_at_123	1916.a3m	67.1951
A_ins_at_86	1917.a3m	77.3291
C_ins_at_378	1918.a3m	110.093
T_ins_at_169	1919.a3m	82.9364
G_ins_at_266	191.a3m	91.1702
T_ins_at_150	1920.a3m	71.8923
C_ins_at_534	1921.a3m	177.416
C_ins_at_249	1922.a3m	111.422
G_ins_at_50	1923.a3m	33.183
G_ins_at_517	1924.a3m	175.055
T_ins_at_115	1925.a3m	59.6051
T_ins_at_206	1926.a3m	82.1788
T_ins_at_270	1927.a3m	102.582
G_ins_at_458	1928.a3m	168.387
A_ins_at_505	1929.a3m	174.866
G_ins_at_354	192.a3m	111.582
G_ins_at_501	1930.a3m	175.02
A_ins_at_349	1931.a3m	138.878
C_ins_at_155	1932.a3m	71.4144
C_ins_at_546	1933.a3m	174.169
C_ins_at_144	1934.a3m	61.0909
G_ins_at_549	1935.a3m	157.012
T_ins_at_282	1936.a3m	92.4093
C_ins_at_130	1937.a3m	68.0645
T_ins_at_377	1938.a3m	109.105
T_ins_at_44	1939.a3m	35.8411
G_ins_at_347	193.a3m	119.759
T_ins_at_274	1940.a3m	97.6757
C_ins_at_225	1941.a3m	63.1377
C_ins_at_458	1942.a3m	168.272
C_ins_at_59	1943.a3m	32.4975
T_ins_at_210	1944.a3m	67.0715
C_ins_at_402	1945.a3m	81.6189
T_ins_at_476	1946.a3m	174.19
A_ins_at_458	1947.a3m	158.866
G_ins_at_336	1948.a3m	141.371
G_ins_at_216	1949.a3m	73.9863
C_ins_at_216	194.a3m	72.0996
T_ins_at_52	1950.a3m	30.3283
A_ins_at_440	1951.a3m	145.126
G_ins_at_360	1952.a3m	98.5123
C_ins_at_428	1953.a3m	85.7441
T_ins_at_483	1954.a3m	167.18
C_ins_at_379	1955.a3m	99.3448
G_ins_at_351	1956.a3m	119.94
A_ins_at_416	1957.a3m	82.8265
C_ins_at_45	1958.a3m	30.4061
G_ins_at_408	1959.a3m	81.6958
A_ins_at_203	195.a3m	59.0857
C_ins_at_455	1960.a3m	163.061
G_ins_at_447	1961.a3m	178.553
T_ins_at_34	1962.a3m	10.7369
T_ins_at_304	1963.a3m	61.8419
T_ins_at_108	1964.a3m	66.5777
T_ins_at_394	1965.a3m	73.3887
A_ins_at_151	1966.a3m	93.6935
A_ins_at_185	1967.a3m	57.2629
C_ins_at_62	1968.a3m	26.6643
A_ins_at_313	1969.a3m	59.3698
C_ins_at_327	196.a3m	58.8853
G_ins_at_84	1970.a3m	76.2941
T_ins_at_182	1971.a3m	53.6191
A_ins_at_266	1972.a3m	103.745
A_ins_at_215	1973.a3m	73.3025
G_ins_at_237	1974.a3m	56.7896
A_ins_at_75	1975.a3m	35.7655
G_ins_at_471	1976.a3m	166.43
C_ins_at_481	1977.a3m	143.677
G_ins_at_519	1978.a3m	184.287
G_ins_at_380	1979.a3m	98.1149
C_ins_at_536	197.a3m	167.659
C_ins_at_150	1980.a3m	74.4441
A_ins_at_474	1981.a3m	169.824
A_ins_at_412	1982.a3m	83.275
G_ins_at_521	1983.a3m	167.898
C_ins_at_86	1984.a3m	76.806
A_ins_at_363	1985.a3m	114.708
T_ins_at_26	1986.a3m	29.5379
C_ins_at_152	1987.a3m	75.5915
C_ins_at_362	1988.a3m	98.9639
T_ins_at_137	1989.a3m	63.7615
C_ins_at_240	198.a3m	111.681
G_ins_at_230	1990.a3m	56.5312
C_ins_at_32	1991.a3m	25.7752
T_ins_at_382	1992.a3m	67.3744
G_ins_at_293	1993.a3m	64.2494
T_ins_at_311	1994.a3m	59.2554
C_ins_at_369	1995.a3m	95.9554
A_ins_at_404	1996.a3m	80.782
A_ins_at_365	1997.a3m	101.147
A_ins_at_28	1998.a3m	26.713
C_ins_at_330	1999.a3m	64.7802
T_ins_at_283	199.a3m	88.5315
G_ins_at_80	19.a3m	73.1718
C_ins_at_27	1.a3m	28.0096
C_ins_at_214	2000.a3m	71.7744
C_ins_at_523	2001.a3m	181.887
T_ins_at_318	2002.a3m	57.755
A_ins_at_131	2003.a3m	65.9852
G_ins_at_461	2004.a3m	162.412
T_ins_at_80	2005.a3m	80.9816
C_ins_at_294	2006.a3m	63.1751
C_ins_at_115	2007.a3m	74.1007
G_ins_at_260	2008.a3m	111.934
T_ins_at_144	2009.a3m	59.077
A_ins_at_214	200.a3m	73.6307
A_ins_at_132	2010.a3m	69.4614
C_ins_at_313	2011.a3m	60.277
T_ins_at_229	2012.a3m	60.2005
T_ins_at_465	2013.a3m	182.369
T_ins_at_412	2014.a3m	84.4254
G_ins_at_22	2015.a3m	26.9558
T_ins_at_338	2016.a3m	118.991
G_ins_at_283	2017.a3m	93.5605
G_ins_at_307	2018.a3m	58.4787
G_ins_at_289	2019.a3m	67.7948
A_ins_at_157	201.a3m	75.6869
C_ins_at_396	2020.a3m	88.2305
C_ins_at_117	2021.a3m	62.5854
C_ins_at_436	2022.a3m	156.283
T_ins_at_393	2023.a3m	79.0651
A_ins_at_272	2024.a3m	101.623
G_ins_at_348	2025.a3m	120.862
A_ins_at_83	2026.a3m	73.5654
C_ins_at_317	2027.a3m	65.6417
T_ins_at_497	2028.a3m	172.47
G_ins_at_463	2029.a3m	171.691
G_ins_at_52	202.a3m	32.2589
G_ins_at_543	2030.a3m	167.33
C_ins_at_138	2031.a3m	67.0792
C_ins_at_129	2032.a3m	71.8181
T_ins_at_544	2033.a3m	170.983
G_ins_at_287	2034.a3m	65.2379
G_ins_at_111	2035.a3m	64.2595
T_ins_at_306	2036.a3m	64.3252
G_ins_at_379	2037.a3m	97.7743
T_ins_at_170	2038.a3m	74.7976
A_ins_at_398	2039.a3m	84.8077
C_ins_at_325	203.a3m	55.1409
A_ins_at_283	2040.a3m	88.2585
T_ins_at_85	2041.a3m	81.0509
T_ins_at_252	2042.a3m	105.706
A_ins_at_508	2043.a3m	166.45
C_ins_at_533	2044.a3m	177.386
G_ins_at_363	2045.a3m	111.019
G_ins_at_538	2046.a3m	160.15
G_ins_at_175	2047.a3m	67.4524
T_ins_at_279	2048.a3m	82.2516
A_ins_at_544	2049.a3m	163.367
C_ins_at_477	204.a3m	162.389
G_ins_at_369	2050.a3m	100.713
T_ins_at_246	2051.a3m	103.953
A_ins_at_97	2052.a3m	73.2134
T_ins_at_17	2053.a3m	26.8132
G_ins_at_229	2054.a3m	62.4336
C_ins_at_179	2055.a3m	52.9937
T_ins_at_181	2056.a3m	53.5405
G_ins_at_426	2057.a3m	86.7892
C_ins_at_161	2058.a3m	80.9383
A_ins_at_364	2059.a3m	113.449
G_ins_at_491	205.a3m	167
A_ins_at_430	2060.a3m	85.8371
G_ins_at_466	2061.a3m	178.745
A_ins_at_155	2062.a3m	78.931
G_ins_at_459	2063.a3m	168.953
T_ins_at_359	2064.a3m	100.493
T_ins_at_213	2065.a3m	72.263
T_ins_at_484	2066.a3m	114.321
G_ins_at_41	2067.a3m	23.1369
T_ins_at_432	2068.a3m	89.6015
T_ins_at_474	2069.a3m	176.979
T_ins_at_450	206.a3m	160.966
G_ins_at_414	2070.a3m	84.1486
G_ins_at_234	2071.a3m	60.2136
A_ins_at_289	2072.a3m	63.494
C_ins_at_52	2073.a3m	23.5221
C_ins_at_10	2074.a3m	22.5356
G_ins_at_26	2075.a3m	29.4991
C_ins_at_393	2076.a3m	79.3867
G_ins_at_40	2077.a3m	23.0421
C_ins_at_100	2078.a3m	75.0408
T_ins_at_464	2079.a3m	161.824
T_ins_at_467	207.a3m	164.051
C_ins_at_386	2080.a3m	92.8834
T_ins_at_120	2081.a3m	69.5961
A_ins_at_190	2082.a3m	56.2634
A_ins_at_344	2083.a3m	117.758
T_ins_at_457	2084.a3m	146.269
A_ins_at_275	2085.a3m	87.4076
G_ins_at_524	2086.a3m	176.529
T_ins_at_225	2087.a3m	62.6358
T_ins_at_20	2088.a3m	27.1613
A_ins_at_533	2089.a3m	165.893
T_ins_at_98	208.a3m	68.433
A_ins_at_268	2090.a3m	90.78
G_ins_at_94	2091.a3m	71.7427
T_ins_at_177	2092.a3m	55.7544
A_ins_at_119	2093.a3m	63.8324
T_ins_at_273	2094.a3m	101.535
A_ins_at_147	2095.a3m	66.6646
A_ins_at_538	2096.a3m	180.339
C_ins_at_499	2097.a3m	166.351
A_ins_at_73	2098.a3m	36.5553
G_ins_at_251	2099.a3m	107.605
G_ins_at_483	209.a3m	172.827
G_ins_at_247	20.a3m	101.907
G_ins_at_277	2100.a3m	87.8375
A_ins_at_543	2101.a3m	168.996
G_ins_at_231	2102.a3m	59.5915
A_ins_at_415	2103.a3m	87.2727
A_ins_at_448	2104.a3m	151.332
A_ins_at_276	2105.a3m	91.9052
G_ins_at_215	2106.a3m	76.8776
C_ins_at_33	2107.a3m	25.7712
A_ins_at_502	2108.a3m	173.816
A_ins_at_360	2109.a3m	98.1531
C_ins_at_213	210.a3m	72.9598
A_ins_at_436	2110.a3m	170.731
A_ins_at_495	2111.a3m	169.775
G_ins_at_430	2112.a3m	82.6856
G_ins_at_413	2113.a3m	85.148
A_ins_at_445	2114.a3m	162.484
A_ins_at_366	2115.a3m	102.074
C_ins_at_279	2116.a3m	89.9199
A_ins_at_243	2117.a3m	108.716
C_ins_at_323	2118.a3m	62.3689
A_ins_at_35	2119.a3m	28.7731
C_ins_at_326	211.a3m	59.4718
G_ins_at_32	2120.a3m	28.5101
G_ins_at_182	2121.a3m	55.8989
G_ins_at_46	2122.a3m	27.6818
A_ins_at_351	2123.a3m	121.103
A_ins_at_420	2124.a3m	91.4475
G_ins_at_209	2125.a3m	72.7419
C_ins_at_194	2126.a3m	58.2015
A_ins_at_173	2127.a3m	90.1125
T_ins_at_297	2128.a3m	68.626
A_ins_at_306	2129.a3m	63.2479
C_ins_at_177	212.a3m	53.408
C_ins_at_301	2130.a3m	57.0792
G_ins_at_132	2131.a3m	69.0554
C_ins_at_106	2132.a3m	61.1901
C_ins_at_31	2133.a3m	32.1804
T_ins_at_533	2134.a3m	162.924
G_ins_at_13	2135.a3m	20.5434
A_ins_at_187	2136.a3m	54.784
T_ins_at_132	2137.a3m	68.6245
G_ins_at_338	2138.a3m	139.783
C_ins_at_67	2139.a3m	40.7731
G_ins_at_394	213.a3m	81.3194
C_ins_at_87	2140.a3m	83.4432
A_ins_at_512	2141.a3m	173.528
C_ins_at_349	2142.a3m	126.34
C_ins_at_176	2143.a3m	59.8619
C_ins_at_246	2144.a3m	100.419
G_ins_at_183	2145.a3m	56.5124
T_ins_at_84	2146.a3m	78.769
T_ins_at_532	2147.a3m	171.816
C_ins_at_235	2148.a3m	64.3106
C_ins_at_139	2149.a3m	59.7481
A_ins_at_534	214.a3m	178.02
G_ins_at_415	2150.a3m	85.8783
C_ins_at_40	2151.a3m	40.4515
C_ins_at_122	2152.a3m	66.3007
T_ins_at_219	2153.a3m	63.3119
T_ins_at_435	2154.a3m	85.0243
T_ins_at_323	2155.a3m	54.9323
T_ins_at_56	2156.a3m	25.8262
T_ins_at_291	2157.a3m	62.7982
C_ins_at_72	2158.a3m	35.7894
A_ins_at_525	2159.a3m	163.434
C_ins_at_344	215.a3m	112.22
T_ins_at_518	2160.a3m	162.89
G_ins_at_227	2161.a3m	59.7652
A_ins_at_459	2162.a3m	170.248
C_ins_at_383	2163.a3m	86.6129
G_ins_at_391	2164.a3m	85.0764
G_ins_at_51	2165.a3m	32.9792
A_ins_at_205	2166.a3m	69.2804
G_ins_at_381	2167.a3m	86.7342
A_ins_at_31	2168.a3m	26.8793
G_ins_at_228	2169.a3m	58.7812
A_ins_at_22	216.a3m	27.9136
T_ins_at_503	2170.a3m	187.005
C_ins_at_337	2171.a3m	130.966
C_ins_at_315	2172.a3m	55.3532
T_ins_at_3	2173.a3m	23.3973
C_ins_at_407	2174.a3m	82.2011
A_ins_at_260	2175.a3m	102.238
A_ins_at_346	2176.a3m	117.45
G_ins_at_319	2177.a3m	56.5286
T_ins_at_358	2178.a3m	106.383
G_ins_at_143	2179.a3m	59.6631
A_ins_at_32	217.a3m	26.9594
G_ins_at_172	2180.a3m	80.6578
T_ins_at_325	2181.a3m	62.2261
G_ins_at_74	2182.a3m	29.7443
C_ins_at_226	2183.a3m	63.2669
G_ins_at_498	2184.a3m	169.966
A_ins_at_263	2185.a3m	103.938
C_ins_at_394	2186.a3m	77.8584
T_ins_at_197	2187.a3m	60.2626
C_ins_at_450	2188.a3m	158.859
T_ins_at_221	2189.a3m	60.63
A_ins_at_92	218.a3m	75.1476
C_ins_at_309	2190.a3m	57.9196
G_ins_at_219	2191.a3m	61.7859
T_ins_at_62	2192.a3m	25.7996
A_ins_at_549	2193.a3m	161.176
A_ins_at_228	2194.a3m	59.5237
T_ins_at_333	2195.a3m	64.5253
T_ins_at_530	219.a3m	176.673
G_ins_at_327	21.a3m	55.4766
A_ins_at_491	220.a3m	179.711
A_ins_at_325	221.a3m	55.1109
G_ins_at_102	222.a3m	77.294
T_ins_at_404	223.a3m	78.1925
A_ins_at_498	224.a3m	170.738
G_ins_at_395	225.a3m	87.2967
T_ins_at_13	226.a3m	4.16973
G_ins_at_205	227.a3m	76.0385
T_ins_at_199	228.a3m	59.9435
C_ins_at_268	229.a3m	97.4472
G_ins_at_390	22.a3m	92.0093
A_ins_at_253	230.a3m	110.529
A_ins_at_546	231.a3m	170.482
T_ins_at_477	232.a3m	159.359
A_ins_at_392	233.a3m	78.7751
A_ins_at_66	234.a3m	40.8014
A_ins_at_400	235.a3m	82.2893
C_ins_at_25	236.a3m	32.5194
C_ins_at_548	237.a3m	167.321
T_ins_at_208	238.a3m	66.5502
T_ins_at_508	239.a3m	178.75
G_ins_at_282	23.a3m	93.2623
G_ins_at_135	240.a3m	68.5659
A_ins_at_536	241.a3m	168.133
A_ins_at_256	242.a3m	113.464
T_ins_at_481	243.a3m	115.602
A_ins_at_300	244.a3m	60.6183
C_ins_at_229	245.a3m	59.6718
G_ins_at_337	246.a3m	143.966
T_ins_at_157	247.a3m	71.2592
T_ins_at_112	248.a3m	69.486
A_ins_at_40	249.a3m	31.3009
C_ins_at_232	24.a3m	60.342
A_ins_at_337	250.a3m	119.772
A_ins_at_67	251.a3m	42.5185
T_ins_at_2	252.a3m	23.3673
C_ins_at_275	253.a3m	85.212
C_ins_at_174	254.a3m	67.3468
T_ins_at_25	255.a3m	29.8542
C_ins_at_109	256.a3m	66.5621
T_ins_at_396	257.a3m	86.675
T_ins_at_209	258.a3m	68.365
C_ins_at_351	259.a3m	121.111
G_ins_at_437	25.a3m	169.499
C_ins_at_334	260.a3m	138.831
A_ins_at_405	261.a3m	78.691
A_ins_at_3	262.a3m	23.4029
C_ins_at_373	263.a3m	105.81
T_ins_at_233	264.a3m	64.0144
T_ins_at_45	265.a3m	31.3486
A_ins_at_409	266.a3m	83.7055
A_ins_at_302	267.a3m	61.5949
G_ins_at_341	268.a3m	123.04
T_ins_at_152	269.a3m	79.8182
A_ins_at_506	26.a3m	169.317
A_ins_at_223	270.a3m	60.0976
A_ins_at_145	271.a3m	73.3372
G_ins_at_155	272.a3m	82.2669
T_ins_at_27	273.a3m	26.3917
C_ins_at_210	274.a3m	68.5538
C_ins_at_381	275.a3m	100.273
T_ins_at_525	276.a3m	162.527
C_ins_at_392	277.a3m	88.3545
G_ins_at_119	278.a3m	71.5479
C_ins_at_274	279.a3m	98.4339
A_ins_at_94	27.a3m	72.9654
A_ins_at_82	280.a3m	73.7226
T_ins_at_397	281.a3m	73.7986
G_ins_at_456	282.a3m	174.529
C_ins_at_538	283.a3m	168.522
G_ins_at_160	284.a3m	82.8772
G_ins_at_410	285.a3m	77.3997
C_ins_at_405	286.a3m	80.4594
A_ins_at_221	287.a3m	62.015
A_ins_at_79	288.a3m	77.4173
G_ins_at_167	289.a3m	94.2572
C_ins_at_171	28.a3m	75.4227
T_ins_at_4	290.a3m	25.1834
T_ins_at_153	291.a3m	77.2089
G_ins_at_425	292.a3m	87.3846
G_ins_at_129	293.a3m	73.3927
T_ins_at_344	294.a3m	130.004
A_ins_at_331	295.a3m	61.5208
A_ins_at_169	296.a3m	94.158
C_ins_at_443	297.a3m	162.405
C_ins_at_541	298.a3m	168.995
A_ins_at_399	299.a3m	86.5339
A_ins_at_376	29.a3m	99.2874
G_ins_at_462	2.a3m	164.958
C_ins_at_306	300.a3m	62.4181
A_ins_at_343	301.a3m	140.343
A_ins_at_361	302.a3m	110.629
A_ins_at_417	303.a3m	83.6796
C_ins_at_252	304.a3m	105.286
T_ins_at_392	305.a3m	82.2873
T_ins_at_11	306.a3m	22.4638
C_ins_at_355	307.a3m	108.585
C_ins_at_527	308.a3m	166.997
C_ins_at_68	309.a3m	38.4356
C_ins_at_343	30.a3m	115.453
A_ins_at_444	310.a3m	160.925
A_ins_at_141	311.a3m	59.8857
T_ins_at_231	312.a3m	57.9813
T_ins_at_47	313.a3m	28.1399
T_ins_at_519	314.a3m	191.8
G_ins_at_275	315.a3m	105.256
T_ins_at_28	316.a3m	29.9645
A_ins_at_139	317.a3m	60.5758
C_ins_at_46	318.a3m	24.9141
T_ins_at_545	319.a3m	171.29
C_ins_at_352	31.a3m	119.729
G_ins_at_291	320.a3m	62.7179
A_ins_at_74	321.a3m	35.1224
C_ins_at_164	322.a3m	82.8967
T_ins_at_105	323.a3m	64.1927
C_ins_at_444	324.a3m	162.735
T_ins_at_473	325.a3m	187.104
A_ins_at_438	326.a3m	168.23
G_ins_at_533	327.a3m	171.58
G_ins_at_90	328.a3m	72.7464
C_ins_at_43	329.a3m	31.0431
C_ins_at_489	32.a3m	167.351
G_ins_at_133	330.a3m	68.8645
T_ins_at_368	331.a3m	100.802
G_ins_at_403	332.a3m	80.8678
T_ins_at_173	333.a3m	67.2617
C_ins_at_55	334.a3m	23.6322
G_ins_at_130	335.a3m	69.1308
G_ins_at_39	336.a3m	30.7717
A_ins_at_49	337.a3m	27.2924
G_ins_at_279	338.a3m	88.533
T_ins_at_437	339.a3m	163.233
T_ins_at_504	33.a3m	175.47
T_ins_at_230	340.a3m	60.7832
G_ins_at_151	341.a3m	116.69
C_ins_at_537	342.a3m	172.628
G_ins_at_67	343.a3m	37.3786
T_ins_at_386	344.a3m	83.4428
G_ins_at_264	345.a3m	102.462
A_ins_at_152	346.a3m	94.2932
C_ins_at_50	347.a3m	33.8216
A_ins_at_321	348.a3m	56.2552
T_ins_at_92	349.a3m	82.4333
C_ins_at_158	34.a3m	88.1666
A_ins_at_386	350.a3m	89.2705
A_ins_at_202	351.a3m	63.226
G_ins_at_125	352.a3m	76.1046
G_ins_at_344	353.a3m	122.882
A_ins_at_130	354.a3m	66.0887
C_ins_at_201	355.a3m	60.4245
C_ins_at_292	356.a3m	59.2897
T_ins_at_320	357.a3m	55.5177
G_ins_at_436	358.a3m	155.639
T_ins_at_365	359.a3m	108.912
A_ins_at_43	35.a3m	30.9334
A_ins_at_439	360.a3m	163.177
G_ins_at_448	361.a3m	180.251
T_ins_at_506	362.a3m	174.126
T_ins_at_339	363.a3m	119.664
A_ins_at_434	364.a3m	87.1619
C_ins_at_24	365.a3m	24.7152
T_ins_at_360	366.a3m	95.7776
G_ins_at_48	367.a3m	31.0304
G_ins_at_540	368.a3m	169.401
T_ins_at_83	369.a3m	70.5226
C_ins_at_507	36.a3m	173.471
C_ins_at_238	370.a3m	110.472
G_ins_at_359	371.a3m	99.3779
A_ins_at_451	372.a3m	164.773
A_ins_at_154	373.a3m	79.7879
T_ins_at_158	374.a3m	71.8917
C_ins_at_34	375.a3m	24.5258
T_ins_at_149	376.a3m	90.2322
C_ins_at_544	377.a3m	172.504
C_ins_at_426	378.a3m	88.8669
C_ins_at_347	379.a3m	120.359
A_ins_at_128	37.a3m	61.6734
A_ins_at_216	380.a3m	74.2395
T_ins_at_74	381.a3m	37.9059
G_ins_at_161	382.a3m	84.2088
A_ins_at_293	383.a3m	62.2258
G_ins_at_259	384.a3m	95.3511
A_ins_at_165	385.a3m	77.4451
T_ins_at_159	386.a3m	71.8946
A_ins_at_377	387.a3m	97.4359
T_ins_at_387	388.a3m	94.9348
A_ins_at_246	389.a3m	102.464
G_ins_at_238	38.a3m	108.313
G_ins_at_308	390.a3m	58.6941
G_ins_at_278	391.a3m	87.4941
G_ins_at_387	392.a3m	86.3372
C_ins_at_180	393.a3m	52.9626
G_ins_at_110	394.a3m	65.155
A_ins_at_312	395.a3m	56.98
A_ins_at_64	396.a3m	29.2503
G_ins_at_303	397.a3m	66.6205
T_ins_at_165	398.a3m	85.5321
G_ins_at_302	399.a3m	62.2371
A_ins_at_287	39.a3m	68.4563
T_ins_at_448	3.a3m	150.018
G_ins_at_139	400.a3m	52.6104
T_ins_at_309	401.a3m	57.7433
A_ins_at_489	402.a3m	168.193
A_ins_at_186	403.a3m	58.7415
G_ins_at_433	404.a3m	80.3255
G_ins_at_405	405.a3m	77.6425
G_ins_at_81	406.a3m	79.6088
A_ins_at_500	407.a3m	170.975
G_ins_at_42	408.a3m	32.2593
T_ins_at_103	409.a3m	63.5372
G_ins_at_92	40.a3m	77.3448
T_ins_at_531	410.a3m	175.3
A_ins_at_70	411.a3m	41.9033
C_ins_at_200	412.a3m	63.5251
T_ins_at_389	413.a3m	90.3098
C_ins_at_187	414.a3m	57.0468
T_ins_at_284	415.a3m	64.3332
T_ins_at_260	416.a3m	112.582
C_ins_at_484	417.a3m	182.802
G_ins_at_31	418.a3m	24.6398
T_ins_at_42	419.a3m	32.275
A_ins_at_339	41.a3m	117.941
C_ins_at_101	420.a3m	74.6441
G_ins_at_314	421.a3m	61.463
G_ins_at_27	422.a3m	31.4251
G_ins_at_104	423.a3m	63.8322
G_ins_at_268	424.a3m	90.7838
A_ins_at_269	425.a3m	94.2584
T_ins_at_134	426.a3m	56.7971
G_ins_at_173	427.a3m	75.374
G_ins_at_5	428.a3m	25.633
T_ins_at_399	429.a3m	84.1722
G_ins_at_468	42.a3m	191.19
C_ins_at_11	430.a3m	19.9642
A_ins_at_39	431.a3m	30.851
T_ins_at_8	432.a3m	22.5039
A_ins_at_238	433.a3m	104.94
A_ins_at_443	434.a3m	164.792
T_ins_at_374	435.a3m	104.085
A_ins_at_200	436.a3m	62.4344
G_ins_at_469	437.a3m	177.199
G_ins_at_362	438.a3m	115.871
G_ins_at_171	439.a3m	75.465
T_ins_at_520	43.a3m	176.713
G_ins_at_399	440.a3m	84.7848
A_ins_at_143	441.a3m	68.2047
A_ins_at_427	442.a3m	88.261
T_ins_at_155	443.a3m	83.7327
A_ins_at_528	444.a3m	179.44
A_ins_at_391	445.a3m	78.3597
T_ins_at_416	446.a3m	84.1319
C_ins_at_388	447.a3m	92.4172
T_ins_at_220	448.a3m	70.8624
A_ins_at_138	449.a3m	66.6691
C_ins_at_167	44.a3m	86.3936
C_ins_at_514	450.a3m	178.166
T_ins_at_127	451.a3m	57.6116
T_ins_at_378	452.a3m	112.478
G_ins_at_242	453.a3m	107.121
C_ins_at_47	454.a3m	24.9029
C_ins_at_518	455.a3m	177.712
G_ins_at_14	456.a3m	26.3207
C_ins_at_37	457.a3m	27.9405
A_ins_at_218	458.a3m	69.1173
T_ins_at_366	459.a3m	119.373
G_ins_at_485	45.a3m	185.699
A_ins_at_206	460.a3m	75.8163
T_ins_at_251	461.a3m	104.936
T_ins_at_521	462.a3m	166.532
G_ins_at_442	463.a3m	162.733
T_ins_at_431	464.a3m	86.1811
T_ins_at_241	465.a3m	61.2249
A_ins_at_34	466.a3m	24.503
G_ins_at_239	467.a3m	109.924
A_ins_at_526	468.a3m	169.355
G_ins_at_193	469.a3m	63.5182
A_ins_at_96	46.a3m	82.0064
C_ins_at_151	470.a3m	84.9961
G_ins_at_261	471.a3m	99.8041
G_ins_at_214	472.a3m	70.143
G_ins_at_166	473.a3m	87.9313
G_ins_at_43	474.a3m	32.2998
C_ins_at_395	475.a3m	83.3377
T_ins_at_124	476.a3m	66.8874
C_ins_at_198	477.a3m	60.302
T_ins_at_460	478.a3m	97.971
A_ins_at_208	479.a3m	65.0483
C_ins_at_299	47.a3m	66.9286
C_ins_at_361	480.a3m	105.9
C_ins_at_368	481.a3m	119.189
C_ins_at_193	482.a3m	57.1206
G_ins_at_198	483.a3m	60.1089
G_ins_at_246	484.a3m	103.167
T_ins_at_121	485.a3m	45.9852
A_ins_at_189	486.a3m	57.0131
C_ins_at_380	487.a3m	98.4529
T_ins_at_354	488.a3m	122.078
C_ins_at_322	489.a3m	62.0404
T_ins_at_1	48.a3m	27.2694
C_ins_at_23	490.a3m	20.4782
C_ins_at_22	491.a3m	20.4536
G_ins_at_245	492.a3m	107.185
T_ins_at_331	493.a3m	64.5763
C_ins_at_146	494.a3m	73.0887
A_ins_at_188	495.a3m	59.5797
C_ins_at_324	496.a3m	62.3951
T_ins_at_327	497.a3m	59.5404
T_ins_at_215	498.a3m	70.5369
T_ins_at_82	499.a3m	80.1643
G_ins_at_21	49.a3m	27.8325
G_ins_at_305	4.a3m	62.5247
A_ins_at_259	500.a3m	102.348
T_ins_at_469	501.a3m	186.483
T_ins_at_452	502.a3m	166.35
G_ins_at_249	503.a3m	106.392
T_ins_at_55	504.a3m	32.536
T_ins_at_12	505.a3m	26.9852
A_ins_at_379	506.a3m	102.724
A_ins_at_1	507.a3m	28.1244
G_ins_at_432	508.a3m	88.2958
T_ins_at_290	509.a3m	59.998
A_ins_at_233	50.a3m	62.6395
T_ins_at_502	510.a3m	186.584
C_ins_at_376	511.a3m	99.0884
A_ins_at_69	512.a3m	33.2774
G_ins_at_199	513.a3m	60.2986
A_ins_at_24	514.a3m	27.5612
C_ins_at_486	515.a3m	162.551
A_ins_at_504	516.a3m	124.585
C_ins_at_265	517.a3m	103.413
G_ins_at_409	518.a3m	82.8238
C_ins_at_36	519.a3m	29.3197
C_ins_at_365	51.a3m	105.14
C_ins_at_271	520.a3m	94.0837
A_ins_at_437	521.a3m	171.717
G_ins_at_106	522.a3m	68.7517
T_ins_at_75	523.a3m	39.1244
G_ins_at_150	524.a3m	95.9252
T_ins_at_501	525.a3m	173.38
C_ins_at_148	526.a3m	79.1176
A_ins_at_432	527.a3m	92.1538
C_ins_at_30	528.a3m	26.7737
C_ins_at_60	529.a3m	30.2244
A_ins_at_248	52.a3m	63.8544
C_ins_at_80	530.a3m	88.0647
T_ins_at_523	531.a3m	178.535
A_ins_at_482	532.a3m	175.887
C_ins_at_207	533.a3m	67.1843
C_ins_at_413	534.a3m	80.6507
A_ins_at_30	535.a3m	26.4418
T_ins_at_352	536.a3m	120.676
G_ins_at_392	537.a3m	79.2545
C_ins_at_304	538.a3m	66.4794
C_ins_at_398	539.a3m	83.704
T_ins_at_372	53.a3m	104.976
T_ins_at_495	540.a3m	171.687
G_ins_at_356	541.a3m	114.732
C_ins_at_71	542.a3m	37.3786
T_ins_at_10	543.a3m	22.5513
T_ins_at_66	544.a3m	40.5626
T_ins_at_517	545.a3m	143.069
A_ins_at_194	546.a3m	58.6464
T_ins_at_351	547.a3m	118.983
G_ins_at_71	548.a3m	42.4707
G_ins_at_72	549.a3m	36.0689
C_ins_at_8	54.a3m	25.469
T_ins_at_190	550.a3m	55.668
A_ins_at_467	551.a3m	166.043
T_ins_at_235	552.a3m	62.4987
A_ins_at_452	553.a3m	161.856
T_ins_at_267	554.a3m	92.5156
T_ins_at_313	555.a3m	57.8375
C_ins_at_215	556.a3m	73.5492
G_ins_at_178	557.a3m	54.1377
C_ins_at_75	558.a3m	36.9638
T_ins_at_68	559.a3m	40.357
C_ins_at_427	55.a3m	86.9338
A_ins_at_307	560.a3m	66.883
C_ins_at_463	561.a3m	176.85
T_ins_at_141	562.a3m	67.0868
A_ins_at_56	563.a3m	28.838
A_ins_at_330	564.a3m	59.1456
T_ins_at_422	565.a3m	94.0542
T_ins_at_376	566.a3m	65.0824
G_ins_at_185	567.a3m	57.1258
C_ins_at_470	568.a3m	168.841
T_ins_at_395	569.a3m	86.0316
T_ins_at_234	56.a3m	63.2709
T_ins_at_217	570.a3m	63.3386
C_ins_at_387	571.a3m	94.5867
G_ins_at_188	572.a3m	54.6938
T_ins_at_178	573.a3m	59.6027
C_ins_at_261	574.a3m	107.846
T_ins_at_133	575.a3m	63.9197
C_ins_at_170	576.a3m	76.0344
T_ins_at_126	577.a3m	66.4707
T_ins_at_383	578.a3m	93.7789
A_ins_at_441	579.a3m	160.851
T_ins_at_107	57.a3m	66.3465
A_ins_at_38	580.a3m	31.5437
T_ins_at_480	581.a3m	167.236
T_ins_at_194	582.a3m	66.5184
T_ins_at_401	583.a3m	94.5099
A_ins_at_435	584.a3m	83.339
G_ins_at_213	585.a3m	73.1083
A_ins_at_250	586.a3m	115.496
G_ins_at_321	587.a3m	57.4854
A_ins_at_229	588.a3m	61.3127
A_ins_at_225	589.a3m	64.8353
C_ins_at_348	58.a3m	119.31
G_ins_at_189	590.a3m	56.7214
G_ins_at_324	591.a3m	63.6435
C_ins_at_73	592.a3m	35.9838
G_ins_at_377	593.a3m	106.883
T_ins_at_492	594.a3m	169.868
T_ins_at_183	595.a3m	58.7798
A_ins_at_473	596.a3m	171.475
T_ins_at_164	597.a3m	74.2878
A_ins_at_456	598.a3m	171.721
T_ins_at_371	599.a3m	94.8632
G_ins_at_64	59.a3m	35.0156
G_ins_at_156	5.a3m	71.5917
A_ins_at_418	600.a3m	85.435
T_ins_at_117	601.a3m	64.2956
G_ins_at_66	602.a3m	40.3868
A_ins_at_480	603.a3m	159.168
A_ins_at_385	604.a3m	88.2778
A_ins_at_135	605.a3m	68.0592
A_ins_at_274	606.a3m	88.4526
A_ins_at_527	607.a3m	170.891
G_ins_at_112	608.a3m	69.2222
T_ins_at_541	609.a3m	161.757
C_ins_at_259	60.a3m	104.107
T_ins_at_22	610.a3m	35.6753
A_ins_at_116	611.a3m	68.6505
C_ins_at_479	612.a3m	161.435
A_ins_at_373	613.a3m	104.623
A_ins_at_196	614.a3m	61.3883
G_ins_at_479	615.a3m	174.002
C_ins_at_20	616.a3m	27.4757
A_ins_at_209	617.a3m	62.0374
G_ins_at_186	618.a3m	57.951
A_ins_at_426	619.a3m	88.697
A_ins_at_387	61.a3m	88.8171
T_ins_at_529	620.a3m	171.24
C_ins_at_97	621.a3m	66.0654
C_ins_at_262	622.a3m	106.468
A_ins_at_519	623.a3m	183.031
C_ins_at_303	624.a3m	68.5728
C_ins_at_410	625.a3m	75.459
C_ins_at_281	626.a3m	89.004
T_ins_at_288	627.a3m	79.287
T_ins_at_472	628.a3m	170.121
G_ins_at_37	629.a3m	28.7943
A_ins_at_485	62.a3m	161.348
C_ins_at_435	630.a3m	84.1441
T_ins_at_510	631.a3m	165.548
A_ins_at_87	632.a3m	84.1703
T_ins_at_147	633.a3m	78.3941
G_ins_at_499	634.a3m	166.316
A_ins_at_90	635.a3m	72.7884
T_ins_at_205	636.a3m	54.882
T_ins_at_138	637.a3m	67.239
T_ins_at_257	638.a3m	109.615
T_ins_at_440	639.a3m	166.213
G_ins_at_329	63.a3m	61.0634
G_ins_at_123	640.a3m	72.4793
T_ins_at_119	641.a3m	71.0307
A_ins_at_423	642.a3m	88.8645
G_ins_at_44	643.a3m	27.7169
T_ins_at_36	644.a3m	30.5204
G_ins_at_197	645.a3m	58.6686
A_ins_at_542	646.a3m	166.935
T_ins_at_73	647.a3m	42.1803
A_ins_at_290	648.a3m	63.1411
A_ins_at_291	649.a3m	62.8755
G_ins_at_523	64.a3m	175.993
T_ins_at_202	650.a3m	66.0867
A_ins_at_60	651.a3m	34.106
G_ins_at_25	652.a3m	27.907
C_ins_at_228	653.a3m	59.791
C_ins_at_288	654.a3m	79.8159
A_ins_at_424	655.a3m	88.6011
A_ins_at_342	656.a3m	125.826
A_ins_at_112	657.a3m	63.8052
A_ins_at_80	658.a3m	79.7784
G_ins_at_429	659.a3m	80.6717
G_ins_at_53	65.a3m	35.1303
G_ins_at_206	660.a3m	76.4672
A_ins_at_245	661.a3m	124.966
G_ins_at_465	662.a3m	177.693
T_ins_at_19	663.a3m	27.1409
G_ins_at_36	664.a3m	28.5782
G_ins_at_317	665.a3m	57.4455
A_ins_at_108	666.a3m	66.3477
G_ins_at_285	667.a3m	87.9706
T_ins_at_299	668.a3m	61.2677
G_ins_at_371	669.a3m	108.104
T_ins_at_302	66.a3m	61.2864
G_ins_at_128	670.a3m	72.3604
C_ins_at_446	671.a3m	166.366
A_ins_at_241	672.a3m	109.912
T_ins_at_324	673.a3m	63.2981
A_ins_at_511	674.a3m	176.042
A_ins_at_153	675.a3m	86.5438
A_ins_at_129	676.a3m	71.616
T_ins_at_413	677.a3m	84.6728
A_ins_at_8	678.a3m	21.8391
C_ins_at_137	679.a3m	61.4988
T_ins_at_424	67.a3m	90.0249
C_ins_at_119	680.a3m	76.9084
A_ins_at_144	681.a3m	70.0533
G_ins_at_528	682.a3m	180.268
A_ins_at_115	683.a3m	71.5804
G_ins_at_315	684.a3m	57.9108
C_ins_at_465	685.a3m	179.596
A_ins_at_106	686.a3m	76.0515
G_ins_at_544	687.a3m	172.084
T_ins_at_491	688.a3m	172.156
A_ins_at_161	689.a3m	84.0176
T_ins_at_463	68.a3m	161.961
G_ins_at_422	690.a3m	92.1925
A_ins_at_281	691.a3m	84.4126
C_ins_at_353	692.a3m	110.026
C_ins_at_260	693.a3m	106.295
T_ins_at_54	694.a3m	23.2242
G_ins_at_450	695.a3m	158.203
A_ins_at_540	696.a3m	168.406
A_ins_at_395	697.a3m	86.6409
G_ins_at_402	698.a3m	81.0375
C_ins_at_248	699.a3m	110.954
C_ins_at_98	69.a3m	65.1376
A_ins_at_282	6.a3m	90.1814
G_ins_at_82	700.a3m	78.5789
A_ins_at_125	701.a3m	72.5185
A_ins_at_447	702.a3m	181.953
G_ins_at_509	703.a3m	171.841
A_ins_at_450	704.a3m	163.368
C_ins_at_512	705.a3m	166.921
A_ins_at_393	706.a3m	77.6822
A_ins_at_336	707.a3m	142.95
G_ins_at_475	708.a3m	166.998
C_ins_at_286	709.a3m	64.3532
T_ins_at_187	70.a3m	55.1246
G_ins_at_105	710.a3m	64.3337
T_ins_at_226	711.a3m	65.5125
C_ins_at_475	712.a3m	161.528
T_ins_at_453	713.a3m	158.796
A_ins_at_81	714.a3m	77.3944
A_ins_at_493	715.a3m	172.331
T_ins_at_317	716.a3m	55.4775
C_ins_at_423	717.a3m	86.4304
C_ins_at_254	718.a3m	109.575
C_ins_at_495	719.a3m	170.063
G_ins_at_537	71.a3m	169.539
A_ins_at_370	720.a3m	111.406
C_ins_at_529	721.a3m	177.403
A_ins_at_408	722.a3m	88.1493
C_ins_at_338	723.a3m	119.939
G_ins_at_15	724.a3m	27.4477
C_ins_at_366	725.a3m	120.607
C_ins_at_267	726.a3m	92.0628
T_ins_at_430	727.a3m	79.4762
A_ins_at_273	728.a3m	96.1334
C_ins_at_508	729.a3m	175.704
T_ins_at_9	72.a3m	22.3823
A_ins_at_170	730.a3m	95.0804
T_ins_at_264	731.a3m	101.455
C_ins_at_336	732.a3m	131.003
C_ins_at_132	733.a3m	67.2408
A_ins_at_520	734.a3m	167.749
C_ins_at_159	735.a3m	72.4631
G_ins_at_100	736.a3m	75.8867
C_ins_at_257	737.a3m	105.699
G_ins_at_500	738.a3m	167.548
T_ins_at_466	739.a3m	161.88
G_ins_at_34	73.a3m	25.737
G_ins_at_366	740.a3m	102.168
A_ins_at_25	741.a3m	27.2967
A_ins_at_471	742.a3m	178.891
G_ins_at_349	743.a3m	117.775
C_ins_at_149	744.a3m	76.8216
G_ins_at_412	745.a3m	83.8445
C_ins_at_99	746.a3m	78.6638
C_ins_at_298	747.a3m	64.685
G_ins_at_218	748.a3m	70.4659
A_ins_at_425	749.a3m	88.3821
T_ins_at_316	74.a3m	62.9381
G_ins_at_480	750.a3m	164.216
A_ins_at_61	751.a3m	26.5012
G_ins_at_383	752.a3m	96.7602
A_ins_at_407	753.a3m	77.3531
G_ins_at_407	754.a3m	81.5367
C_ins_at_308	755.a3m	64.693
G_ins_at_503	756.a3m	122.225
T_ins_at_505	757.a3m	173.51
A_ins_at_486	758.a3m	165.846
T_ins_at_116	759.a3m	66.5323
T_ins_at_271	75.a3m	103.058
A_ins_at_71	760.a3m	41.3508
C_ins_at_397	761.a3m	78.7678
G_ins_at_316	762.a3m	57.2433
C_ins_at_85	763.a3m	76.2491
T_ins_at_546	764.a3m	173.575
A_ins_at_271	765.a3m	92.9726
A_ins_at_340	766.a3m	133.789
A_ins_at_530	767.a3m	174.527
A_ins_at_140	768.a3m	50.3746
T_ins_at_471	769.a3m	166.81
C_ins_at_93	76.a3m	72.2894
T_ins_at_24	770.a3m	26.9036
C_ins_at_283	771.a3m	93.343
G_ins_at_273	772.a3m	100.09
A_ins_at_19	773.a3m	25.1835
A_ins_at_468	774.a3m	187.716
A_ins_at_72	775.a3m	35.784
G_ins_at_489	776.a3m	170.251
A_ins_at_469	777.a3m	170.36
T_ins_at_417	778.a3m	88.3212
T_ins_at_349	779.a3m	117.068
G_ins_at_295	77.a3m	65.8746
G_ins_at_19	780.a3m	23.3761
C_ins_at_409	781.a3m	74.8477
T_ins_at_373	782.a3m	98.7013
G_ins_at_83	783.a3m	80.7714
T_ins_at_441	784.a3m	156.646
T_ins_at_122	785.a3m	65.9847
T_ins_at_286	786.a3m	61.1687
C_ins_at_154	787.a3m	79.1805
C_ins_at_517	788.a3m	175.851
T_ins_at_461	789.a3m	163.874
A_ins_at_453	78.a3m	162.305
G_ins_at_8	790.a3m	25.9685
G_ins_at_223	791.a3m	68.199
C_ins_at_390	792.a3m	89.8725
G_ins_at_473	793.a3m	178.601
A_ins_at_524	794.a3m	176.386
A_ins_at_338	795.a3m	130.379
C_ins_at_61	796.a3m	26.0416
T_ins_at_156	797.a3m	71.1033
A_ins_at_224	798.a3m	65.6199
G_ins_at_334	799.a3m	118.93
A_ins_at_13	79.a3m	27.2972
T_ins_at_216	7.a3m	73.4713
A_ins_at_460	800.a3m	178.043
A_ins_at_322	801.a3m	55.9509
T_ins_at_538	802.a3m	149.094
G_ins_at_454	803.a3m	162.06
C_ins_at_297	804.a3m	69.2345
T_ins_at_445	805.a3m	165.573
G_ins_at_515	806.a3m	184.831
A_ins_at_529	807.a3m	175.067
C_ins_at_333	808.a3m	64.305
T_ins_at_391	809.a3m	79.3022
T_ins_at_95	80.a3m	75.2564
C_ins_at_374	810.a3m	99.6649
G_ins_at_495	811.a3m	168.817
T_ins_at_63	812.a3m	28.3555
A_ins_at_134	813.a3m	68.2719
A_ins_at_501	814.a3m	173.475
G_ins_at_457	815.a3m	159.821
A_ins_at_42	816.a3m	32.2481
C_ins_at_425	817.a3m	89.1102
A_ins_at_211	818.a3m	71.0024
A_ins_at_239	819.a3m	105.934
A_ins_at_2	81.a3m	25.6633
C_ins_at_516	820.a3m	174.617
A_ins_at_252	821.a3m	104.793
T_ins_at_446	822.a3m	176.19
G_ins_at_221	823.a3m	61.6354
A_ins_at_356	824.a3m	115.343
C_ins_at_482	825.a3m	146.041
T_ins_at_18	826.a3m	27.6327
T_ins_at_76	827.a3m	36.9342
C_ins_at_492	828.a3m	173.541
C_ins_at_153	829.a3m	73.528
G_ins_at_417	82.a3m	84.4493
C_ins_at_223	830.a3m	60.7026
A_ins_at_488	831.a3m	169.866
T_ins_at_285	832.a3m	64.1846
G_ins_at_345	833.a3m	125.155
C_ins_at_331	834.a3m	65.6435
G_ins_at_134	835.a3m	68.8318
G_ins_at_138	836.a3m	68.3494
C_ins_at_14	837.a3m	25.0136
T_ins_at_97	838.a3m	81.7116
T_ins_at_266	839.a3m	100.259
G_ins_at_400	83.a3m	81.7555
G_ins_at_152	840.a3m	78.6731
A_ins_at_288	841.a3m	78.5888
C_ins_at_90	842.a3m	73.0547
C_ins_at_76	843.a3m	74.3753
G_ins_at_358	844.a3m	97.5546
A_ins_at_181	845.a3m	53.9203
T_ins_at_166	846.a3m	84.2263
A_ins_at_277	847.a3m	92.2585
G_ins_at_332	848.a3m	62.755
G_ins_at_547	849.a3m	176.138
C_ins_at_391	84.a3m	87.6875
C_ins_at_28	850.a3m	29.7892
C_ins_at_500	851.a3m	177.104
G_ins_at_108	852.a3m	63.7333
A_ins_at_345	853.a3m	130.581
A_ins_at_531	854.a3m	179.454
C_ins_at_385	855.a3m	89.8694
C_ins_at_82	856.a3m	69.8327
C_ins_at_276	857.a3m	91.5981
C_ins_at_96	858.a3m	81.7311
T_ins_at_79	859.a3m	40.167
T_ins_at_94	85.a3m	71.8464
A_ins_at_496	860.a3m	177.613
T_ins_at_118	861.a3m	71.8405
T_ins_at_494	862.a3m	149.164
C_ins_at_49	863.a3m	28.399
C_ins_at_493	864.a3m	172.238
A_ins_at_510	865.a3m	166.697
C_ins_at_442	866.a3m	151.319
T_ins_at_35	867.a3m	22.1648
G_ins_at_330	868.a3m	60.8705
C_ins_at_79	869.a3m	77.4576
T_ins_at_421	86.a3m	88.9749
G_ins_at_29	870.a3m	27.5179
G_ins_at_194	871.a3m	61.2597
A_ins_at_58	872.a3m	25.2704
T_ins_at_61	873.a3m	32.4349
G_ins_at_85	874.a3m	77.3401
C_ins_at_272	875.a3m	94.0299
C_ins_at_17	876.a3m	20.6444
T_ins_at_486	877.a3m	159.514
C_ins_at_547	878.a3m	173.417
T_ins_at_242	879.a3m	113.318
C_ins_at_141	87.a3m	66.9672
G_ins_at_472	880.a3m	165.863
A_ins_at_184	881.a3m	65.2103
C_ins_at_473	882.a3m	168.051
C_ins_at_7	883.a3m	28.8932
T_ins_at_336	884.a3m	130.709
A_ins_at_429	885.a3m	81.4268
G_ins_at_382	886.a3m	93.1763
C_ins_at_74	887.a3m	36.1252
G_ins_at_507	888.a3m	163.5
C_ins_at_285	889.a3m	63.9463
C_ins_at_335	88.a3m	117.466
G_ins_at_548	890.a3m	155.781
G_ins_at_318	891.a3m	56.6222
C_ins_at_519	892.a3m	191.955
G_ins_at_384	893.a3m	90.5135
T_ins_at_482	894.a3m	170.326
A_ins_at_162	895.a3m	80.281
G_ins_at_484	896.a3m	169.212
A_ins_at_111	897.a3m	64.7167
A_ins_at_182	898.a3m	56.6672
A_ins_at_414	899.a3m	84.1224
G_ins_at_309	89.a3m	57.3851
A_ins_at_63	8.a3m	35.0831
G_ins_at_401	900.a3m	80.7163
A_ins_at_50	901.a3m	20.4599
G_ins_at_76	902.a3m	69.7832
A_ins_at_297	903.a3m	64.7912
A_ins_at_255	904.a3m	114.103
C_ins_at_54	905.a3m	23.6165
C_ins_at_520	906.a3m	191.869
C_ins_at_70	907.a3m	43.5121
T_ins_at_239	908.a3m	101.942
C_ins_at_160	909.a3m	79.0144
G_ins_at_120	90.a3m	73.155
A_ins_at_117	910.a3m	65.8348
C_ins_at_140	911.a3m	60.6316
A_ins_at_539	912.a3m	171.049
G_ins_at_364	913.a3m	124.793
C_ins_at_157	914.a3m	76.5831
T_ins_at_342	915.a3m	125.597
T_ins_at_224	916.a3m	58.5852
T_ins_at_171	917.a3m	75.4809
T_ins_at_128	918.a3m	62.1445
C_ins_at_211	919.a3m	72.2432
G_ins_at_137	91.a3m	67.6121
T_ins_at_507	920.a3m	174.268
A_ins_at_15	921.a3m	27.4267
T_ins_at_168	922.a3m	83.4927
T_ins_at_364	923.a3m	65.6503
T_ins_at_245	924.a3m	117.694
C_ins_at_340	925.a3m	116.627
A_ins_at_168	926.a3m	95.6881
T_ins_at_527	927.a3m	179.702
A_ins_at_99	928.a3m	72.5347
G_ins_at_86	929.a3m	80.883
T_ins_at_29	92.a3m	26.7756
A_ins_at_466	930.a3m	167.132
G_ins_at_61	931.a3m	42.9808
A_ins_at_462	932.a3m	169.436
A_ins_at_57	933.a3m	28.8502
C_ins_at_280	934.a3m	89.7645
T_ins_at_89	935.a3m	81.0136
A_ins_at_149	936.a3m	79.9585
A_ins_at_237	937.a3m	57.7434
C_ins_at_110	938.a3m	66.4568
C_ins_at_429	939.a3m	81.8235
C_ins_at_192	93.a3m	53.4462
A_ins_at_27	940.a3m	31.3995
G_ins_at_482	941.a3m	173.537
C_ins_at_515	942.a3m	178.404
G_ins_at_546	943.a3m	175.82
C_ins_at_53	944.a3m	23.5314
A_ins_at_428	945.a3m	82.575
T_ins_at_438	946.a3m	182.168
G_ins_at_434	947.a3m	88.3107
T_ins_at_227	948.a3m	53.6237
T_ins_at_162	949.a3m	81.4509
C_ins_at_432	94.a3m	89.4425
T_ins_at_443	950.a3m	142.288
T_ins_at_248	951.a3m	107.826
A_ins_at_199	952.a3m	59.3195
G_ins_at_296	953.a3m	63.2771
G_ins_at_2	954.a3m	21.7824
A_ins_at_201	955.a3m	60.1311
G_ins_at_136	956.a3m	67.9629
C_ins_at_457	957.a3m	174.702
T_ins_at_16	958.a3m	28.0969
A_ins_at_515	959.a3m	173.155
C_ins_at_273	95.a3m	99.1368
C_ins_at_236	960.a3m	59.072
A_ins_at_548	961.a3m	160.311
A_ins_at_242	962.a3m	108.725
C_ins_at_321	963.a3m	57.5254
C_ins_at_127	964.a3m	65.2654
A_ins_at_124	965.a3m	62.4327
T_ins_at_449	966.a3m	161.401
A_ins_at_503	967.a3m	122.896
G_ins_at_195	968.a3m	58.4808
A_ins_at_178	969.a3m	58.4177
A_ins_at_264	96.a3m	101.867
G_ins_at_210	970.a3m	73.0027
C_ins_at_162	971.a3m	82.419
G_ins_at_493	972.a3m	173.13
C_ins_at_451	973.a3m	160.451
A_ins_at_421	974.a3m	86.4141
A_ins_at_419	975.a3m	90.0774
A_ins_at_328	976.a3m	58.4957
G_ins_at_490	977.a3m	159.725
A_ins_at_172	978.a3m	54.7782
T_ins_at_46	979.a3m	30.3045
T_ins_at_195	97.a3m	56.6408
A_ins_at_296	980.a3m	64.3403
G_ins_at_220	981.a3m	62.0254
C_ins_at_320	982.a3m	52.5876
C_ins_at_64	983.a3m	41.3462
A_ins_at_535	984.a3m	169.382
G_ins_at_280	985.a3m	105.842
T_ins_at_407	986.a3m	83.9319
A_ins_at_227	987.a3m	56.8235
C_ins_at_121	988.a3m	62.5669
T_ins_at_534	989.a3m	179.807
T_ins_at_15	98.a3m	27.1666
T_ins_at_462	990.a3m	173.775
A_ins_at_518	991.a3m	180.676
T_ins_at_249	992.a3m	112.113
T_ins_at_418	993.a3m	85.4585
A_ins_at_53	994.a3m	33.8425
C_ins_at_133	995.a3m	69.0444
G_ins_at_320	996.a3m	55.5136
C_ins_at_513	997.a3m	168.669
T_ins_at_93	998.a3m	72.2084
T_ins_at_410	999.a3m	85.0385
A_ins_at_88	99.a3m	81.5324
G_ins_at_290	9.a3m	62.8866
