C_ins_at_169	0.a3m	88.0686
G_ins_at_490	1000.a3m	143.204
A_ins_at_172	1001.a3m	56.287
T_ins_at_46	1002.a3m	32.8767
A_ins_at_296	1003.a3m	64.9145
G_ins_at_220	1004.a3m	62.2313
C_ins_at_320	1005.a3m	55.162
C_ins_at_64	1006.a3m	41.0615
A_ins_at_535	1007.a3m	147.859
G_ins_at_280	1008.a3m	107.512
T_ins_at_407	1009.a3m	83.3558
T_ins_at_15	100.a3m	34.849
A_ins_at_227	1010.a3m	59.2376
C_ins_at_121	1011.a3m	62.7228
T_ins_at_534	1012.a3m	145.738
T_ins_at_462	1013.a3m	149.214
A_ins_at_518	1014.a3m	149.834
T_ins_at_249	1015.a3m	111.398
T_ins_at_556	1016.a3m	150.527
T_ins_at_418	1017.a3m	88.5255
A_ins_at_53	1018.a3m	35.2293
C_ins_at_133	1019.a3m	66.2057
A_ins_at_88	101.a3m	79.2298
G_ins_at_320	1020.a3m	56.0493
C_ins_at_513	1021.a3m	151.408
T_ins_at_93	1022.a3m	71.7991
T_ins_at_410	1023.a3m	88.2866
T_ins_at_429	1024.a3m	81.0904
T_ins_at_363	1025.a3m	101.637
T_ins_at_86	1026.a3m	82.2159
C_ins_at_253	1027.a3m	108.989
C_ins_at_521	1028.a3m	148.663
A_ins_at_207	1029.a3m	77.2353
C_ins_at_411	102.a3m	81.419
A_ins_at_388	1030.a3m	104.707
C_ins_at_433	1031.a3m	90.9057
G_ins_at_323	1032.a3m	62.2277
G_ins_at_326	1033.a3m	60.2723
C_ins_at_91	1034.a3m	71.094
G_ins_at_23	1035.a3m	29.3163
G_ins_at_270	1036.a3m	92.8975
T_ins_at_191	1037.a3m	61.7419
G_ins_at_57	1038.a3m	28.819
T_ins_at_329	1039.a3m	60.9481
G_ins_at_423	103.a3m	86.7152
A_ins_at_36	1040.a3m	28.7531
T_ins_at_49	1041.a3m	30.6086
T_ins_at_353	1042.a3m	120.85
A_ins_at_516	1043.a3m	161.121
A_ins_at_475	1044.a3m	144.233
A_ins_at_411	1045.a3m	81.8507
G_ins_at_77	1046.a3m	74.9003
A_ins_at_195	1047.a3m	58.8497
A_ins_at_142	1048.a3m	54.3762
T_ins_at_409	1049.a3m	86.7562
G_ins_at_113	104.a3m	66.4409
A_ins_at_109	1050.a3m	81.6729
T_ins_at_514	1051.a3m	152.028
G_ins_at_325	1052.a3m	60.9404
T_ins_at_253	1053.a3m	103.717
T_ins_at_58	1054.a3m	34.1452
T_ins_at_490	1055.a3m	150.416
T_ins_at_87	1056.a3m	81.7453
G_ins_at_107	1057.a3m	67.4926
A_ins_at_164	1058.a3m	79.7653
C_ins_at_496	1059.a3m	153.763
T_ins_at_485	105.a3m	145.152
G_ins_at_65	1060.a3m	37.3128
C_ins_at_364	1061.a3m	115.63
T_ins_at_295	1062.a3m	59.7903
T_ins_at_493	1063.a3m	127.675
T_ins_at_161	1064.a3m	74.0633
G_ins_at_148	1065.a3m	75.2467
C_ins_at_399	1066.a3m	82.0488
G_ins_at_467	1067.a3m	132.591
C_ins_at_408	1068.a3m	84.7927
T_ins_at_537	1069.a3m	177.829
A_ins_at_279	106.a3m	90.2984
G_ins_at_525	1070.a3m	144.814
T_ins_at_198	1071.a3m	59.9586
A_ins_at_326	1072.a3m	56.0218
T_ins_at_106	1073.a3m	63.4291
C_ins_at_181	1074.a3m	53.8549
T_ins_at_189	1075.a3m	57.0665
G_ins_at_451	1076.a3m	151.849
G_ins_at_388	1077.a3m	95.7998
G_ins_at_300	1078.a3m	58.69
G_ins_at_181	1079.a3m	54.3647
A_ins_at_9	107.a3m	22.5082
A_ins_at_7	1080.a3m	24.1161
C_ins_at_19	1081.a3m	26.0199
C_ins_at_472	1082.a3m	166.555
C_ins_at_239	1083.a3m	90.5353
C_ins_at_287	1084.a3m	67.2561
T_ins_at_341	1085.a3m	122.891
A_ins_at_180	1086.a3m	54.21
G_ins_at_353	1087.a3m	109.35
T_ins_at_96	1088.a3m	81.67
A_ins_at_329	1089.a3m	58.0211
C_ins_at_319	108.a3m	60.2562
T_ins_at_315	1090.a3m	60.1892
T_ins_at_143	1091.a3m	54.8862
C_ins_at_202	1092.a3m	59.101
T_ins_at_478	1093.a3m	115.32
G_ins_at_263	1094.a3m	105.906
A_ins_at_261	1095.a3m	110.525
C_ins_at_531	1096.a3m	178.888
A_ins_at_46	1097.a3m	33.1586
G_ins_at_232	1098.a3m	62.2381
A_ins_at_91	1099.a3m	71.7486
T_ins_at_367	109.a3m	99.8183
G_ins_at_290	10.a3m	63.6708
G_ins_at_313	1100.a3m	65.4409
A_ins_at_265	1101.a3m	99.9426
T_ins_at_255	1102.a3m	114.831
C_ins_at_422	1103.a3m	87.9061
T_ins_at_293	1104.a3m	62.6464
T_ins_at_433	1105.a3m	84.5585
A_ins_at_95	1106.a3m	74.9518
A_ins_at_193	1107.a3m	57.4643
C_ins_at_195	1108.a3m	56.9321
C_ins_at_56	1109.a3m	23.5267
A_ins_at_521	110.a3m	139.864
A_ins_at_298	1110.a3m	64.8663
T_ins_at_547	1111.a3m	171.199
T_ins_at_428	1112.a3m	80.6178
A_ins_at_100	1113.a3m	65.2415
G_ins_at_476	1114.a3m	138.153
G_ins_at_372	1115.a3m	105.586
T_ins_at_50	1116.a3m	30.5082
T_ins_at_427	1117.a3m	81.4307
G_ins_at_376	1118.a3m	105.129
T_ins_at_243	1119.a3m	118.137
T_ins_at_406	111.a3m	84.1987
G_ins_at_361	1120.a3m	99.752
C_ins_at_142	1121.a3m	52.7183
C_ins_at_342	1122.a3m	126.658
G_ins_at_33	1123.a3m	25.7113
A_ins_at_197	1124.a3m	65.513
G_ins_at_474	1125.a3m	140.608
G_ins_at_346	1126.a3m	115.406
A_ins_at_52	1127.a3m	31.573
G_ins_at_541	1128.a3m	175.297
A_ins_at_110	1129.a3m	83.0091
T_ins_at_111	112.a3m	68.3832
T_ins_at_218	1130.a3m	63.3619
A_ins_at_396	1131.a3m	83.7946
A_ins_at_477	1132.a3m	147.595
C_ins_at_483	1133.a3m	141.276
A_ins_at_210	1134.a3m	62.4938
A_ins_at_107	1135.a3m	86.5957
A_ins_at_464	1136.a3m	153.459
G_ins_at_294	1137.a3m	64.1036
G_ins_at_109	1138.a3m	60.1582
A_ins_at_294	1139.a3m	63.876
G_ins_at_262	113.a3m	103.417
A_ins_at_532	1140.a3m	186.814
T_ins_at_515	1141.a3m	158.06
C_ins_at_491	1142.a3m	138.301
T_ins_at_123	1143.a3m	58.3924
T_ins_at_426	1144.a3m	86.3954
A_ins_at_523	1145.a3m	145.177
G_ins_at_165	1146.a3m	77.5161
T_ins_at_294	1147.a3m	63.2588
T_ins_at_259	1148.a3m	97.5135
G_ins_at_241	1149.a3m	113.162
C_ins_at_445	114.a3m	137.111
G_ins_at_504	1150.a3m	125.714
A_ins_at_118	1151.a3m	69.4948
A_ins_at_401	1152.a3m	78.286
A_ins_at_406	1153.a3m	85.9464
C_ins_at_525	1154.a3m	138.759
G_ins_at_298	1155.a3m	63.8935
T_ins_at_7	1156.a3m	24.0447
C_ins_at_431	1157.a3m	86.8188
T_ins_at_549	1158.a3m	165.729
G_ins_at_126	1159.a3m	68.4434
T_ins_at_276	115.a3m	88.9392
A_ins_at_309	1160.a3m	58.0037
C_ins_at_460	1161.a3m	148.688
G_ins_at_397	1162.a3m	83.1401
A_ins_at_378	1163.a3m	97.3673
T_ins_at_31	1164.a3m	20.6108
T_ins_at_37	1165.a3m	28.8137
A_ins_at_556	1166.a3m	153.732
G_ins_at_333	1167.a3m	65.2892
A_ins_at_513	1168.a3m	150.879
G_ins_at_203	1169.a3m	62.5803
C_ins_at_126	116.a3m	61.9066
G_ins_at_169	1170.a3m	97.6113
G_ins_at_226	1171.a3m	57.6751
A_ins_at_16	1172.a3m	23.1647
C_ins_at_438	1173.a3m	131.818
G_ins_at_335	1174.a3m	117.706
C_ins_at_3	1175.a3m	23.4581
C_ins_at_412	1176.a3m	80.1726
G_ins_at_342	1177.a3m	125.938
G_ins_at_99	1178.a3m	72.6369
T_ins_at_479	1179.a3m	151.892
T_ins_at_5	117.a3m	24.9414
T_ins_at_405	1180.a3m	82.4446
T_ins_at_236	1181.a3m	64.4458
A_ins_at_384	1182.a3m	92.8379
C_ins_at_510	1183.a3m	160.479
A_ins_at_55	1184.a3m	31.5469
C_ins_at_84	1185.a3m	76.4662
T_ins_at_272	1186.a3m	95.6687
C_ins_at_414	1187.a3m	87.1549
G_ins_at_328	1188.a3m	59.2395
A_ins_at_383	1189.a3m	92.7135
A_ins_at_368	118.a3m	111.641
C_ins_at_168	1190.a3m	79.8744
C_ins_at_69	1191.a3m	44.6193
G_ins_at_322	1192.a3m	53.4598
T_ins_at_385	1193.a3m	75.8242
T_ins_at_411	1194.a3m	79.3085
A_ins_at_478	1195.a3m	148.78
A_ins_at_258	1196.a3m	103.751
T_ins_at_40	1197.a3m	30.7413
C_ins_at_539	1198.a3m	147.08
A_ins_at_422	1199.a3m	84.2482
G_ins_at_505	119.a3m	147.946
G_ins_at_212	11.a3m	77.2757
A_ins_at_231	1200.a3m	56.0376
G_ins_at_288	1201.a3m	64.5122
C_ins_at_532	1202.a3m	175.161
C_ins_at_12	1203.a3m	27.063
G_ins_at_253	1204.a3m	116.292
A_ins_at_113	1205.a3m	64.419
C_ins_at_183	1206.a3m	57.4377
A_ins_at_23	1207.a3m	31.416
T_ins_at_160	1208.a3m	71.851
T_ins_at_145	1209.a3m	58.8131
T_ins_at_400	120.a3m	84.4668
A_ins_at_160	1210.a3m	77.7671
C_ins_at_540	1211.a3m	174.37
A_ins_at_220	1212.a3m	66.073
C_ins_at_403	1213.a3m	78.3187
A_ins_at_33	1214.a3m	25.6523
T_ins_at_296	1215.a3m	65.1268
C_ins_at_212	1216.a3m	71.5739
C_ins_at_282	1217.a3m	93.2924
T_ins_at_458	1218.a3m	158.916
G_ins_at_187	1219.a3m	55.4764
T_ins_at_146	121.a3m	73.5027
G_ins_at_478	1220.a3m	153.821
G_ins_at_443	1221.a3m	139.801
G_ins_at_398	1222.a3m	81.2466
T_ins_at_125	1223.a3m	66.1735
C_ins_at_511	1224.a3m	157.586
C_ins_at_307	1225.a3m	67.7657
G_ins_at_140	1226.a3m	54.7775
T_ins_at_444	1227.a3m	143.876
C_ins_at_474	1228.a3m	153.13
G_ins_at_406	1229.a3m	79.2298
G_ins_at_217	122.a3m	73.4353
A_ins_at_104	1230.a3m	61.3069
C_ins_at_18	1231.a3m	27.1469
A_ins_at_413	1232.a3m	84.8879
G_ins_at_54	1233.a3m	23.314
C_ins_at_234	1234.a3m	64.0377
T_ins_at_60	1235.a3m	32.2805
C_ins_at_401	1236.a3m	78.4649
C_ins_at_329	1237.a3m	58.8195
T_ins_at_456	1238.a3m	151.049
T_ins_at_522	1239.a3m	148.192
C_ins_at_16	123.a3m	21.2489
C_ins_at_316	1240.a3m	66.3849
T_ins_at_343	1241.a3m	125.762
A_ins_at_175	1242.a3m	57.7718
T_ins_at_203	1243.a3m	66.8355
A_ins_at_372	1244.a3m	108.362
T_ins_at_277	1245.a3m	89.2744
T_ins_at_258	1246.a3m	104.94
G_ins_at_428	1247.a3m	80.1178
G_ins_at_431	1248.a3m	87.2048
T_ins_at_113	1249.a3m	78.6248
C_ins_at_125	124.a3m	62.5627
G_ins_at_78	1250.a3m	81.4908
T_ins_at_451	1251.a3m	95.2223
C_ins_at_78	1252.a3m	77.6894
T_ins_at_53	1253.a3m	32.943
C_ins_at_124	1254.a3m	66.9155
G_ins_at_532	1255.a3m	180.619
T_ins_at_362	1256.a3m	105.749
G_ins_at_127	1257.a3m	67.223
C_ins_at_476	1258.a3m	147.248
C_ins_at_95	1259.a3m	82.302
A_ins_at_105	125.a3m	62.3452
A_ins_at_77	1260.a3m	84.1796
T_ins_at_539	1261.a3m	171.638
C_ins_at_245	1262.a3m	109.29
A_ins_at_507	1263.a3m	162.827
G_ins_at_4	1264.a3m	25.6668
A_ins_at_457	1265.a3m	143.483
C_ins_at_191	1266.a3m	51.6071
T_ins_at_172	1267.a3m	74.9046
A_ins_at_433	1268.a3m	87.4116
T_ins_at_455	1269.a3m	151.006
C_ins_at_182	126.a3m	55.8864
C_ins_at_447	1270.a3m	138.256
A_ins_at_310	1271.a3m	58.4627
A_ins_at_317	1272.a3m	58.2342
A_ins_at_292	1273.a3m	63.0311
C_ins_at_522	1274.a3m	143.301
C_ins_at_92	1275.a3m	73.6088
A_ins_at_54	1276.a3m	23.4744
C_ins_at_424	1277.a3m	88.1852
G_ins_at_310	1278.a3m	60.8136
C_ins_at_377	1279.a3m	98.5562
T_ins_at_350	127.a3m	111.507
C_ins_at_4	1280.a3m	23.2637
A_ins_at_461	1281.a3m	157.937
A_ins_at_335	1282.a3m	140.222
C_ins_at_219	1283.a3m	62.5461
A_ins_at_358	1284.a3m	99.7793
G_ins_at_56	1285.a3m	28.0146
T_ins_at_307	1286.a3m	63.331
A_ins_at_314	1287.a3m	62.4687
A_ins_at_45	1288.a3m	27.1079
A_ins_at_551	1289.a3m	167.804
T_ins_at_419	128.a3m	87.1949
T_ins_at_69	1290.a3m	44.1512
C_ins_at_58	1291.a3m	35.5978
T_ins_at_439	1292.a3m	155.301
G_ins_at_30	1293.a3m	24.5367
A_ins_at_362	1294.a3m	111.85
A_ins_at_555	1295.a3m	178.174
C_ins_at_145	1296.a3m	73.3937
T_ins_at_388	1297.a3m	97.6509
A_ins_at_355	1298.a3m	121.847
T_ins_at_129	1299.a3m	70.4077
C_ins_at_83	129.a3m	70.6645
A_ins_at_156	12.a3m	69.5062
C_ins_at_372	1300.a3m	106.555
C_ins_at_498	1301.a3m	160.036
G_ins_at_192	1302.a3m	51.618
G_ins_at_370	1303.a3m	101.04
A_ins_at_204	1304.a3m	55.9209
C_ins_at_206	1305.a3m	72.4253
A_ins_at_354	1306.a3m	59.5186
T_ins_at_151	1307.a3m	62.2106
A_ins_at_305	1308.a3m	62.1318
G_ins_at_272	1309.a3m	86.2526
T_ins_at_238	130.a3m	61.8635
T_ins_at_335	1310.a3m	128.766
A_ins_at_324	1311.a3m	62.3902
T_ins_at_361	1312.a3m	60.2308
C_ins_at_188	1313.a3m	57.2768
C_ins_at_77	1314.a3m	83.2549
C_ins_at_314	1315.a3m	60.8256
T_ins_at_154	1316.a3m	92.4422
A_ins_at_59	1317.a3m	37.0786
C_ins_at_466	1318.a3m	154.61
A_ins_at_85	1319.a3m	76.217
A_ins_at_311	131.a3m	57.3671
A_ins_at_47	1320.a3m	31.582
C_ins_at_185	1321.a3m	55.4836
C_ins_at_35	1322.a3m	25.8623
C_ins_at_563	1323.a3m	167.243
A_ins_at_127	1324.a3m	63.9901
G_ins_at_159	1325.a3m	68.1314
G_ins_at_527	1326.a3m	171.197
A_ins_at_14	1327.a3m	27.4233
T_ins_at_237	1328.a3m	61.3409
A_ins_at_552	1329.a3m	180.926
G_ins_at_440	132.a3m	146.205
C_ins_at_359	1330.a3m	97.0271
C_ins_at_291	1331.a3m	62.8046
T_ins_at_381	1332.a3m	98.5634
T_ins_at_321	1333.a3m	56.4024
T_ins_at_81	1334.a3m	78.7288
A_ins_at_278	1335.a3m	90.0504
C_ins_at_264	1336.a3m	106.269
G_ins_at_121	1337.a3m	65.4729
C_ins_at_277	1338.a3m	91.1165
C_ins_at_454	1339.a3m	141.503
A_ins_at_137	133.a3m	67.2273
G_ins_at_418	1340.a3m	82.4194
G_ins_at_233	1341.a3m	67.0179
T_ins_at_557	1342.a3m	156.102
C_ins_at_430	1343.a3m	84.6252
A_ins_at_26	1344.a3m	30.8577
C_ins_at_111	1345.a3m	63.5745
G_ins_at_511	1346.a3m	157.779
C_ins_at_363	1347.a3m	99.3615
T_ins_at_110	1348.a3m	64.7013
C_ins_at_197	1349.a3m	64.4404
C_ins_at_367	134.a3m	119.885
T_ins_at_334	1350.a3m	64.4652
G_ins_at_312	1351.a3m	56.7467
C_ins_at_440	1352.a3m	169.182
G_ins_at_131	1353.a3m	71.5303
A_ins_at_558	1354.a3m	168.71
G_ins_at_200	1355.a3m	59.2369
C_ins_at_2	1356.a3m	23.892
G_ins_at_301	1357.a3m	63.4589
C_ins_at_196	1358.a3m	57.8581
T_ins_at_562	1359.a3m	179.714
G_ins_at_177	135.a3m	55.0753
T_ins_at_459	1360.a3m	149.295
T_ins_at_516	1361.a3m	158.377
C_ins_at_416	1362.a3m	87.7747
T_ins_at_214	1363.a3m	70.3634
G_ins_at_158	1364.a3m	85.8268
A_ins_at_177	1365.a3m	55.144
A_ins_at_68	1366.a3m	34.7389
C_ins_at_227	1367.a3m	61.5239
G_ins_at_154	1368.a3m	71.5166
C_ins_at_1	1369.a3m	25.5718
A_ins_at_5	136.a3m	30.9965
G_ins_at_375	1370.a3m	99.6532
C_ins_at_302	1371.a3m	67.1131
C_ins_at_233	1372.a3m	63.9552
G_ins_at_276	1373.a3m	88.8234
C_ins_at_467	1374.a3m	161.491
G_ins_at_222	1375.a3m	62.5526
A_ins_at_150	1376.a3m	87.9375
G_ins_at_73	1377.a3m	29.7666
T_ins_at_39	1378.a3m	30.7563
G_ins_at_97	1379.a3m	70.5356
G_ins_at_122	137.a3m	59.2579
T_ins_at_314	1380.a3m	59.4098
C_ins_at_107	1381.a3m	64.8737
G_ins_at_62	1382.a3m	45.4753
T_ins_at_109	1383.a3m	79.6627
C_ins_at_345	1384.a3m	130.775
T_ins_at_72	1385.a3m	37.6704
G_ins_at_530	1386.a3m	159.749
A_ins_at_327	1387.a3m	56.2082
C_ins_at_441	1388.a3m	151.01
C_ins_at_561	1389.a3m	167.385
G_ins_at_281	138.a3m	88.8322
C_ins_at_118	1390.a3m	66.578
A_ins_at_284	1391.a3m	89.8587
A_ins_at_78	1392.a3m	79.853
G_ins_at_145	1393.a3m	78.7641
T_ins_at_563	1394.a3m	181.375
C_ins_at_494	1395.a3m	150.436
T_ins_at_498	1396.a3m	156.782
T_ins_at_43	1397.a3m	15.2948
C_ins_at_190	1398.a3m	53.3269
A_ins_at_230	1399.a3m	56.1997
A_ins_at_490	139.a3m	143.102
A_ins_at_174	13.a3m	66.9916
C_ins_at_418	1400.a3m	85.413
G_ins_at_386	1401.a3m	90.4951
C_ins_at_448	1402.a3m	144.322
T_ins_at_211	1403.a3m	68.9104
C_ins_at_332	1404.a3m	60.9321
A_ins_at_234	1405.a3m	63.6367
T_ins_at_524	1406.a3m	144.208
T_ins_at_23	1407.a3m	34.9624
A_ins_at_483	1408.a3m	152.226
G_ins_at_18	1409.a3m	23.3421
T_ins_at_280	140.a3m	96.6735
T_ins_at_300	1410.a3m	57.4551
G_ins_at_526	1411.a3m	172.357
A_ins_at_133	1412.a3m	65.6504
G_ins_at_236	1413.a3m	59.3603
A_ins_at_547	1414.a3m	167.174
T_ins_at_131	1415.a3m	68.8169
C_ins_at_528	1416.a3m	181.616
C_ins_at_452	1417.a3m	147.194
C_ins_at_81	1418.a3m	79.1934
A_ins_at_454	1419.a3m	152.677
C_ins_at_189	141.a3m	57.4062
G_ins_at_269	1420.a3m	94.5726
T_ins_at_488	1421.a3m	153.536
T_ins_at_447	1422.a3m	142.71
G_ins_at_164	1423.a3m	80.3367
G_ins_at_378	1424.a3m	98.2851
C_ins_at_9	1425.a3m	24.3379
A_ins_at_236	1426.a3m	56.5603
G_ins_at_441	1427.a3m	150.28
T_ins_at_254	1428.a3m	113.523
A_ins_at_212	1429.a3m	72.4103
A_ins_at_120	142.a3m	69.9568
C_ins_at_468	1430.a3m	155.637
T_ins_at_256	1431.a3m	101.733
G_ins_at_153	1432.a3m	96.3799
T_ins_at_564	1433.a3m	157.003
C_ins_at_51	1434.a3m	23.6494
C_ins_at_542	1435.a3m	165.52
T_ins_at_536	1436.a3m	168.758
T_ins_at_130	1437.a3m	70.2589
T_ins_at_475	1438.a3m	145.564
G_ins_at_488	1439.a3m	162.159
T_ins_at_196	143.a3m	62.4267
A_ins_at_389	1440.a3m	95.7534
C_ins_at_66	1441.a3m	38.4533
C_ins_at_487	1442.a3m	146.627
C_ins_at_278	1443.a3m	92.9991
G_ins_at_103	1444.a3m	67.8514
C_ins_at_382	1445.a3m	85.9179
G_ins_at_550	1446.a3m	165.875
A_ins_at_51	1447.a3m	20.171
C_ins_at_65	1448.a3m	41.2539
A_ins_at_98	1449.a3m	76.1637
T_ins_at_142	144.a3m	76.1673
T_ins_at_561	1450.a3m	166.122
A_ins_at_299	1451.a3m	59.2882
C_ins_at_255	1452.a3m	113.353
T_ins_at_140	1453.a3m	67.2154
T_ins_at_528	1454.a3m	181.645
C_ins_at_289	1455.a3m	79.0089
T_ins_at_14	1456.a3m	19.2442
T_ins_at_90	1457.a3m	72.0743
A_ins_at_332	1458.a3m	59.3705
C_ins_at_242	1459.a3m	103.741
A_ins_at_541	145.a3m	153.988
G_ins_at_311	1460.a3m	63.0069
T_ins_at_487	1461.a3m	142.103
G_ins_at_174	1462.a3m	67.3267
G_ins_at_267	1463.a3m	90.786
C_ins_at_208	1464.a3m	65.8654
C_ins_at_328	1465.a3m	58.0133
T_ins_at_436	1466.a3m	83.8834
C_ins_at_505	1467.a3m	160.412
C_ins_at_203	1468.a3m	55.2446
G_ins_at_513	1469.a3m	150.094
G_ins_at_265	146.a3m	104.356
G_ins_at_256	1470.a3m	103.364
A_ins_at_359	1471.a3m	103.169
G_ins_at_522	1472.a3m	142.842
A_ins_at_308	1473.a3m	63.0808
T_ins_at_204	1474.a3m	55.1279
G_ins_at_396	1475.a3m	82.2894
G_ins_at_374	1476.a3m	99.8505
C_ins_at_358	1477.a3m	101.097
T_ins_at_67	1478.a3m	40.3991
C_ins_at_480	1479.a3m	134.022
C_ins_at_293	147.a3m	56.2321
C_ins_at_231	1480.a3m	58.8184
T_ins_at_174	1481.a3m	66.6142
T_ins_at_328	1482.a3m	62.9888
T_ins_at_278	1483.a3m	91.8008
A_ins_at_367	1484.a3m	118.417
A_ins_at_89	1485.a3m	74.4154
A_ins_at_114	1486.a3m	78.1412
C_ins_at_312	1487.a3m	57.2334
A_ins_at_561	1488.a3m	166.982
T_ins_at_298	1489.a3m	59.2569
A_ins_at_176	148.a3m	60.883
A_ins_at_334	1490.a3m	138.61
C_ins_at_370	1491.a3m	106.098
G_ins_at_306	1492.a3m	62.1346
C_ins_at_311	1493.a3m	66.3378
C_ins_at_156	1494.a3m	71.903
A_ins_at_247	1495.a3m	121.298
G_ins_at_142	1496.a3m	57.1526
T_ins_at_398	1497.a3m	83.7072
G_ins_at_91	1498.a3m	84.2195
A_ins_at_295	1499.a3m	58.6025
T_ins_at_370	149.a3m	111.677
C_ins_at_545	14.a3m	167.799
C_ins_at_120	1500.a3m	71.5797
G_ins_at_96	1501.a3m	81.408
G_ins_at_435	1502.a3m	82.0622
T_ins_at_167	1503.a3m	97.6118
G_ins_at_520	1504.a3m	133.635
A_ins_at_481	1505.a3m	150.119
A_ins_at_222	1506.a3m	63.5519
T_ins_at_348	1507.a3m	115.382
G_ins_at_357	1508.a3m	108.929
G_ins_at_531	1509.a3m	180.779
G_ins_at_255	150.a3m	112.918
C_ins_at_104	1510.a3m	64.6812
A_ins_at_316	1511.a3m	57.4096
T_ins_at_180	1512.a3m	55.265
C_ins_at_29	1513.a3m	26.1091
A_ins_at_148	1514.a3m	75.4754
T_ins_at_543	1515.a3m	171.336
A_ins_at_179	1516.a3m	65.6866
A_ins_at_352	1517.a3m	118.605
C_ins_at_462	1518.a3m	146.664
C_ins_at_112	1519.a3m	72.9667
C_ins_at_356	151.a3m	108.025
G_ins_at_560	1520.a3m	176.16
C_ins_at_209	1521.a3m	73.6797
C_ins_at_243	1522.a3m	116.665
T_ins_at_223	1523.a3m	60.5713
A_ins_at_301	1524.a3m	62.9523
C_ins_at_57	1525.a3m	34.1453
A_ins_at_463	1526.a3m	142.464
T_ins_at_553	1527.a3m	152.734
T_ins_at_33	1528.a3m	25.8861
G_ins_at_7	1529.a3m	31.5115
A_ins_at_476	152.a3m	150.275
A_ins_at_303	1530.a3m	66.3526
A_ins_at_333	1531.a3m	65.6352
T_ins_at_499	1532.a3m	126.965
G_ins_at_243	1533.a3m	109.779
A_ins_at_217	1534.a3m	69.7086
T_ins_at_301	1535.a3m	59.1998
A_ins_at_21	1536.a3m	27.3599
A_ins_at_514	1537.a3m	162.573
C_ins_at_439	1538.a3m	170.319
G_ins_at_208	1539.a3m	67.6685
T_ins_at_207	153.a3m	68.7821
A_ins_at_286	1540.a3m	67.913
G_ins_at_355	1541.a3m	104.048
C_ins_at_199	1542.a3m	60.5778
G_ins_at_331	1543.a3m	56.8348
A_ins_at_304	1544.a3m	61.8191
C_ins_at_143	1545.a3m	48.7782
C_ins_at_165	1546.a3m	75.412
T_ins_at_275	1547.a3m	90.6166
T_ins_at_212	1548.a3m	69.1591
C_ins_at_163	1549.a3m	82.4577
T_ins_at_303	154.a3m	65.7087
C_ins_at_39	1550.a3m	30.7422
G_ins_at_28	1551.a3m	24.9522
T_ins_at_292	1552.a3m	64.7599
A_ins_at_62	1553.a3m	35.8947
C_ins_at_310	1554.a3m	62.3817
A_ins_at_183	1555.a3m	55.7494
G_ins_at_60	1556.a3m	34.9738
T_ins_at_222	1557.a3m	60.1016
T_ins_at_78	1558.a3m	78.0144
A_ins_at_509	1559.a3m	156.332
C_ins_at_503	155.a3m	146.105
T_ins_at_308	1560.a3m	61.8294
T_ins_at_535	1561.a3m	170.275
G_ins_at_124	1562.a3m	59.074
C_ins_at_244	1563.a3m	116.908
A_ins_at_442	1564.a3m	146.934
C_ins_at_220	1565.a3m	63.0684
G_ins_at_38	1566.a3m	28.8136
C_ins_at_417	1567.a3m	88.9606
T_ins_at_289	1568.a3m	83.3873
G_ins_at_340	1569.a3m	117.995
A_ins_at_126	156.a3m	67.093
A_ins_at_563	1570.a3m	179.734
C_ins_at_469	1571.a3m	167.588
A_ins_at_12	1572.a3m	7.68776
G_ins_at_257	1573.a3m	105.809
C_ins_at_204	1574.a3m	54.9186
T_ins_at_470	1575.a3m	146.736
A_ins_at_446	1576.a3m	132.086
C_ins_at_421	1577.a3m	86.1298
T_ins_at_184	1578.a3m	59.1079
G_ins_at_258	1579.a3m	104.567
T_ins_at_489	157.a3m	151.17
G_ins_at_416	1580.a3m	84.4998
G_ins_at_274	1581.a3m	87.6036
A_ins_at_240	1582.a3m	103.878
G_ins_at_420	1583.a3m	89.296
C_ins_at_134	1584.a3m	59.5289
C_ins_at_290	1585.a3m	63.5516
C_ins_at_350	1586.a3m	120.349
A_ins_at_163	1587.a3m	85.4088
A_ins_at_537	1588.a3m	148.896
C_ins_at_218	1589.a3m	67.5871
T_ins_at_496	158.a3m	142.488
G_ins_at_63	1590.a3m	34.5693
A_ins_at_122	1591.a3m	71.5954
C_ins_at_478	1592.a3m	147.671
C_ins_at_400	1593.a3m	86.0322
G_ins_at_75	1594.a3m	35.3115
T_ins_at_312	1595.a3m	59.6784
A_ins_at_472	1596.a3m	151.049
C_ins_at_552	1597.a3m	178.212
A_ins_at_403	1598.a3m	77.163
A_ins_at_48	1599.a3m	30.8198
G_ins_at_240	159.a3m	102.984
G_ins_at_352	15.a3m	118.298
A_ins_at_382	1600.a3m	86.3809
A_ins_at_101	1601.a3m	76.3852
A_ins_at_341	1602.a3m	128.725
G_ins_at_201	1603.a3m	59.0781
A_ins_at_76	1604.a3m	83.776
G_ins_at_419	1605.a3m	84.4702
T_ins_at_384	1606.a3m	90.2647
G_ins_at_144	1607.a3m	59.0155
G_ins_at_89	1608.a3m	83.6981
G_ins_at_47	1609.a3m	31.4349
T_ins_at_340	160.a3m	120.386
A_ins_at_318	1610.a3m	56.7572
T_ins_at_420	1611.a3m	91.0842
T_ins_at_511	1612.a3m	161.494
G_ins_at_299	1613.a3m	64.9055
G_ins_at_494	1614.a3m	150.416
T_ins_at_179	1615.a3m	70.6567
G_ins_at_535	1616.a3m	189.125
C_ins_at_490	1617.a3m	140.014
T_ins_at_136	1618.a3m	63.7796
T_ins_at_526	1619.a3m	143.362
A_ins_at_232	161.a3m	62.801
G_ins_at_452	1620.a3m	145.785
C_ins_at_237	1621.a3m	63.0681
T_ins_at_6	1622.a3m	28.8066
G_ins_at_196	1623.a3m	59.2228
A_ins_at_560	1624.a3m	157.627
T_ins_at_403	1625.a3m	70.203
A_ins_at_357	1626.a3m	108.077
C_ins_at_295	1627.a3m	59.7624
A_ins_at_375	1628.a3m	99.8442
A_ins_at_29	1629.a3m	26.5737
A_ins_at_562	162.a3m	163.645
A_ins_at_146	1630.a3m	68.2407
T_ins_at_554	1631.a3m	167.782
T_ins_at_337	1632.a3m	120.059
G_ins_at_481	1633.a3m	154.236
G_ins_at_411	1634.a3m	78.1257
C_ins_at_205	1635.a3m	72.6606
T_ins_at_51	1636.a3m	23.5441
T_ins_at_540	1637.a3m	172.725
G_ins_at_69	1638.a3m	36.3356
C_ins_at_147	1639.a3m	81.7794
A_ins_at_159	163.a3m	67.2757
C_ins_at_105	1640.a3m	62.2237
C_ins_at_224	1641.a3m	86.626
T_ins_at_71	1642.a3m	39.4977
A_ins_at_219	1643.a3m	62.9455
G_ins_at_114	1644.a3m	80.3215
A_ins_at_499	1645.a3m	155.293
C_ins_at_135	1646.a3m	56.9272
C_ins_at_553	1647.a3m	158.609
A_ins_at_497	1648.a3m	164.248
A_ins_at_369	1649.a3m	103.662
C_ins_at_559	164.a3m	159.444
C_ins_at_375	1650.a3m	100.038
G_ins_at_529	1651.a3m	191.546
C_ins_at_530	1652.a3m	157.774
T_ins_at_355	1653.a3m	118.523
A_ins_at_285	1654.a3m	64.0133
G_ins_at_286	1655.a3m	58.0662
G_ins_at_512	1656.a3m	153.792
G_ins_at_539	1657.a3m	160.206
G_ins_at_147	1658.a3m	65.9705
C_ins_at_221	1659.a3m	62.7951
A_ins_at_103	165.a3m	65.8577
G_ins_at_70	1660.a3m	35.2811
G_ins_at_225	1661.a3m	65.0453
G_ins_at_248	1662.a3m	105.818
T_ins_at_192	1663.a3m	53.5668
T_ins_at_512	1664.a3m	153.695
G_ins_at_365	1665.a3m	122.997
C_ins_at_241	1666.a3m	111.617
G_ins_at_117	1667.a3m	68.1326
C_ins_at_41	1668.a3m	33.2234
C_ins_at_389	1669.a3m	92.7833
T_ins_at_408	166.a3m	81.5395
A_ins_at_257	1670.a3m	111.389
A_ins_at_65	1671.a3m	50.4741
G_ins_at_516	1672.a3m	158.169
A_ins_at_320	1673.a3m	60.2887
C_ins_at_103	1674.a3m	60.4679
T_ins_at_500	1675.a3m	159.39
T_ins_at_442	1676.a3m	139.083
A_ins_at_121	1677.a3m	69.6601
G_ins_at_93	1678.a3m	71.7025
G_ins_at_304	1679.a3m	62.6921
C_ins_at_360	167.a3m	98.5767
G_ins_at_252	1680.a3m	112.407
C_ins_at_461	1681.a3m	155.306
T_ins_at_402	1682.a3m	80.9224
A_ins_at_323	1683.a3m	57.8174
G_ins_at_367	1684.a3m	104.557
A_ins_at_17	1685.a3m	23.3952
G_ins_at_224	1686.a3m	66.3118
C_ins_at_404	1687.a3m	85.3496
C_ins_at_471	1688.a3m	165.429
G_ins_at_176	1689.a3m	67.3159
G_ins_at_35	168.a3m	25.6473
C_ins_at_102	1690.a3m	61.968
A_ins_at_517	1691.a3m	151.542
T_ins_at_21	1692.a3m	27.397
C_ins_at_116	1693.a3m	70.1028
G_ins_at_404	1694.a3m	81.9317
G_ins_at_141	1695.a3m	56.9841
C_ins_at_509	1696.a3m	159.443
G_ins_at_24	1697.a3m	31.2879
T_ins_at_139	1698.a3m	67.1802
T_ins_at_193	1699.a3m	53.6025
G_ins_at_17	169.a3m	26.4256
A_ins_at_44	16.a3m	31.0746
T_ins_at_250	1700.a3m	114.899
G_ins_at_149	1701.a3m	94.6016
C_ins_at_535	1702.a3m	168.739
T_ins_at_287	1703.a3m	78.4561
T_ins_at_380	1704.a3m	88.5123
A_ins_at_348	1705.a3m	62.2274
T_ins_at_454	1706.a3m	93.9336
T_ins_at_346	1707.a3m	123.609
G_ins_at_87	1708.a3m	80.5826
A_ins_at_410	1709.a3m	80.5916
G_ins_at_79	170.a3m	71.172
C_ins_at_371	1710.a3m	105.017
C_ins_at_38	1711.a3m	19.2632
G_ins_at_350	1712.a3m	116.554
G_ins_at_68	1713.a3m	36.3354
A_ins_at_470	1714.a3m	147.257
T_ins_at_269	1715.a3m	93.7827
G_ins_at_202	1716.a3m	61.7278
T_ins_at_175	1717.a3m	56.1266
G_ins_at_49	1718.a3m	30.4078
G_ins_at_235	1719.a3m	59.6851
C_ins_at_230	171.a3m	75.2466
G_ins_at_12	1720.a3m	7.40026
G_ins_at_204	1721.a3m	54.8808
T_ins_at_38	1722.a3m	30.7133
C_ins_at_113	1723.a3m	73.1384
C_ins_at_384	1724.a3m	89.4148
G_ins_at_180	1725.a3m	53.4948
C_ins_at_42	1726.a3m	32.1285
A_ins_at_262	1727.a3m	103.739
C_ins_at_5	1728.a3m	27.716
C_ins_at_341	1729.a3m	118.783
C_ins_at_434	172.a3m	83.5339
T_ins_at_148	1730.a3m	64.6392
C_ins_at_415	1731.a3m	86.9969
G_ins_at_455	1732.a3m	149.912
C_ins_at_449	1733.a3m	144.38
T_ins_at_91	1734.a3m	87.2534
C_ins_at_501	1735.a3m	166.08
G_ins_at_184	1736.a3m	57.2187
A_ins_at_394	1737.a3m	85.5109
T_ins_at_390	1738.a3m	89.2604
T_ins_at_268	1739.a3m	72.3262
C_ins_at_222	173.a3m	60.3882
G_ins_at_207	1740.a3m	77.2882
G_ins_at_427	1741.a3m	82.6574
T_ins_at_41	1742.a3m	32.947
C_ins_at_562	1743.a3m	190.967
G_ins_at_510	1744.a3m	160.634
C_ins_at_270	1745.a3m	98.7067
G_ins_at_10	1746.a3m	21.7073
T_ins_at_261	1747.a3m	105.199
C_ins_at_296	1748.a3m	66.0416
T_ins_at_379	1749.a3m	72.6319
G_ins_at_254	174.a3m	112.588
G_ins_at_506	1750.a3m	151.202
C_ins_at_549	1751.a3m	164.331
G_ins_at_554	1752.a3m	167.623
C_ins_at_339	1753.a3m	114.746
A_ins_at_557	1754.a3m	165.624
T_ins_at_262	1755.a3m	64.8362
T_ins_at_330	1756.a3m	63.8216
A_ins_at_18	1757.a3m	23.2429
G_ins_at_284	1758.a3m	85.793
G_ins_at_1	1759.a3m	24.7189
G_ins_at_389	175.a3m	99.4646
G_ins_at_250	1760.a3m	111.969
A_ins_at_554	1761.a3m	177.202
A_ins_at_171	1762.a3m	80.4098
C_ins_at_354	1763.a3m	123.38
A_ins_at_93	1764.a3m	72.6668
A_ins_at_213	1765.a3m	72.0781
C_ins_at_89	1766.a3m	72.8082
C_ins_at_346	1767.a3m	125.769
A_ins_at_123	1768.a3m	72.2148
G_ins_at_497	1769.a3m	156.85
C_ins_at_284	176.a3m	96.8634
C_ins_at_497	1770.a3m	153.914
T_ins_at_555	1771.a3m	167.594
A_ins_at_380	1772.a3m	86.0882
G_ins_at_518	1773.a3m	151.104
C_ins_at_173	1774.a3m	66.6881
A_ins_at_244	1775.a3m	106.974
G_ins_at_514	1776.a3m	162.154
T_ins_at_228	1777.a3m	60.8321
G_ins_at_58	1778.a3m	29.7188
T_ins_at_186	1779.a3m	57.1978
A_ins_at_198	177.a3m	59.7198
A_ins_at_315	1780.a3m	58.3674
A_ins_at_249	1781.a3m	66.9809
G_ins_at_297	1782.a3m	63.5866
T_ins_at_322	1783.a3m	55.6753
A_ins_at_158	1784.a3m	72.1227
C_ins_at_13	1785.a3m	27.1456
T_ins_at_357	1786.a3m	109.668
T_ins_at_100	1787.a3m	84.9063
T_ins_at_369	1788.a3m	101.496
G_ins_at_446	1789.a3m	146.186
G_ins_at_343	178.a3m	125.72
C_ins_at_550	1790.a3m	171.49
G_ins_at_460	1791.a3m	156.791
T_ins_at_265	1792.a3m	100.839
T_ins_at_201	1793.a3m	61.782
G_ins_at_116	1794.a3m	78.4844
T_ins_at_548	1795.a3m	167.432
A_ins_at_167	1796.a3m	98.971
T_ins_at_70	1797.a3m	36.046
A_ins_at_102	1798.a3m	76.2833
A_ins_at_251	1799.a3m	112.765
A_ins_at_84	179.a3m	80.9343
G_ins_at_534	17.a3m	143.47
T_ins_at_64	1800.a3m	33.2298
T_ins_at_425	1801.a3m	88.2914
A_ins_at_235	1802.a3m	61.8977
A_ins_at_37	1803.a3m	36.8963
A_ins_at_10	1804.a3m	25.7944
A_ins_at_226	1805.a3m	59.3173
A_ins_at_11	1806.a3m	5.87006
T_ins_at_263	1807.a3m	110.268
G_ins_at_445	1808.a3m	152.225
A_ins_at_397	1809.a3m	82.6021
G_ins_at_162	180.a3m	81.9617
T_ins_at_332	1810.a3m	65.5578
A_ins_at_479	1811.a3m	147.12
G_ins_at_88	1812.a3m	81.591
A_ins_at_4	1813.a3m	26.1193
G_ins_at_118	1814.a3m	69.6279
C_ins_at_258	1815.a3m	106.536
G_ins_at_170	1816.a3m	97.6325
T_ins_at_247	1817.a3m	103.998
T_ins_at_414	1818.a3m	86.9737
C_ins_at_318	1819.a3m	57.7493
C_ins_at_114	181.a3m	75.1223
C_ins_at_464	1820.a3m	155.258
C_ins_at_94	1821.a3m	81.4837
T_ins_at_176	1822.a3m	54.9749
T_ins_at_102	1823.a3m	62.5099
G_ins_at_508	1824.a3m	162.79
G_ins_at_59	1825.a3m	33.2687
C_ins_at_488	1826.a3m	147.179
T_ins_at_345	1827.a3m	125.948
G_ins_at_368	1828.a3m	101.128
T_ins_at_57	1829.a3m	32.5101
G_ins_at_373	182.a3m	113.441
C_ins_at_6	1830.a3m	28.7436
T_ins_at_188	1831.a3m	57.1387
C_ins_at_217	1832.a3m	73.0191
C_ins_at_485	1833.a3m	156.141
T_ins_at_305	1834.a3m	66.8781
G_ins_at_339	1835.a3m	117.274
T_ins_at_185	1836.a3m	59.0375
C_ins_at_269	1837.a3m	93.5206
A_ins_at_371	1838.a3m	97.3939
A_ins_at_455	1839.a3m	152.349
G_ins_at_464	183.a3m	164.494
G_ins_at_477	1840.a3m	148.553
C_ins_at_44	1841.a3m	32.0674
C_ins_at_175	1842.a3m	77.1935
C_ins_at_178	1843.a3m	54.4035
C_ins_at_504	1844.a3m	150.379
G_ins_at_98	1845.a3m	85.4784
A_ins_at_192	1846.a3m	51.5183
T_ins_at_513	1847.a3m	152.968
G_ins_at_542	1848.a3m	145.625
C_ins_at_108	1849.a3m	68.2224
A_ins_at_191	184.a3m	55.774
G_ins_at_115	1850.a3m	76.4494
G_ins_at_3	1851.a3m	25.597
G_ins_at_163	1852.a3m	73.0717
A_ins_at_270	1853.a3m	94.469
T_ins_at_310	1854.a3m	57.357
T_ins_at_88	1855.a3m	77.2584
C_ins_at_88	1856.a3m	73.7309
G_ins_at_439	1857.a3m	140.362
G_ins_at_95	1858.a3m	86.0443
A_ins_at_494	1859.a3m	152.948
T_ins_at_232	185.a3m	60.6614
C_ins_at_250	1860.a3m	112.326
C_ins_at_128	1861.a3m	60.6292
C_ins_at_166	1862.a3m	85.4479
G_ins_at_168	1863.a3m	97.1225
C_ins_at_26	1864.a3m	32.195
C_ins_at_21	1865.a3m	27.4112
G_ins_at_16	1866.a3m	24.8289
C_ins_at_556	1867.a3m	166.806
G_ins_at_6	1868.a3m	28.9677
T_ins_at_356	1869.a3m	116.671
A_ins_at_41	186.a3m	24.8818
G_ins_at_486	1870.a3m	146.094
A_ins_at_6	1871.a3m	29.096
A_ins_at_381	1872.a3m	86.5012
C_ins_at_15	1873.a3m	33.3221
G_ins_at_146	1874.a3m	79.0641
G_ins_at_536	1875.a3m	168.311
C_ins_at_256	1876.a3m	114.036
G_ins_at_190	1877.a3m	57.3381
A_ins_at_136	1878.a3m	58.6521
T_ins_at_375	1879.a3m	100.574
C_ins_at_305	187.a3m	61.373
T_ins_at_65	1880.a3m	40.202
T_ins_at_163	1881.a3m	87.0432
A_ins_at_390	1882.a3m	85.9961
T_ins_at_99	1883.a3m	73.8428
C_ins_at_459	1884.a3m	148.855
C_ins_at_506	1885.a3m	149.422
G_ins_at_157	1886.a3m	84.817
A_ins_at_350	1887.a3m	116.025
C_ins_at_48	1888.a3m	31.5348
G_ins_at_101	1889.a3m	70.7242
T_ins_at_542	188.a3m	173.82
A_ins_at_353	1890.a3m	60.3135
A_ins_at_487	1891.a3m	142.2
C_ins_at_456	1892.a3m	152.881
A_ins_at_522	1893.a3m	143.556
G_ins_at_20	1894.a3m	26.8932
G_ins_at_211	1895.a3m	73.614
C_ins_at_437	1896.a3m	151.087
A_ins_at_254	1897.a3m	103.514
G_ins_at_55	1898.a3m	22.3454
T_ins_at_77	1899.a3m	77.2715
C_ins_at_247	189.a3m	105.138
G_ins_at_421	18.a3m	88.5341
A_ins_at_449	1900.a3m	131.433
G_ins_at_470	1901.a3m	153.458
C_ins_at_184	1902.a3m	64.5768
G_ins_at_438	1903.a3m	140.603
T_ins_at_104	1904.a3m	61.6354
A_ins_at_20	1905.a3m	21.9063
T_ins_at_59	1906.a3m	26.4496
T_ins_at_319	1907.a3m	57.6382
T_ins_at_423	1908.a3m	88.2868
A_ins_at_484	1909.a3m	146.513
G_ins_at_191	190.a3m	61.1134
G_ins_at_179	1910.a3m	61.5452
T_ins_at_509	1911.a3m	148.562
T_ins_at_244	1912.a3m	115.123
C_ins_at_502	1913.a3m	162.946
C_ins_at_419	1914.a3m	84.3124
G_ins_at_502	1915.a3m	160.032
C_ins_at_300	1916.a3m	56.9959
T_ins_at_326	1917.a3m	60.3035
A_ins_at_492	1918.a3m	150.7
G_ins_at_551	1919.a3m	171.051
T_ins_at_468	191.a3m	155.845
C_ins_at_406	1920.a3m	82.8068
G_ins_at_11	1921.a3m	7.67532
A_ins_at_374	1922.a3m	107.272
G_ins_at_424	1923.a3m	81.8707
C_ins_at_136	1924.a3m	65.6857
A_ins_at_465	1925.a3m	155.716
C_ins_at_453	1926.a3m	141.74
G_ins_at_9	1927.a3m	26.9671
T_ins_at_135	1928.a3m	56.2178
T_ins_at_200	1929.a3m	62.2441
C_ins_at_543	192.a3m	173.835
C_ins_at_131	1930.a3m	67.0949
C_ins_at_251	1931.a3m	106.703
T_ins_at_434	1932.a3m	83.0803
G_ins_at_545	1933.a3m	166.984
G_ins_at_492	1934.a3m	148.538
C_ins_at_524	1935.a3m	142.691
G_ins_at_45	1936.a3m	27.0994
G_ins_at_453	1937.a3m	139.493
T_ins_at_32	1938.a3m	25.5786
C_ins_at_526	1939.a3m	164.149
T_ins_at_415	193.a3m	77.0548
A_ins_at_431	1940.a3m	84.033
T_ins_at_30	1941.a3m	26.8393
T_ins_at_559	1942.a3m	154.248
G_ins_at_496	1943.a3m	154.922
G_ins_at_385	1944.a3m	93.3841
G_ins_at_292	1945.a3m	56.6056
A_ins_at_347	1946.a3m	62.0373
C_ins_at_266	1947.a3m	106.704
A_ins_at_166	1948.a3m	96.6553
A_ins_at_545	1949.a3m	178.348
C_ins_at_186	194.a3m	58.2607
T_ins_at_48	1950.a3m	31.2703
T_ins_at_281	1951.a3m	70.2156
G_ins_at_271	1952.a3m	94.1539
C_ins_at_263	1953.a3m	105.915
C_ins_at_63	1954.a3m	28.2489
A_ins_at_319	1955.a3m	58.9699
T_ins_at_240	1956.a3m	109.687
G_ins_at_244	1957.a3m	116.751
T_ins_at_347	1958.a3m	124.909
A_ins_at_402	1959.a3m	80.9571
G_ins_at_266	195.a3m	92.3225
G_ins_at_487	1960.a3m	146.658
G_ins_at_444	1961.a3m	141.083
C_ins_at_420	1962.a3m	89.7051
T_ins_at_114	1963.a3m	76.7224
C_ins_at_172	1964.a3m	60.2296
A_ins_at_280	1965.a3m	85.2765
G_ins_at_449	1966.a3m	147.904
G_ins_at_393	1967.a3m	78.6246
C_ins_at_357	1968.a3m	107.518
T_ins_at_101	1969.a3m	71.2956
G_ins_at_354	196.a3m	111.765
C_ins_at_123	1970.a3m	58.5514
A_ins_at_86	1971.a3m	80.1059
C_ins_at_378	1972.a3m	108.641
T_ins_at_169	1973.a3m	80.1206
T_ins_at_150	1974.a3m	72.7997
C_ins_at_534	1975.a3m	141.611
C_ins_at_249	1976.a3m	111.508
G_ins_at_50	1977.a3m	32.1742
G_ins_at_517	1978.a3m	159.449
T_ins_at_115	1979.a3m	59.7884
G_ins_at_347	197.a3m	121.715
T_ins_at_206	1980.a3m	82.2406
T_ins_at_270	1981.a3m	98.8312
G_ins_at_458	1982.a3m	144.819
A_ins_at_505	1983.a3m	154.781
G_ins_at_501	1984.a3m	167.357
G_ins_at_559	1985.a3m	169.42
A_ins_at_349	1986.a3m	137.266
C_ins_at_155	1987.a3m	71.7991
C_ins_at_546	1988.a3m	179.915
C_ins_at_144	1989.a3m	61.157
C_ins_at_216	198.a3m	72.8769
G_ins_at_549	1990.a3m	165.062
T_ins_at_282	1991.a3m	94.0297
C_ins_at_130	1992.a3m	68.7048
T_ins_at_377	1993.a3m	105.963
T_ins_at_44	1994.a3m	36.5905
T_ins_at_274	1995.a3m	97.1315
C_ins_at_225	1996.a3m	63.7984
C_ins_at_458	1997.a3m	150.933
C_ins_at_59	1998.a3m	32.4971
T_ins_at_210	1999.a3m	68.9267
A_ins_at_203	199.a3m	59.5295
A_ins_at_267	19.a3m	91.7857
C_ins_at_27	1.a3m	28.0396
C_ins_at_402	2000.a3m	81.2029
T_ins_at_476	2001.a3m	153.664
A_ins_at_458	2002.a3m	145.217
C_ins_at_554	2003.a3m	150.38
G_ins_at_336	2004.a3m	140.008
G_ins_at_216	2005.a3m	72.3934
T_ins_at_52	2006.a3m	30.3773
A_ins_at_440	2007.a3m	150.819
A_ins_at_564	2008.a3m	183.641
G_ins_at_360	2009.a3m	99.6822
C_ins_at_327	200.a3m	60.6823
C_ins_at_428	2010.a3m	87.197
T_ins_at_483	2011.a3m	136.398
C_ins_at_379	2012.a3m	104.583
G_ins_at_351	2013.a3m	118.895
A_ins_at_416	2014.a3m	83.0272
C_ins_at_45	2015.a3m	31.6998
G_ins_at_408	2016.a3m	84.8393
C_ins_at_455	2017.a3m	144.779
G_ins_at_447	2018.a3m	136.289
T_ins_at_34	2019.a3m	10.5265
C_ins_at_536	201.a3m	175.726
T_ins_at_304	2020.a3m	61.8603
T_ins_at_108	2021.a3m	66.6654
T_ins_at_394	2022.a3m	73.5334
A_ins_at_151	2023.a3m	94.644
A_ins_at_185	2024.a3m	56.8076
C_ins_at_62	2025.a3m	26.8106
A_ins_at_313	2026.a3m	62.8327
G_ins_at_84	2027.a3m	76.3737
T_ins_at_182	2028.a3m	53.3777
A_ins_at_266	2029.a3m	104.58
C_ins_at_240	202.a3m	112.366
A_ins_at_215	2030.a3m	73.5026
G_ins_at_237	2031.a3m	62.7432
A_ins_at_75	2032.a3m	35.333
G_ins_at_471	2033.a3m	164.115
C_ins_at_481	2034.a3m	150.044
G_ins_at_519	2035.a3m	134.605
G_ins_at_380	2036.a3m	94.941
C_ins_at_150	2037.a3m	72.8029
A_ins_at_474	2038.a3m	141.604
A_ins_at_412	2039.a3m	84.308
T_ins_at_283	203.a3m	89.0498
G_ins_at_521	2040.a3m	152.591
C_ins_at_86	2041.a3m	77.0107
A_ins_at_363	2042.a3m	116.215
T_ins_at_26	2043.a3m	31.3492
C_ins_at_152	2044.a3m	76.1408
C_ins_at_362	2045.a3m	98.9498
T_ins_at_137	2046.a3m	63.5807
G_ins_at_230	2047.a3m	58.3654
C_ins_at_32	2048.a3m	25.7542
T_ins_at_382	2049.a3m	67.6997
A_ins_at_214	204.a3m	74.0562
G_ins_at_293	2050.a3m	64.7178
T_ins_at_311	2051.a3m	59.4145
C_ins_at_369	2052.a3m	97.2863
A_ins_at_404	2053.a3m	81.6313
A_ins_at_365	2054.a3m	102.542
A_ins_at_28	2055.a3m	26.7699
C_ins_at_330	2056.a3m	65.2402
C_ins_at_214	2057.a3m	71.8479
C_ins_at_523	2058.a3m	138.362
T_ins_at_318	2059.a3m	58.9942
A_ins_at_157	205.a3m	80.4811
A_ins_at_131	2060.a3m	65.0252
G_ins_at_461	2061.a3m	157.83
T_ins_at_80	2062.a3m	80.7786
C_ins_at_294	2063.a3m	67.5105
C_ins_at_115	2064.a3m	74.9813
G_ins_at_260	2065.a3m	109.883
T_ins_at_144	2066.a3m	60.9993
A_ins_at_132	2067.a3m	66.8733
C_ins_at_313	2068.a3m	59.0308
T_ins_at_229	2069.a3m	59.7495
G_ins_at_52	206.a3m	32.108
T_ins_at_465	2070.a3m	155.454
T_ins_at_412	2071.a3m	84.6737
G_ins_at_22	2072.a3m	26.9179
T_ins_at_338	2073.a3m	117.044
G_ins_at_283	2074.a3m	94.6517
G_ins_at_307	2075.a3m	57.9336
G_ins_at_289	2076.a3m	68.3853
C_ins_at_396	2077.a3m	86.5128
C_ins_at_117	2078.a3m	61.9601
C_ins_at_436	2079.a3m	153.815
C_ins_at_325	207.a3m	57.4839
T_ins_at_393	2080.a3m	80.3253
A_ins_at_272	2081.a3m	101.683
G_ins_at_348	2082.a3m	121.082
A_ins_at_83	2083.a3m	72.63
C_ins_at_317	2084.a3m	65.5542
T_ins_at_497	2085.a3m	153.445
G_ins_at_463	2086.a3m	162.356
G_ins_at_543	2087.a3m	142.5
C_ins_at_138	2088.a3m	73.8107
C_ins_at_129	2089.a3m	70.4628
C_ins_at_477	208.a3m	152.754
T_ins_at_544	2090.a3m	176.617
G_ins_at_287	2091.a3m	64.574
G_ins_at_111	2092.a3m	65.5585
T_ins_at_306	2093.a3m	63.8175
G_ins_at_379	2094.a3m	96.2641
T_ins_at_170	2095.a3m	74.2099
A_ins_at_398	2096.a3m	85.011
A_ins_at_283	2097.a3m	89.6049
T_ins_at_85	2098.a3m	76.6427
T_ins_at_252	2099.a3m	105.871
G_ins_at_491	209.a3m	141.491
G_ins_at_80	20.a3m	75.6477
A_ins_at_508	2100.a3m	153.543
C_ins_at_533	2101.a3m	177.896
G_ins_at_363	2102.a3m	114.128
G_ins_at_538	2103.a3m	168.917
G_ins_at_175	2104.a3m	67.2138
T_ins_at_279	2105.a3m	93.4048
A_ins_at_544	2106.a3m	166.002
G_ins_at_369	2107.a3m	98.5034
T_ins_at_246	2108.a3m	104.572
A_ins_at_97	2109.a3m	72.1073
T_ins_at_450	210.a3m	147.258
T_ins_at_17	2110.a3m	27.4446
G_ins_at_229	2111.a3m	63.6599
C_ins_at_179	2112.a3m	53.4822
T_ins_at_181	2113.a3m	53.5731
G_ins_at_426	2114.a3m	85.4619
C_ins_at_161	2115.a3m	79.0785
A_ins_at_364	2116.a3m	113.163
A_ins_at_430	2117.a3m	84.2058
G_ins_at_466	2118.a3m	155.732
A_ins_at_155	2119.a3m	79.8947
T_ins_at_467	211.a3m	162.246
G_ins_at_459	2120.a3m	148.583
T_ins_at_359	2121.a3m	103.426
T_ins_at_213	2122.a3m	70.7649
T_ins_at_484	2123.a3m	116.818
G_ins_at_41	2124.a3m	23.0855
T_ins_at_432	2125.a3m	86.729
T_ins_at_474	2126.a3m	154.856
G_ins_at_414	2127.a3m	86.6375
G_ins_at_234	2128.a3m	59.9158
A_ins_at_289	2129.a3m	63.3149
T_ins_at_98	212.a3m	66.5372
C_ins_at_52	2130.a3m	23.8332
C_ins_at_10	2131.a3m	22.4677
G_ins_at_26	2132.a3m	30.2653
C_ins_at_393	2133.a3m	78.0584
G_ins_at_40	2134.a3m	23.0595
C_ins_at_100	2135.a3m	77.4164
T_ins_at_464	2136.a3m	148.56
C_ins_at_386	2137.a3m	91.9152
T_ins_at_120	2138.a3m	71.8308
A_ins_at_190	2139.a3m	55.7661
G_ins_at_483	213.a3m	152.707
A_ins_at_344	2140.a3m	114.674
T_ins_at_457	2141.a3m	143.502
A_ins_at_275	2142.a3m	88.9247
G_ins_at_524	2143.a3m	156.448
T_ins_at_225	2144.a3m	61.7409
T_ins_at_20	2145.a3m	29.4326
A_ins_at_533	2146.a3m	170.388
A_ins_at_268	2147.a3m	91.3808
G_ins_at_94	2148.a3m	64.1094
T_ins_at_177	2149.a3m	55.1824
C_ins_at_213	214.a3m	71.6968
A_ins_at_119	2150.a3m	63.3882
T_ins_at_273	2151.a3m	100.253
A_ins_at_147	2152.a3m	74.2458
A_ins_at_538	2153.a3m	153.385
C_ins_at_499	2154.a3m	155.245
A_ins_at_73	2155.a3m	36.7174
G_ins_at_251	2156.a3m	106.297
G_ins_at_277	2157.a3m	86.5048
A_ins_at_543	2158.a3m	144.136
G_ins_at_231	2159.a3m	60.0759
C_ins_at_326	215.a3m	59.6299
A_ins_at_415	2160.a3m	87.787
A_ins_at_448	2161.a3m	142.768
A_ins_at_276	2162.a3m	91.571
G_ins_at_215	2163.a3m	77.3675
C_ins_at_33	2164.a3m	25.7761
A_ins_at_502	2165.a3m	161.568
A_ins_at_360	2166.a3m	96.2433
A_ins_at_436	2167.a3m	141.388
A_ins_at_495	2168.a3m	151.58
G_ins_at_430	2169.a3m	80.8826
C_ins_at_177	216.a3m	55.295
G_ins_at_413	2170.a3m	87.0847
G_ins_at_555	2171.a3m	180.194
A_ins_at_445	2172.a3m	141.585
A_ins_at_366	2173.a3m	102.204
C_ins_at_279	2174.a3m	90.9948
A_ins_at_243	2175.a3m	109.495
C_ins_at_323	2176.a3m	64.3418
A_ins_at_35	2177.a3m	28.365
G_ins_at_32	2178.a3m	28.5055
G_ins_at_182	2179.a3m	56.1203
G_ins_at_394	217.a3m	78.5573
G_ins_at_46	2180.a3m	27.1411
A_ins_at_351	2181.a3m	118.236
A_ins_at_420	2182.a3m	87.282
G_ins_at_209	2183.a3m	73.0751
C_ins_at_194	2184.a3m	57.6533
A_ins_at_173	2185.a3m	92.4104
T_ins_at_297	2186.a3m	68.2642
A_ins_at_306	2187.a3m	62.0454
C_ins_at_301	2188.a3m	56.5641
G_ins_at_132	2189.a3m	68.8593
A_ins_at_534	218.a3m	146.889
C_ins_at_106	2190.a3m	59.6586
C_ins_at_31	2191.a3m	32.4043
T_ins_at_533	2192.a3m	181.441
G_ins_at_13	2193.a3m	20.5011
A_ins_at_187	2194.a3m	54.6955
T_ins_at_132	2195.a3m	69.4664
G_ins_at_338	2196.a3m	140.271
C_ins_at_67	2197.a3m	37.2217
C_ins_at_87	2198.a3m	82.0599
A_ins_at_512	2199.a3m	172.376
C_ins_at_344	219.a3m	113.117
G_ins_at_247	21.a3m	102.155
C_ins_at_349	2200.a3m	127.989
C_ins_at_176	2201.a3m	59.9002
C_ins_at_246	2202.a3m	105.503
G_ins_at_183	2203.a3m	57.0386
T_ins_at_84	2204.a3m	78.5796
T_ins_at_532	2205.a3m	160.545
C_ins_at_235	2206.a3m	62.2894
C_ins_at_139	2207.a3m	57.1074
G_ins_at_415	2208.a3m	85.5831
C_ins_at_40	2209.a3m	40.8771
A_ins_at_22	220.a3m	27.8531
C_ins_at_122	2210.a3m	65.3306
T_ins_at_219	2211.a3m	63.2327
T_ins_at_435	2212.a3m	83.3597
T_ins_at_323	2213.a3m	54.5692
T_ins_at_56	2214.a3m	25.8323
T_ins_at_291	2215.a3m	63.0076
G_ins_at_557	2216.a3m	168.766
C_ins_at_72	2217.a3m	35.9954
A_ins_at_525	2218.a3m	144.789
T_ins_at_518	2219.a3m	150.095
A_ins_at_32	221.a3m	27.1056
G_ins_at_227	2220.a3m	59.8276
A_ins_at_459	2221.a3m	148.118
C_ins_at_383	2222.a3m	86.4016
G_ins_at_391	2223.a3m	79.6329
G_ins_at_51	2224.a3m	31.6537
A_ins_at_205	2225.a3m	71.9025
G_ins_at_381	2226.a3m	87.0757
A_ins_at_31	2227.a3m	27.315
G_ins_at_228	2228.a3m	59.3609
T_ins_at_503	2229.a3m	162.667
A_ins_at_92	222.a3m	72.3346
C_ins_at_337	2230.a3m	131.871
C_ins_at_315	2231.a3m	58.9148
T_ins_at_3	2232.a3m	23.3526
C_ins_at_407	2233.a3m	84.8097
A_ins_at_260	2234.a3m	102.792
A_ins_at_346	2235.a3m	116.951
G_ins_at_319	2236.a3m	58.7215
T_ins_at_358	2237.a3m	106.73
C_ins_at_555	2238.a3m	162.578
G_ins_at_143	2239.a3m	56.854
T_ins_at_530	223.a3m	181.717
G_ins_at_172	2240.a3m	80.4442
T_ins_at_325	2241.a3m	63.9106
G_ins_at_74	2242.a3m	29.7543
C_ins_at_226	2243.a3m	62.4811
G_ins_at_498	2244.a3m	156.871
A_ins_at_263	2245.a3m	101.294
C_ins_at_394	2246.a3m	79.067
T_ins_at_197	2247.a3m	60.322
C_ins_at_450	2248.a3m	147.411
T_ins_at_221	2249.a3m	61.5146
A_ins_at_491	224.a3m	149.432
C_ins_at_309	2250.a3m	57.8136
G_ins_at_219	2251.a3m	64.9504
T_ins_at_62	2252.a3m	25.3553
A_ins_at_549	2253.a3m	166.384
A_ins_at_228	2254.a3m	57.5838
T_ins_at_333	2255.a3m	65.2513
A_ins_at_325	225.a3m	56.5099
G_ins_at_102	226.a3m	77.2757
T_ins_at_404	227.a3m	81.9077
A_ins_at_498	228.a3m	156.109
G_ins_at_395	229.a3m	86.1936
G_ins_at_327	22.a3m	57.0205
T_ins_at_13	230.a3m	4.17361
G_ins_at_205	231.a3m	76.0948
T_ins_at_199	232.a3m	59.3205
C_ins_at_268	233.a3m	100.083
A_ins_at_253	234.a3m	110.823
A_ins_at_546	235.a3m	177.448
T_ins_at_477	236.a3m	149.31
A_ins_at_392	237.a3m	76.3424
A_ins_at_66	238.a3m	35.6515
A_ins_at_400	239.a3m	85.2429
G_ins_at_390	23.a3m	87.9745
C_ins_at_25	240.a3m	32.2265
C_ins_at_548	241.a3m	173.287
T_ins_at_208	242.a3m	68.9492
T_ins_at_508	243.a3m	166.832
G_ins_at_135	244.a3m	68.0318
A_ins_at_536	245.a3m	146.035
A_ins_at_256	246.a3m	113.549
T_ins_at_481	247.a3m	111.255
A_ins_at_300	248.a3m	59.0994
T_ins_at_551	249.a3m	180.233
G_ins_at_282	24.a3m	96.0303
C_ins_at_229	250.a3m	60.4896
G_ins_at_337	251.a3m	141.147
T_ins_at_157	252.a3m	71.1007
T_ins_at_112	253.a3m	66.514
A_ins_at_40	254.a3m	35.7855
A_ins_at_337	255.a3m	116.923
A_ins_at_67	256.a3m	38.3505
T_ins_at_2	257.a3m	23.4747
C_ins_at_275	258.a3m	85.4081
C_ins_at_174	259.a3m	67.009
C_ins_at_232	25.a3m	58.617
T_ins_at_25	260.a3m	33.742
C_ins_at_109	261.a3m	67.807
T_ins_at_396	262.a3m	84.9452
T_ins_at_209	263.a3m	67.9077
C_ins_at_351	264.a3m	119.89
C_ins_at_334	265.a3m	137.161
A_ins_at_405	266.a3m	79.3497
A_ins_at_3	267.a3m	23.3668
C_ins_at_373	268.a3m	104.999
T_ins_at_233	269.a3m	64.0649
G_ins_at_437	26.a3m	136.514
T_ins_at_45	270.a3m	32.1663
A_ins_at_409	271.a3m	82.4712
A_ins_at_302	272.a3m	59.9941
G_ins_at_341	273.a3m	123.977
T_ins_at_152	274.a3m	78.754
A_ins_at_223	275.a3m	64.1779
A_ins_at_145	276.a3m	73.7812
G_ins_at_155	277.a3m	83.5483
T_ins_at_27	278.a3m	28.0629
C_ins_at_210	279.a3m	67.4668
A_ins_at_506	27.a3m	162.737
C_ins_at_381	280.a3m	97.9228
T_ins_at_525	281.a3m	141.083
C_ins_at_392	282.a3m	91.4244
G_ins_at_119	283.a3m	71.7963
A_ins_at_553	284.a3m	177.396
C_ins_at_274	285.a3m	93.3728
A_ins_at_82	286.a3m	73.1126
T_ins_at_397	287.a3m	74.8148
G_ins_at_456	288.a3m	154.849
C_ins_at_538	289.a3m	171.008
A_ins_at_94	28.a3m	76.7665
G_ins_at_160	290.a3m	90.8955
G_ins_at_410	291.a3m	78.994
C_ins_at_405	292.a3m	80.7334
A_ins_at_221	293.a3m	62.359
A_ins_at_79	294.a3m	78.9391
G_ins_at_167	295.a3m	98.5982
T_ins_at_4	296.a3m	23.3346
T_ins_at_153	297.a3m	68.6324
G_ins_at_425	298.a3m	86.2012
G_ins_at_129	299.a3m	70.3778
C_ins_at_171	29.a3m	80.533
G_ins_at_462	2.a3m	155.009
T_ins_at_344	300.a3m	124.418
A_ins_at_331	301.a3m	62.0619
A_ins_at_169	302.a3m	94.8763
C_ins_at_443	303.a3m	141.503
C_ins_at_541	304.a3m	172.46
A_ins_at_399	305.a3m	83.5954
C_ins_at_306	306.a3m	63.7251
A_ins_at_343	307.a3m	137.617
A_ins_at_361	308.a3m	111.464
A_ins_at_417	309.a3m	86.7802
A_ins_at_376	30.a3m	99.159
C_ins_at_252	310.a3m	104.879
T_ins_at_392	311.a3m	78.5153
T_ins_at_11	312.a3m	22.5254
C_ins_at_355	313.a3m	107.34
C_ins_at_527	314.a3m	179.518
C_ins_at_68	315.a3m	39.0125
A_ins_at_444	316.a3m	141.902
A_ins_at_141	317.a3m	57.2697
T_ins_at_231	318.a3m	58.3791
T_ins_at_47	319.a3m	28.7977
C_ins_at_343	31.a3m	116.889
T_ins_at_519	320.a3m	149.633
G_ins_at_275	321.a3m	104.334
T_ins_at_28	322.a3m	29.4214
A_ins_at_139	323.a3m	59.3061
C_ins_at_46	324.a3m	24.9016
T_ins_at_545	325.a3m	174.216
G_ins_at_291	326.a3m	62.8936
A_ins_at_74	327.a3m	35.6929
C_ins_at_164	328.a3m	79.0644
T_ins_at_105	329.a3m	61.5789
C_ins_at_352	32.a3m	116.456
C_ins_at_444	330.a3m	147.636
T_ins_at_473	331.a3m	148.231
A_ins_at_438	332.a3m	141.558
G_ins_at_533	333.a3m	151.119
G_ins_at_90	334.a3m	70.8577
C_ins_at_43	335.a3m	31.1812
G_ins_at_133	336.a3m	68.0523
T_ins_at_368	337.a3m	101.285
G_ins_at_403	338.a3m	81.3525
T_ins_at_173	339.a3m	67.4768
C_ins_at_489	33.a3m	151
C_ins_at_55	340.a3m	23.3152
G_ins_at_130	341.a3m	71.2724
G_ins_at_39	342.a3m	30.8251
A_ins_at_49	343.a3m	26.733
G_ins_at_279	344.a3m	89.227
T_ins_at_437	345.a3m	134.532
T_ins_at_230	346.a3m	59.9139
G_ins_at_151	347.a3m	111.141
C_ins_at_560	348.a3m	167.87
C_ins_at_537	349.a3m	179.686
T_ins_at_504	34.a3m	153.763
G_ins_at_67	350.a3m	37.699
T_ins_at_386	351.a3m	81.6067
G_ins_at_264	352.a3m	103.485
A_ins_at_152	353.a3m	93.6533
C_ins_at_50	354.a3m	34.428
A_ins_at_321	355.a3m	58.2388
T_ins_at_92	356.a3m	82.7131
A_ins_at_386	357.a3m	89.9097
A_ins_at_202	358.a3m	63.3783
G_ins_at_125	359.a3m	70.0792
C_ins_at_158	35.a3m	86.7991
G_ins_at_344	360.a3m	123.397
A_ins_at_130	361.a3m	66.2563
C_ins_at_201	362.a3m	60.2302
C_ins_at_292	363.a3m	59.932
T_ins_at_320	364.a3m	56.0779
G_ins_at_436	365.a3m	163.504
T_ins_at_365	366.a3m	107.081
A_ins_at_439	367.a3m	142.83
G_ins_at_448	368.a3m	131.455
T_ins_at_506	369.a3m	149.479
A_ins_at_43	36.a3m	31.1719
T_ins_at_550	370.a3m	177.84
T_ins_at_339	371.a3m	117.343
A_ins_at_434	372.a3m	85.5663
C_ins_at_24	373.a3m	26.696
T_ins_at_360	374.a3m	96.3345
G_ins_at_48	375.a3m	30.5992
G_ins_at_540	376.a3m	160.529
T_ins_at_83	377.a3m	80.6622
C_ins_at_564	378.a3m	156.117
C_ins_at_238	379.a3m	108.935
C_ins_at_507	37.a3m	158.64
G_ins_at_359	380.a3m	98.5256
A_ins_at_451	381.a3m	138.182
A_ins_at_154	382.a3m	76.2203
T_ins_at_158	383.a3m	71.0756
C_ins_at_34	384.a3m	25.4823
T_ins_at_149	385.a3m	83.6657
C_ins_at_544	386.a3m	174.13
C_ins_at_426	387.a3m	86.4408
C_ins_at_347	388.a3m	120.93
A_ins_at_216	389.a3m	73.2327
A_ins_at_128	38.a3m	66.6736
T_ins_at_74	390.a3m	37.9714
G_ins_at_161	391.a3m	81.6638
A_ins_at_293	392.a3m	63.6899
G_ins_at_259	393.a3m	95.3014
A_ins_at_165	394.a3m	80.4495
T_ins_at_159	395.a3m	71.2311
A_ins_at_377	396.a3m	96.0506
T_ins_at_387	397.a3m	94.8227
A_ins_at_246	398.a3m	104.277
G_ins_at_308	399.a3m	58.4925
G_ins_at_238	39.a3m	110.735
T_ins_at_448	3.a3m	143.599
G_ins_at_278	400.a3m	86.4865
G_ins_at_563	401.a3m	180.793
G_ins_at_387	402.a3m	89.9326
C_ins_at_180	403.a3m	53.6238
G_ins_at_110	404.a3m	65.2731
A_ins_at_312	405.a3m	58.3211
A_ins_at_64	406.a3m	32.6591
G_ins_at_303	407.a3m	65.5687
T_ins_at_165	408.a3m	76.2433
G_ins_at_302	409.a3m	63.7286
A_ins_at_287	40.a3m	65.3801
G_ins_at_139	410.a3m	52.4968
T_ins_at_309	411.a3m	58.136
A_ins_at_489	412.a3m	147.673
A_ins_at_186	413.a3m	55.6586
G_ins_at_433	414.a3m	79.8378
G_ins_at_405	415.a3m	79.4174
G_ins_at_81	416.a3m	79.3217
A_ins_at_500	417.a3m	162.199
G_ins_at_42	418.a3m	32.6043
T_ins_at_103	419.a3m	63.4565
G_ins_at_92	41.a3m	82.6447
T_ins_at_531	420.a3m	176.449
A_ins_at_70	421.a3m	44.2867
C_ins_at_200	422.a3m	63.7291
T_ins_at_389	423.a3m	92.1735
C_ins_at_187	424.a3m	57.412
T_ins_at_284	425.a3m	64.1966
T_ins_at_260	426.a3m	107.12
C_ins_at_484	427.a3m	155.114
G_ins_at_31	428.a3m	24.4733
T_ins_at_42	429.a3m	32.3273
A_ins_at_339	42.a3m	118.252
C_ins_at_101	430.a3m	78.1425
G_ins_at_314	431.a3m	60.8393
G_ins_at_27	432.a3m	31.2665
G_ins_at_104	433.a3m	63.014
G_ins_at_268	434.a3m	89.7824
A_ins_at_269	435.a3m	89.9491
T_ins_at_134	436.a3m	58.1583
G_ins_at_173	437.a3m	80.675
G_ins_at_5	438.a3m	25.5796
T_ins_at_399	439.a3m	83.5676
G_ins_at_468	43.a3m	154.424
C_ins_at_11	440.a3m	19.8564
A_ins_at_39	441.a3m	30.8919
T_ins_at_8	442.a3m	22.4927
A_ins_at_238	443.a3m	105.825
A_ins_at_443	444.a3m	142.025
T_ins_at_374	445.a3m	102.999
A_ins_at_200	446.a3m	63.4557
G_ins_at_469	447.a3m	150.009
G_ins_at_362	448.a3m	116.034
G_ins_at_171	449.a3m	79.2832
T_ins_at_520	44.a3m	149.433
G_ins_at_399	450.a3m	83.5885
A_ins_at_143	451.a3m	65.1231
A_ins_at_427	452.a3m	88.6225
T_ins_at_155	453.a3m	81.0377
A_ins_at_528	454.a3m	186.347
A_ins_at_391	455.a3m	78.9567
T_ins_at_416	456.a3m	85.4462
C_ins_at_388	457.a3m	92.6553
T_ins_at_220	458.a3m	70.631
A_ins_at_138	459.a3m	64.072
C_ins_at_167	45.a3m	89.3313
C_ins_at_514	460.a3m	146.832
T_ins_at_127	461.a3m	64.6586
T_ins_at_378	462.a3m	111.697
G_ins_at_242	463.a3m	108.978
C_ins_at_47	464.a3m	24.795
C_ins_at_518	465.a3m	146.69
G_ins_at_14	466.a3m	25.7308
C_ins_at_37	467.a3m	32.1664
A_ins_at_218	468.a3m	71.6686
T_ins_at_366	469.a3m	120.171
G_ins_at_485	46.a3m	158.281
A_ins_at_206	470.a3m	77.2525
T_ins_at_251	471.a3m	105.55
T_ins_at_521	472.a3m	146.516
G_ins_at_442	473.a3m	145.146
T_ins_at_431	474.a3m	85.5505
T_ins_at_241	475.a3m	63.0203
A_ins_at_34	476.a3m	25.5651
G_ins_at_239	477.a3m	110.344
A_ins_at_526	478.a3m	162.153
G_ins_at_193	479.a3m	62.81
A_ins_at_96	47.a3m	79.6939
C_ins_at_151	480.a3m	92.605
G_ins_at_261	481.a3m	100.59
G_ins_at_214	482.a3m	69.1233
C_ins_at_558	483.a3m	168.501
G_ins_at_166	484.a3m	87.4554
G_ins_at_43	485.a3m	32.2566
G_ins_at_552	486.a3m	187.241
C_ins_at_395	487.a3m	82.8722
T_ins_at_124	488.a3m	58.1352
C_ins_at_198	489.a3m	58.9775
C_ins_at_299	48.a3m	67.4733
T_ins_at_460	490.a3m	97.9502
A_ins_at_208	491.a3m	66.6961
C_ins_at_361	492.a3m	107.724
C_ins_at_368	493.a3m	118.919
C_ins_at_193	494.a3m	58.3451
G_ins_at_198	495.a3m	59.925
G_ins_at_246	496.a3m	104.417
T_ins_at_121	497.a3m	46.5364
A_ins_at_189	498.a3m	57.1135
C_ins_at_380	499.a3m	97.7703
T_ins_at_1	49.a3m	27.5278
G_ins_at_305	4.a3m	59.999
T_ins_at_354	500.a3m	122.115
C_ins_at_322	501.a3m	63.5895
C_ins_at_23	502.a3m	20.7334
C_ins_at_22	503.a3m	20.4649
G_ins_at_245	504.a3m	106.499
T_ins_at_331	505.a3m	63.58
C_ins_at_146	506.a3m	81.2884
A_ins_at_188	507.a3m	60.151
C_ins_at_324	508.a3m	63.1416
T_ins_at_327	509.a3m	61.0432
G_ins_at_21	50.a3m	27.3924
T_ins_at_215	510.a3m	69.5749
T_ins_at_82	511.a3m	79.0887
G_ins_at_553	512.a3m	145.7
A_ins_at_259	513.a3m	101.716
T_ins_at_469	514.a3m	155.546
T_ins_at_452	515.a3m	156.62
G_ins_at_249	516.a3m	103.902
T_ins_at_55	517.a3m	32.5194
T_ins_at_12	518.a3m	25.1359
A_ins_at_379	519.a3m	96.5506
A_ins_at_233	51.a3m	61.1712
A_ins_at_1	520.a3m	27.7219
G_ins_at_432	521.a3m	89.1046
T_ins_at_290	522.a3m	60.063
T_ins_at_502	523.a3m	165.927
C_ins_at_376	524.a3m	101.963
A_ins_at_69	525.a3m	33.2038
G_ins_at_199	526.a3m	60.0173
A_ins_at_24	527.a3m	31.3332
C_ins_at_486	528.a3m	139.19
A_ins_at_504	529.a3m	123.188
C_ins_at_365	52.a3m	101.886
C_ins_at_265	530.a3m	107.191
G_ins_at_409	531.a3m	83.0353
C_ins_at_36	532.a3m	26.7332
C_ins_at_271	533.a3m	101.404
A_ins_at_437	534.a3m	143.594
G_ins_at_106	535.a3m	68.755
T_ins_at_75	536.a3m	38.0318
G_ins_at_150	537.a3m	88.0329
T_ins_at_501	538.a3m	167.44
C_ins_at_148	539.a3m	74.535
A_ins_at_248	53.a3m	64.8692
A_ins_at_432	540.a3m	87.9679
C_ins_at_30	541.a3m	26.8261
C_ins_at_60	542.a3m	32.3639
C_ins_at_80	543.a3m	80.9428
T_ins_at_523	544.a3m	153.396
A_ins_at_482	545.a3m	150.907
C_ins_at_207	546.a3m	69.9907
C_ins_at_413	547.a3m	82.97
A_ins_at_30	548.a3m	26.4078
T_ins_at_352	549.a3m	121.938
T_ins_at_372	54.a3m	105.862
G_ins_at_392	550.a3m	79.4196
C_ins_at_304	551.a3m	67.6718
C_ins_at_398	552.a3m	83.8247
T_ins_at_495	553.a3m	144.245
G_ins_at_356	554.a3m	115.836
C_ins_at_71	555.a3m	36.591
T_ins_at_10	556.a3m	22.505
T_ins_at_66	557.a3m	35.6224
T_ins_at_517	558.a3m	154.559
A_ins_at_194	559.a3m	59.0873
C_ins_at_8	55.a3m	25.0315
T_ins_at_351	560.a3m	122.946
G_ins_at_71	561.a3m	42.819
G_ins_at_72	562.a3m	36.2023
T_ins_at_190	563.a3m	55.0769
A_ins_at_467	564.a3m	151.367
T_ins_at_235	565.a3m	61.9689
A_ins_at_452	566.a3m	142.53
T_ins_at_267	567.a3m	92.6194
T_ins_at_313	568.a3m	58.4989
C_ins_at_215	569.a3m	73.5014
C_ins_at_427	56.a3m	88.1757
G_ins_at_178	570.a3m	54.4265
C_ins_at_75	571.a3m	37.455
T_ins_at_68	572.a3m	37.2104
A_ins_at_307	573.a3m	67.2271
C_ins_at_463	574.a3m	147.427
T_ins_at_141	575.a3m	71.1229
A_ins_at_56	576.a3m	28.8443
A_ins_at_330	577.a3m	61.7499
T_ins_at_422	578.a3m	91.2711
T_ins_at_376	579.a3m	66.9028
T_ins_at_234	57.a3m	63.6676
G_ins_at_185	580.a3m	57.17
C_ins_at_551	581.a3m	186.31
C_ins_at_470	582.a3m	167.559
T_ins_at_395	583.a3m	84.4537
T_ins_at_217	584.a3m	62.4618
C_ins_at_387	585.a3m	96.1764
G_ins_at_188	586.a3m	54.3063
T_ins_at_178	587.a3m	58.9967
C_ins_at_261	588.a3m	108.763
T_ins_at_133	589.a3m	63.2267
T_ins_at_107	58.a3m	66.7137
C_ins_at_170	590.a3m	79.2819
T_ins_at_126	591.a3m	58.0385
T_ins_at_383	592.a3m	91.4337
A_ins_at_559	593.a3m	154.345
A_ins_at_441	594.a3m	147.735
A_ins_at_38	595.a3m	29.7719
T_ins_at_480	596.a3m	131.887
T_ins_at_194	597.a3m	64.5597
T_ins_at_401	598.a3m	92.6953
A_ins_at_435	599.a3m	87.9501
C_ins_at_348	59.a3m	117.186
G_ins_at_558	5.a3m	163.249
G_ins_at_213	600.a3m	71.0878
A_ins_at_250	601.a3m	112.71
G_ins_at_564	602.a3m	180.673
G_ins_at_321	603.a3m	56.4779
A_ins_at_229	604.a3m	61.8645
A_ins_at_225	605.a3m	66.4776
G_ins_at_562	606.a3m	166.505
G_ins_at_189	607.a3m	57.3079
G_ins_at_324	608.a3m	62.6688
C_ins_at_73	609.a3m	38.1777
G_ins_at_64	60.a3m	35.7559
G_ins_at_377	610.a3m	107.075
T_ins_at_492	611.a3m	149.632
T_ins_at_183	612.a3m	60.0403
A_ins_at_473	613.a3m	141.913
T_ins_at_164	614.a3m	71.2151
A_ins_at_456	615.a3m	151.642
T_ins_at_371	616.a3m	94.0758
A_ins_at_418	617.a3m	87.72
T_ins_at_117	618.a3m	64.2881
G_ins_at_66	619.a3m	40.548
C_ins_at_259	61.a3m	105.442
A_ins_at_480	620.a3m	147.536
A_ins_at_385	621.a3m	90.3595
A_ins_at_135	622.a3m	69.1015
A_ins_at_274	623.a3m	87.6363
A_ins_at_527	624.a3m	185.575
G_ins_at_112	625.a3m	66.4105
T_ins_at_541	626.a3m	173.837
T_ins_at_22	627.a3m	35.7054
A_ins_at_116	628.a3m	68.1705
C_ins_at_479	629.a3m	155.884
A_ins_at_387	62.a3m	89.1381
A_ins_at_373	630.a3m	105.769
A_ins_at_196	631.a3m	61.3212
G_ins_at_479	632.a3m	143.116
C_ins_at_20	633.a3m	27.9692
A_ins_at_209	634.a3m	62.5238
G_ins_at_186	635.a3m	56.8672
A_ins_at_426	636.a3m	86.4668
T_ins_at_529	637.a3m	175.201
C_ins_at_97	638.a3m	73.2288
C_ins_at_262	639.a3m	107.393
A_ins_at_485	63.a3m	149.946
A_ins_at_519	640.a3m	146.567
C_ins_at_303	641.a3m	67.8205
C_ins_at_410	642.a3m	79.7564
C_ins_at_281	643.a3m	90.4755
T_ins_at_288	644.a3m	78.9335
T_ins_at_472	645.a3m	153.693
G_ins_at_37	646.a3m	28.7756
C_ins_at_435	647.a3m	83.7014
T_ins_at_510	648.a3m	158.753
A_ins_at_87	649.a3m	85.3305
G_ins_at_329	64.a3m	62.7555
T_ins_at_147	650.a3m	77.248
G_ins_at_499	651.a3m	157.85
A_ins_at_90	652.a3m	72.52
T_ins_at_205	653.a3m	56.355
T_ins_at_138	654.a3m	74.6711
T_ins_at_257	655.a3m	109.78
T_ins_at_440	656.a3m	133.622
G_ins_at_556	657.a3m	186.196
G_ins_at_123	658.a3m	71.3113
T_ins_at_119	659.a3m	69.569
G_ins_at_523	65.a3m	146.091
A_ins_at_423	660.a3m	87.998
G_ins_at_44	661.a3m	27.7842
T_ins_at_36	662.a3m	30.0288
G_ins_at_197	663.a3m	58.4263
A_ins_at_542	664.a3m	145.372
T_ins_at_73	665.a3m	44.8938
A_ins_at_290	666.a3m	64.6428
A_ins_at_291	667.a3m	63.3041
T_ins_at_202	668.a3m	65.3643
A_ins_at_60	669.a3m	32.2285
G_ins_at_53	66.a3m	35.1673
G_ins_at_25	670.a3m	31.1651
C_ins_at_228	671.a3m	59.8246
C_ins_at_288	672.a3m	79.2997
A_ins_at_424	673.a3m	91.6737
A_ins_at_342	674.a3m	124.41
A_ins_at_112	675.a3m	67.8152
A_ins_at_80	676.a3m	79.6912
G_ins_at_429	677.a3m	78.6623
G_ins_at_206	678.a3m	76.1373
A_ins_at_245	679.a3m	126.261
T_ins_at_302	67.a3m	57.5018
G_ins_at_465	680.a3m	152.126
T_ins_at_19	681.a3m	27.1925
G_ins_at_36	682.a3m	28.7667
G_ins_at_317	683.a3m	57.0571
A_ins_at_108	684.a3m	68.0321
G_ins_at_285	685.a3m	87.5969
T_ins_at_299	686.a3m	60.9853
G_ins_at_371	687.a3m	106.972
G_ins_at_128	688.a3m	72.368
C_ins_at_446	689.a3m	136.996
T_ins_at_424	68.a3m	91.1799
A_ins_at_241	690.a3m	107.299
T_ins_at_324	691.a3m	61.3662
A_ins_at_511	692.a3m	157.496
A_ins_at_153	693.a3m	87.5618
A_ins_at_129	694.a3m	70.2833
T_ins_at_413	695.a3m	85.4111
A_ins_at_8	696.a3m	23.6413
G_ins_at_561	697.a3m	167.207
C_ins_at_137	698.a3m	65.5562
C_ins_at_119	699.a3m	73.3033
T_ins_at_463	69.a3m	149.013
G_ins_at_156	6.a3m	71.2528
A_ins_at_144	700.a3m	67.0701
G_ins_at_528	701.a3m	186.082
A_ins_at_115	702.a3m	65.4659
G_ins_at_315	703.a3m	56.3734
C_ins_at_465	704.a3m	152.151
A_ins_at_106	705.a3m	73.3414
G_ins_at_544	706.a3m	179.796
T_ins_at_491	707.a3m	150.571
A_ins_at_161	708.a3m	83.5166
G_ins_at_422	709.a3m	88.3893
T_ins_at_552	70.a3m	181.322
A_ins_at_281	710.a3m	85.2172
C_ins_at_353	711.a3m	110.241
C_ins_at_260	712.a3m	106.412
T_ins_at_54	713.a3m	23.3255
G_ins_at_450	714.a3m	146.825
A_ins_at_540	715.a3m	152.908
A_ins_at_395	716.a3m	84.3834
G_ins_at_402	717.a3m	82.4504
C_ins_at_248	718.a3m	112.437
G_ins_at_82	719.a3m	78.8379
C_ins_at_98	71.a3m	70.7557
A_ins_at_125	720.a3m	70.9776
A_ins_at_447	721.a3m	136.969
G_ins_at_509	722.a3m	148.916
A_ins_at_450	723.a3m	145.45
C_ins_at_512	724.a3m	160.05
A_ins_at_393	725.a3m	77.9747
A_ins_at_336	726.a3m	143.105
G_ins_at_475	727.a3m	142.594
C_ins_at_286	728.a3m	64.5125
G_ins_at_105	729.a3m	58.6174
T_ins_at_187	72.a3m	56.1687
T_ins_at_226	730.a3m	66.2466
C_ins_at_475	731.a3m	150.587
T_ins_at_453	732.a3m	142.912
A_ins_at_81	733.a3m	76.7002
A_ins_at_493	734.a3m	139.755
T_ins_at_317	735.a3m	56.9987
C_ins_at_423	736.a3m	90.2206
C_ins_at_254	737.a3m	109.988
T_ins_at_560	738.a3m	157.142
C_ins_at_495	739.a3m	144.501
G_ins_at_537	73.a3m	168.938
A_ins_at_370	740.a3m	112.741
C_ins_at_529	741.a3m	184.869
A_ins_at_408	742.a3m	82.6253
C_ins_at_338	743.a3m	121.945
G_ins_at_15	744.a3m	27.3492
C_ins_at_366	745.a3m	117.97
C_ins_at_267	746.a3m	90.2662
T_ins_at_430	747.a3m	81.76
A_ins_at_273	748.a3m	95.3015
C_ins_at_508	749.a3m	155.141
T_ins_at_9	74.a3m	22.5191
A_ins_at_170	750.a3m	96.2419
T_ins_at_264	751.a3m	106.122
C_ins_at_336	752.a3m	131.342
C_ins_at_132	753.a3m	69.5459
A_ins_at_520	754.a3m	150.202
C_ins_at_159	755.a3m	72.1042
G_ins_at_100	756.a3m	75.8609
C_ins_at_257	757.a3m	108.358
G_ins_at_500	758.a3m	159.218
T_ins_at_466	759.a3m	166.202
G_ins_at_34	75.a3m	24.8344
G_ins_at_366	760.a3m	103.207
A_ins_at_25	761.a3m	28.2785
A_ins_at_471	762.a3m	170.872
G_ins_at_349	763.a3m	119.963
C_ins_at_149	764.a3m	83.0282
G_ins_at_412	765.a3m	84.2885
C_ins_at_99	766.a3m	74.2119
C_ins_at_298	767.a3m	64.4855
G_ins_at_218	768.a3m	71.1811
A_ins_at_425	769.a3m	86.5057
T_ins_at_316	76.a3m	62.028
G_ins_at_480	770.a3m	149.268
A_ins_at_61	771.a3m	26.6305
G_ins_at_383	772.a3m	94.6676
A_ins_at_407	773.a3m	81.6896
G_ins_at_407	774.a3m	80.5073
C_ins_at_308	775.a3m	61.2394
G_ins_at_503	776.a3m	124.638
T_ins_at_505	777.a3m	154.995
A_ins_at_486	778.a3m	143.818
T_ins_at_116	779.a3m	66.7567
T_ins_at_271	77.a3m	102.799
A_ins_at_71	780.a3m	40.5647
C_ins_at_397	781.a3m	79.0943
G_ins_at_316	782.a3m	56.8385
C_ins_at_85	783.a3m	78.3378
T_ins_at_546	784.a3m	179.428
A_ins_at_271	785.a3m	98.533
A_ins_at_340	786.a3m	127.496
A_ins_at_530	787.a3m	178.262
A_ins_at_140	788.a3m	51.2551
T_ins_at_471	789.a3m	168.299
C_ins_at_93	78.a3m	71.6905
T_ins_at_24	790.a3m	24.7143
C_ins_at_283	791.a3m	94.358
G_ins_at_273	792.a3m	98.2147
A_ins_at_19	793.a3m	25.3469
A_ins_at_468	794.a3m	157.154
A_ins_at_72	795.a3m	36.6485
G_ins_at_489	796.a3m	145.828
A_ins_at_469	797.a3m	144.615
T_ins_at_417	798.a3m	88.9205
T_ins_at_349	799.a3m	121.199
G_ins_at_295	79.a3m	63.8638
A_ins_at_282	7.a3m	91.6159
G_ins_at_19	800.a3m	23.3573
C_ins_at_409	801.a3m	74.5345
T_ins_at_373	802.a3m	100.144
G_ins_at_83	803.a3m	76.4452
T_ins_at_441	804.a3m	148.724
T_ins_at_122	805.a3m	64.7586
T_ins_at_286	806.a3m	61.2855
C_ins_at_154	807.a3m	77.8632
C_ins_at_517	808.a3m	150.736
T_ins_at_461	809.a3m	144.459
A_ins_at_453	80.a3m	140.37
G_ins_at_8	810.a3m	26.1621
G_ins_at_223	811.a3m	71.0933
C_ins_at_390	812.a3m	89.0015
G_ins_at_473	813.a3m	154.995
A_ins_at_524	814.a3m	147.803
A_ins_at_338	815.a3m	131.79
C_ins_at_61	816.a3m	26.6626
T_ins_at_156	817.a3m	71.1419
A_ins_at_224	818.a3m	64.8583
G_ins_at_334	819.a3m	119.394
A_ins_at_13	81.a3m	25.9122
A_ins_at_460	820.a3m	156.865
A_ins_at_322	821.a3m	57.1848
T_ins_at_538	822.a3m	174.813
G_ins_at_454	823.a3m	143.032
C_ins_at_297	824.a3m	68.8856
T_ins_at_445	825.a3m	144.993
G_ins_at_515	826.a3m	149.326
A_ins_at_529	827.a3m	157.065
C_ins_at_333	828.a3m	62.3729
T_ins_at_391	829.a3m	76.4406
T_ins_at_95	82.a3m	73.5865
C_ins_at_374	830.a3m	100.631
G_ins_at_495	831.a3m	152.445
T_ins_at_63	832.a3m	27.1596
A_ins_at_134	833.a3m	68.9498
A_ins_at_501	834.a3m	167.19
G_ins_at_457	835.a3m	142.209
A_ins_at_42	836.a3m	32.9372
C_ins_at_425	837.a3m	87.4018
A_ins_at_211	838.a3m	74.0499
A_ins_at_239	839.a3m	105.503
A_ins_at_2	83.a3m	25.922
C_ins_at_516	840.a3m	157.81
A_ins_at_252	841.a3m	106.581
T_ins_at_446	842.a3m	138.985
G_ins_at_221	843.a3m	61.8034
A_ins_at_356	844.a3m	119.04
C_ins_at_482	845.a3m	140.093
T_ins_at_18	846.a3m	27.19
T_ins_at_76	847.a3m	37.547
C_ins_at_492	848.a3m	151.2
C_ins_at_153	849.a3m	76.9867
G_ins_at_417	84.a3m	82.1852
C_ins_at_223	850.a3m	60.8606
A_ins_at_488	851.a3m	153.029
T_ins_at_285	852.a3m	64.0478
G_ins_at_345	853.a3m	131.067
T_ins_at_558	854.a3m	169.182
C_ins_at_331	855.a3m	64.6629
G_ins_at_134	856.a3m	66.531
G_ins_at_138	857.a3m	67.328
C_ins_at_14	858.a3m	24.6937
T_ins_at_97	859.a3m	78.9579
G_ins_at_400	85.a3m	80.6224
T_ins_at_266	860.a3m	104.429
G_ins_at_152	861.a3m	72.4268
A_ins_at_288	862.a3m	78.7796
C_ins_at_90	863.a3m	70.918
C_ins_at_76	864.a3m	73.4708
G_ins_at_358	865.a3m	102.852
A_ins_at_181	866.a3m	50.3342
T_ins_at_166	867.a3m	76.4212
A_ins_at_277	868.a3m	90.37
G_ins_at_332	869.a3m	62.4782
C_ins_at_391	86.a3m	90.1503
G_ins_at_547	870.a3m	176.642
C_ins_at_28	871.a3m	26.3294
C_ins_at_500	872.a3m	169.741
G_ins_at_108	873.a3m	61.0235
A_ins_at_345	874.a3m	126.485
A_ins_at_531	875.a3m	184.393
C_ins_at_385	876.a3m	88.6935
C_ins_at_82	877.a3m	62.4159
C_ins_at_276	878.a3m	88.3612
A_ins_at_550	879.a3m	162.823
T_ins_at_94	87.a3m	69.7342
C_ins_at_96	880.a3m	82.1735
T_ins_at_79	881.a3m	40.1586
A_ins_at_496	882.a3m	151.396
T_ins_at_118	883.a3m	65.9686
T_ins_at_494	884.a3m	158.055
C_ins_at_49	885.a3m	30.5491
C_ins_at_493	886.a3m	140.902
A_ins_at_510	887.a3m	159.367
C_ins_at_442	888.a3m	132.962
T_ins_at_35	889.a3m	22.1639
T_ins_at_421	88.a3m	87.5237
G_ins_at_330	890.a3m	59.5217
C_ins_at_79	891.a3m	78.9382
G_ins_at_29	892.a3m	27.3726
G_ins_at_194	893.a3m	62.8396
A_ins_at_58	894.a3m	24.5979
T_ins_at_61	895.a3m	32.2876
G_ins_at_85	896.a3m	78.237
C_ins_at_272	897.a3m	94.1452
C_ins_at_17	898.a3m	20.8369
T_ins_at_486	899.a3m	139.944
C_ins_at_141	89.a3m	60.4335
T_ins_at_216	8.a3m	72.9845
C_ins_at_547	900.a3m	174.092
T_ins_at_242	901.a3m	116.012
G_ins_at_472	902.a3m	143.143
A_ins_at_184	903.a3m	65.1237
C_ins_at_473	904.a3m	168.49
C_ins_at_7	905.a3m	28.7992
T_ins_at_336	906.a3m	131.937
A_ins_at_429	907.a3m	78.8999
G_ins_at_382	908.a3m	93.5327
C_ins_at_74	909.a3m	35.056
C_ins_at_335	90.a3m	114.681
G_ins_at_507	910.a3m	161.697
C_ins_at_285	911.a3m	64.1312
G_ins_at_548	912.a3m	189.616
G_ins_at_318	913.a3m	56.9403
C_ins_at_519	914.a3m	150.572
G_ins_at_384	915.a3m	92.6864
T_ins_at_482	916.a3m	132.148
A_ins_at_162	917.a3m	85.1572
G_ins_at_484	918.a3m	150.348
A_ins_at_111	919.a3m	63.5836
G_ins_at_309	91.a3m	57.7967
A_ins_at_182	920.a3m	56.8529
A_ins_at_414	921.a3m	83.6343
G_ins_at_401	922.a3m	79.3989
A_ins_at_50	923.a3m	20.4901
G_ins_at_76	924.a3m	68.0584
A_ins_at_297	925.a3m	64.8976
A_ins_at_255	926.a3m	111.535
C_ins_at_54	927.a3m	23.2814
C_ins_at_520	928.a3m	147.012
C_ins_at_70	929.a3m	44.7502
G_ins_at_120	92.a3m	73.183
T_ins_at_239	930.a3m	103.137
C_ins_at_160	931.a3m	71.7236
A_ins_at_117	932.a3m	66.7064
C_ins_at_140	933.a3m	69.2994
A_ins_at_539	934.a3m	153.308
G_ins_at_364	935.a3m	123.699
C_ins_at_157	936.a3m	68.067
T_ins_at_342	937.a3m	126.213
T_ins_at_224	938.a3m	61.4033
T_ins_at_171	939.a3m	81.1545
G_ins_at_137	93.a3m	67.529
T_ins_at_128	940.a3m	65.534
C_ins_at_211	941.a3m	72.5734
T_ins_at_507	942.a3m	153.229
A_ins_at_15	943.a3m	27.4825
T_ins_at_168	944.a3m	79.6139
T_ins_at_364	945.a3m	64.5321
T_ins_at_245	946.a3m	117.421
C_ins_at_340	947.a3m	116.908
A_ins_at_168	948.a3m	98.4447
T_ins_at_527	949.a3m	181.325
T_ins_at_29	94.a3m	26.7666
A_ins_at_99	950.a3m	73.251
G_ins_at_86	951.a3m	78.912
A_ins_at_466	952.a3m	142.106
G_ins_at_61	953.a3m	43.0076
A_ins_at_462	954.a3m	154.613
A_ins_at_57	955.a3m	28.812
C_ins_at_280	956.a3m	91.0348
T_ins_at_89	957.a3m	82.1579
A_ins_at_149	958.a3m	78.2648
A_ins_at_237	959.a3m	57.5769
C_ins_at_192	95.a3m	52.4799
C_ins_at_110	960.a3m	67.9746
C_ins_at_429	961.a3m	80.2803
A_ins_at_27	962.a3m	31.2655
G_ins_at_482	963.a3m	141.516
C_ins_at_515	964.a3m	143.353
G_ins_at_546	965.a3m	170.602
C_ins_at_53	966.a3m	23.3549
A_ins_at_428	967.a3m	81.2499
T_ins_at_438	968.a3m	131.699
G_ins_at_434	969.a3m	88.3277
C_ins_at_432	96.a3m	88.6697
T_ins_at_227	970.a3m	54.1144
T_ins_at_162	971.a3m	82.3539
T_ins_at_443	972.a3m	142.62
T_ins_at_248	973.a3m	105.118
A_ins_at_199	974.a3m	61.4668
G_ins_at_296	975.a3m	63.9705
G_ins_at_2	976.a3m	21.6891
A_ins_at_201	977.a3m	60.3336
G_ins_at_136	978.a3m	68.3193
C_ins_at_457	979.a3m	154.233
C_ins_at_273	97.a3m	99.7527
T_ins_at_16	980.a3m	27.8372
A_ins_at_515	981.a3m	158.534
C_ins_at_236	982.a3m	58.2151
A_ins_at_548	983.a3m	169.762
A_ins_at_242	984.a3m	108.48
C_ins_at_321	985.a3m	57.541
C_ins_at_557	986.a3m	170.058
C_ins_at_127	987.a3m	71.2416
A_ins_at_124	988.a3m	60.6873
T_ins_at_449	989.a3m	145.355
A_ins_at_264	98.a3m	103.91
A_ins_at_503	990.a3m	123.843
G_ins_at_195	991.a3m	59.4427
A_ins_at_178	992.a3m	58.5796
G_ins_at_210	993.a3m	73.3454
C_ins_at_162	994.a3m	86.3194
G_ins_at_493	995.a3m	149.051
C_ins_at_451	996.a3m	145.573
A_ins_at_421	997.a3m	87.5161
A_ins_at_419	998.a3m	91.0053
A_ins_at_328	999.a3m	59.0006
T_ins_at_195	99.a3m	57.0207
A_ins_at_63	9.a3m	36.3724
