p.M66K	0.a3m	367.124
p.E358K	1000.a3m	395.188
p.A347P	1001.a3m	378.873
p.R333H	1002.a3m	374.431
p.Q5R	1003.a3m	379.288
p.D208H	1004.a3m	366.719
p.K386E	1005.a3m	370.179
p.W146G	1006.a3m	355.226
p.H168L	1007.a3m	385.024
p.L206W	1008.a3m	395.785
p.C277R	1009.a3m	385.421
p.N311Y	100.a3m	364.933
p.G374V	1010.a3m	373.532
p.E224D	1011.a3m	356.919
p.G199V	1012.a3m	370.48
p.C141R	1013.a3m	390.523
p.E298G	1014.a3m	359.384
p.G244V	1015.a3m	372.794
p.G302E	1016.a3m	378.689
p.A307G	1017.a3m	381.664
p.E2V	1018.a3m	401.307
p.M237R	1019.a3m	405.502
p.L201F	101.a3m	375.597
p.T231P	1020.a3m	379.764
p.C124W	1021.a3m	367.74
p.V157D	1022.a3m	385.18
p.R156S	1023.a3m	370.963
p.H296N	1024.a3m	376.175
p.P75H	1025.a3m	378.15
p.G226D	1026.a3m	375.799
p.D7V	1027.a3m	396.848
p.D208V	1028.a3m	369.707
p.G356W	1029.a3m	374.955
p.L201STOP	102.a3m	243.134
p.H214Q	1030.a3m	375.963
p.H296R	1031.a3m	364.206
p.A129V	1032.a3m	388.856
p.Q136P	1033.a3m	377.784
p.P58S	1034.a3m	387.391
p.V173E	1035.a3m	388.183
p.Q354R	1036.a3m	364.058
p.R337C	1037.a3m	376.894
p.I254M	1038.a3m	391.73
p.E326D	1039.a3m	380.181
p.T155P	103.a3m	402.818
p.M160K	1040.a3m	369.563
p.V122A	1041.a3m	392.484
p.H368N	1042.a3m	390.731
p.D207E	1043.a3m	382.938
p.S261T	1044.a3m	369.989
p.C176R	1045.a3m	380.513
p.L369Q	1046.a3m	389.325
p.K370STOP	1047.a3m	334.705
p.E171K	1048.a3m	374.692
p.T55S	1049.a3m	375.706
p.T377N	104.a3m	387.323
p.T230N	1050.a3m	384.067
p.M66V	1051.a3m	380.6
p.E336K	1052.a3m	371.185
p.I332F	1053.a3m	385.105
p.P75A	1054.a3m	362.514
p.N310T	1055.a3m	375.929
p.P75T	1056.a3m	373.448
p.V274L	1057.a3m	368.334
p.P128L	1058.a3m	370.148
p.A79G	1059.a3m	342.995
p.M40I	105.a3m	377.738
p.P34A	1060.a3m	359.02
p.P13H	1061.a3m	369.97
p.D184N	1062.a3m	384.589
p.T170K	1063.a3m	385.187
p.F134Y	1064.a3m	379.67
p.F113I	1065.a3m	371.836
p.G226A	1066.a3m	369.882
p.I50N	1067.a3m	370.275
p.N235D	1068.a3m	385.577
p.P85A	1069.a3m	387.273
p.G360V	106.a3m	376.211
p.D61V	1070.a3m	350.603
p.F54V	1071.a3m	373.872
p.I251S	1072.a3m	395.803
p.V173L	1073.a3m	376.125
p.P278R	1074.a3m	399.873
p.R333C	1075.a3m	367.987
p.D7E	1076.a3m	376.708
p.S37Y	1077.a3m	374.191
p.D393G	1078.a3m	392.188
p.F328I	1079.a3m	371.463
p.A88S	107.a3m	371.493
p.Q375K	1080.a3m	402.892
p.C124Y	1081.a3m	385.352
p.S362T	1082.a3m	350.883
p.A83T	1083.a3m	355.614
p.E294V	1084.a3m	376.833
p.I255F	1085.a3m	360.822
p.E171V	1086.a3m	376.355
p.D184E	1087.a3m	369.775
p.T81S	1088.a3m	368.933
p.G325A	1089.a3m	389.018
p.A70T	108.a3m	362.593
p.S149A	1090.a3m	385.25
p.P12S	1091.a3m	386.785
p.E358D	1092.a3m	346.581
p.D184Y	1093.a3m	363.947
p.R267W	1094.a3m	367.026
p.F338Y	1095.a3m	373.439
p.I232M	1096.a3m	379.959
p.H296L	1097.a3m	385.332
p.G108C	1098.a3m	362.72
p.D393V	1099.a3m	380.46
p.F19S	109.a3m	379.198
p.S376T	10.a3m	385.319
p.I332S	1100.a3m	381.67
p.P8L	1101.a3m	380.865
p.K164N	1102.a3m	383.725
p.A161T	1103.a3m	353.439
p.Y163C	1104.a3m	365.861
p.K386R	1105.a3m	383.633
p.S149F	1106.a3m	376.853
p.G59S	1107.a3m	385.308
p.L348M	1108.a3m	378.767
p.G266STOP	1109.a3m	245.661
p.S127Y	110.a3m	401.699
p.G356A	1110.a3m	362.021
p.E271D	1111.a3m	382.431
p.H380R	1112.a3m	389.675
p.P82S	1113.a3m	379.817
p.R174T	1114.a3m	407.619
p.P318S	1115.a3m	372.286
p.P47L	1116.a3m	398.851
p.K305STOP	1117.a3m	240.129
p.N235H	1118.a3m	380.107
p.P301R	1119.a3m	379.283
p.R363S	111.a3m	380.875
p.W23C	1120.a3m	370.325
p.P316T	1121.a3m	368.975
p.R333P	1122.a3m	381.527
p.V218G	1123.a3m	375.248
p.Q192E	1124.a3m	395.417
p.L308V	1125.a3m	375.31
p.E339A	1126.a3m	379.43
p.E258V	1127.a3m	372.629
p.H365Y	1128.a3m	355.58
p.S99T	1129.a3m	367.104
p.V10L	112.a3m	363.954
p.R249W	1130.a3m	395.627
p.G108A	1131.a3m	378.393
p.R110L	1132.a3m	390.453
p.Q136H	1133.a3m	372.367
p.Y220C	1134.a3m	381.02
p.H368Y	1135.a3m	369.875
p.K24N	1136.a3m	378.364
p.K373R	1137.a3m	388.706
p.G279A	1138.a3m	373.867
p.F385C	1139.a3m	375.697
p.S362G	113.a3m	398.69
p.S95P	1140.a3m	380.628
p.A63D	1141.a3m	374.091
p.P142R	1142.a3m	384.829
p.F328S	1143.a3m	410.486
p.L194H	1144.a3m	387.022
p.S261G	1145.a3m	374.646
p.K386STOP	1146.a3m	365.706
p.Y327S	1147.a3m	381.401
p.E180D	1148.a3m	354.517
p.Q38P	1149.a3m	373.624
p.D42H	114.a3m	370.234
p.P151S	1150.a3m	367.452
p.P13A	1151.a3m	360.425
p.E258K	1152.a3m	428.439
p.R174M	1153.a3m	377.624
p.M237K	1154.a3m	396.45
p.W146STOP	1155.a3m	187.149
p.M44I	1156.a3m	366.107
p.G117W	1157.a3m	367.838
p.Q16STOP	1158.a3m	9.09385
p.G302A	1159.a3m	378.836
p.T118R	115.a3m	383.127
p.P151H	1160.a3m	382.926
p.P60R	1161.a3m	354.097
p.D41E	1162.a3m	391.361
p.D49E	1163.a3m	374.584
p.P219A	1164.a3m	366.849
p.D148A	1165.a3m	378.49
p.R283S	1166.a3m	389.357
p.E2Q	1167.a3m	375.629
p.T55P	1168.a3m	381.376
p.H193Y	1169.a3m	368.673
p.G245A	116.a3m	410.834
p.L137P	1170.a3m	358.485
p.T125S	1171.a3m	386.13
p.R335G	1172.a3m	394.817
p.Q38H	1173.a3m	376.117
p.L32V	1174.a3m	379.528
p.S106N	1175.a3m	378.932
p.A307P	1176.a3m	387.188
p.K132T	1177.a3m	368.745
p.P87L	1178.a3m	389.048
p.E204A	1179.a3m	395.56
p.P316S	117.a3m	345.516
p.P77A	1180.a3m	373.431
p.S94STOP	1181.a3m	116.556
p.G105S	1182.a3m	381.285
p.G154C	1183.a3m	366.825
p.E2STOP	1184.a3m	
p.T155A	1185.a3m	352.233
p.L25Q	1186.a3m	391.644
p.P153A	1187.a3m	382.152
p.D391V	1188.a3m	376.08
p.S260F	1189.a3m	391.243
p.R379S	118.a3m	386.26
p.S116T	1190.a3m	361.08
p.S9R	1191.a3m	359.848
p.A79V	1192.a3m	374.359
p.P58L	1193.a3m	388.606
p.R110G	1194.a3m	378.269
p.H368R	1195.a3m	389.123
p.R379G	1196.a3m	384.34
p.P322R	1197.a3m	366.672
p.A84V	1198.a3m	385.479
p.F328L	1199.a3m	372.068
p.G245R	119.a3m	384.965
p.V97A	11.a3m	366.507
p.R283P	1200.a3m	380.78
p.G325STOP	1201.a3m	266.543
p.S15R	1202.a3m	371.665
p.L14R	1203.a3m	360.434
p.D21V	1204.a3m	382.986
p.V203M	1205.a3m	385.897
p.E271G	1206.a3m	388.15
p.P36A	1207.a3m	372.945
p.L114V	1208.a3m	387.76
p.V10I	1209.a3m	366.038
p.R209G	120.a3m	390.524
p.L22R	1210.a3m	366.953
p.R283G	1211.a3m	381.989
p.L32Q	1212.a3m	406.715
p.D49H	1213.a3m	390.247
p.N310D	1214.a3m	359.963
p.L265M	1215.a3m	362.084
p.W53STOP	1216.a3m	59.5859
p.Q354H	1217.a3m	388.423
p.R248G	1218.a3m	361.593
p.S362C	1219.a3m	370.215
p.S166L	121.a3m	366.038
p.T304N	1220.a3m	367.131
p.P64T	1221.a3m	359.371
p.P85L	1222.a3m	370.647
p.P309L	1223.a3m	381.864
p.E346A	1224.a3m	381.764
p.E221A	1225.a3m	363.802
p.K120M	1226.a3m	390.444
p.G105A	1227.a3m	364.788
p.S367I	1228.a3m	369.068
p.L252F	1229.a3m	373.059
p.S149P	122.a3m	374.767
p.I50M	1230.a3m	388.937
p.E17V	1231.a3m	370.459
p.S6P	1232.a3m	384.395
p.S95F	1233.a3m	382.926
p.A39S	1234.a3m	383.103
p.V31D	1235.a3m	371.281
p.R196G	1236.a3m	363.942
p.L257Q	1237.a3m	381.734
p.D259A	1238.a3m	375.173
p.A276D	1239.a3m	393.194
p.N345T	123.a3m	382.578
p.Q375L	1240.a3m	385.284
p.E286A	1241.a3m	374.661
p.S314P	1242.a3m	352.592
p.V10G	1243.a3m	386.874
p.Q354E	1244.a3m	383.208
p.M133T	1245.a3m	369.144
p.F212V	1246.a3m	370.17
p.L111R	1247.a3m	382.222
p.P152T	1248.a3m	379.854
p.A347G	1249.a3m	373.027
p.G112D	124.a3m	384.361
p.L22Q	1250.a3m	383.63
p.S241F	1251.a3m	374.127
p.V216M	1252.a3m	384.157
p.G389W	1253.a3m	386.212
p.P67T	1254.a3m	370.366
p.L14V	1255.a3m	379.887
p.P98A	1256.a3m	401.648
p.K139M	1257.a3m	375.946
p.G262S	1258.a3m	369.033
p.A364D	1259.a3m	385.755
p.F113S	125.a3m	386.349
p.K357STOP	1260.a3m	298.139
p.D7A	1261.a3m	372.79
p.L137V	1262.a3m	385.445
p.T150I	1263.a3m	387.68
p.N310K	1264.a3m	382.996
p.E388A	1265.a3m	363.933
p.R267Q	1266.a3m	391.838
p.E171Q	1267.a3m	394.318
p.N200H	1268.a3m	397.388
p.N288S	1269.a3m	386.8
p.E285STOP	126.a3m	214.141
p.C242STOP	1270.a3m	245.822
p.S314A	1271.a3m	385.445
p.A129G	1272.a3m	380.322
p.STOP394L	1273.a3m	392.232
p.R110H	1274.a3m	365.672
p.G334E	1275.a3m	399.713
p.E287STOP	1276.a3m	211.562
p.H178P	1277.a3m	376.527
p.P47S	1278.a3m	382.618
p.P98S	1279.a3m	394.36
p.P191T	127.a3m	374.45
p.R209I	1280.a3m	364.683
p.P359T	1281.a3m	393.757
p.T140N	1282.a3m	401.882
p.P60S	1283.a3m	388.524
p.P177R	1284.a3m	384.671
p.K319STOP	1285.a3m	262.487
p.C182F	1286.a3m	387.825
p.A276S	1287.a3m	366.29
p.C176G	1288.a3m	379.789
p.P191R	1289.a3m	368.035
p.D57A	128.a3m	379.856
p.S227T	1290.a3m	364.165
p.C182W	1291.a3m	364.176
p.K132M	1292.a3m	347.57
p.R290L	1293.a3m	364.849
p.S269C	1294.a3m	398.717
p.A138G	1295.a3m	383.294
p.E180V	1296.a3m	375.616
p.D186V	1297.a3m	380.208
p.Y107F	1298.a3m	386.893
p.R181S	1299.a3m	383.637
p.Y163N	129.a3m	381.58
p.V216G	12.a3m	389.045
p.G325R	1300.a3m	359.987
p.N30S	1301.a3m	373.417
p.E294STOP	1302.a3m	235.947
p.D61N	1303.a3m	362.666
p.L22P	1304.a3m	396.756
p.S241Y	1305.a3m	354.487
p.P153T	1306.a3m	379.892
p.K24Q	1307.a3m	373.867
p.T231S	1308.a3m	376.739
p.G293W	1309.a3m	381.651
p.C182G	130.a3m	349.056
p.P295R	1310.a3m	362.747
p.K164R	1311.a3m	372.166
p.K386T	1312.a3m	372.917
p.S260C	1313.a3m	374.689
p.V225I	1314.a3m	381.896
p.P92S	1315.a3m	380.61
p.A347D	1316.a3m	373.355
p.S241T	1317.a3m	396.167
p.F19V	1318.a3m	387.673
p.E294G	1319.a3m	358.744
p.T140I	131.a3m	393.744
p.V217G	1320.a3m	399.291
p.T211N	1321.a3m	365.272
p.K139STOP	1322.a3m	194.752
p.K357T	1323.a3m	379.393
p.Q104L	1324.a3m	383.791
p.T140P	1325.a3m	382.109
p.K357M	1326.a3m	380.549
p.R282G	1327.a3m	373.081
p.D228N	1328.a3m	377.985
p.W146C	1329.a3m	380.687
p.K381N	132.a3m	370.706
p.K320Q	1330.a3m	364.945
p.L369V	1331.a3m	382.841
p.E204K	1332.a3m	367.743
p.R209K	1333.a3m	368.754
p.K292Q	1334.a3m	387.352
p.M169L	1335.a3m	376.178
p.Y126D	1336.a3m	401.012
p.V203G	1337.a3m	376.558
p.S376A	1338.a3m	376.889
p.R280STOP	1339.a3m	209.884
p.K101N	133.a3m	369.072
p.R213G	1340.a3m	384.623
p.A161D	1341.a3m	363.717
p.S90T	1342.a3m	381.671
p.S315Y	1343.a3m	382.72
p.P98L	1344.a3m	397.473
p.R175G	1345.a3m	371.046
p.F385I	1346.a3m	379.153
p.M40V	1347.a3m	365.483
p.S127P	1348.a3m	385.111
p.G245C	1349.a3m	389.625
p.H168Y	134.a3m	372.312
p.K292E	1350.a3m	379.241
p.L344R	1351.a3m	397.712
p.V225L	1352.a3m	374.649
p.D7G	1353.a3m	385.138
p.E198G	1354.a3m	377.546
p.E285G	1355.a3m	360.872
p.L130V	1356.a3m	393.475
p.P359Q	1357.a3m	398.133
p.Y107D	1358.a3m	370.168
p.Q331E	1359.a3m	386.262
p.P222L	135.a3m	371.569
p.L45Q	1360.a3m	400.267
p.P89R	1361.a3m	373.784
p.Y126STOP	1362.a3m	200.47
p.K164Q	1363.a3m	356.568
p.F385L	1364.a3m	372.645
p.M44L	1365.a3m	380.778
p.C124F	1366.a3m	380.647
p.K139E	1367.a3m	358.213
p.L22V	1368.a3m	386.38
p.D41A	1369.a3m	385.459
p.T329P	136.a3m	383.249
p.E2K	1370.a3m	369.776
p.E294K	1371.a3m	368.018
p.L35V	1372.a3m	382.226
p.R248Q	1373.a3m	360.577
p.N29I	1374.a3m	355.587
p.K319M	1375.a3m	373.445
p.N239I	1376.a3m	371.228
p.E68A	1377.a3m	380.671
p.L130R	1378.a3m	409.161
p.Q317STOP	1379.a3m	279.054
p.R65T	137.a3m	394.008
p.C229S	1380.a3m	385.896
p.I251V	1381.a3m	365.487
p.P222S	1382.a3m	388.748
p.E286G	1383.a3m	371.761
p.L114STOP	1384.a3m	155.209
p.E388STOP	1385.a3m	355.855
p.Y205F	1386.a3m	383.593
p.R174W	1387.a3m	359.255
p.M169R	1388.a3m	358.165
p.R158G	1389.a3m	374.126
p.Q38R	138.a3m	362.957
p.Q5H	1390.a3m	373.709
p.E339STOP	1391.a3m	284.765
p.E287A	1392.a3m	385.631
p.F328V	1393.a3m	380.058
p.S9I	1394.a3m	380.091
p.S106I	1395.a3m	371.781
p.V197E	1396.a3m	384.498
p.D352E	1397.a3m	391.952
p.F134V	1398.a3m	377.547
p.A83G	1399.a3m	401.475
p.R306P	139.a3m	373.647
p.V217E	13.a3m	376.303
p.F109S	1400.a3m	375.618
p.V143G	1401.a3m	395.935
p.L330R	1402.a3m	395.039
p.S96P	1403.a3m	424.916
p.R174K	1404.a3m	380.621
p.D48A	1405.a3m	388.342
p.K370T	1406.a3m	369.257
p.G112C	1407.a3m	365.458
p.L188Q	1408.a3m	378.955
p.S37T	1409.a3m	369.977
p.R196STOP	140.a3m	262.2
p.S166STOP	1410.a3m	222.138
p.Q5K	1411.a3m	371.915
p.V147D	1412.a3m	377.304
p.R202L	1413.a3m	389.471
p.M237I	1414.a3m	365.124
p.G187S	1415.a3m	368.369
p.K370R	1416.a3m	366.793
p.P322T	1417.a3m	386.505
p.R209S	1418.a3m	385.278
p.W146L	1419.a3m	370.253
p.K370M	141.a3m	376.934
p.P300T	1420.a3m	365.947
p.P67R	1421.a3m	372.287
p.H115D	1422.a3m	390.156
p.A86E	1423.a3m	387.085
p.P390T	1424.a3m	372.071
p.V203A	1425.a3m	374.524
p.V31G	1426.a3m	387.174
p.M246V	1427.a3m	379.723
p.N288Y	1428.a3m	379.384
p.Y327C	1429.a3m	380.755
p.P295L	142.a3m	367.136
p.C277Y	1430.a3m	363.517
p.L299M	1431.a3m	382.425
p.K321N	1432.a3m	370.348
p.R335L	1433.a3m	364.592
p.P4Q	1434.a3m	375.129
p.R213STOP	1435.a3m	272.702
p.N210T	1436.a3m	392.173
p.N210Y	1437.a3m	405.452
p.P60A	1438.a3m	366.973
p.D61G	1439.a3m	381.353
p.D7N	143.a3m	379.731
p.A355T	1440.a3m	392.171
p.S366F	1441.a3m	385.098
p.P142S	1442.a3m	365.815
p.P316H	1443.a3m	363.632
p.F134I	1444.a3m	368.613
p.E285Q	1445.a3m	361.447
p.K320M	1446.a3m	367.14
p.P390H	1447.a3m	363.408
p.E298D	1448.a3m	390.233
p.E11K	1449.a3m	365.718
p.A78G	144.a3m	393.434
p.Q192R	1450.a3m	371.222
p.E51G	1451.a3m	378.576
p.N131D	1452.a3m	365.842
p.T81P	1453.a3m	360.291
p.P151R	1454.a3m	393.899
p.N310S	1455.a3m	373.958
p.E28G	1456.a3m	374.688
p.R363K	1457.a3m	384.502
p.S367C	1458.a3m	389.877
p.D352V	1459.a3m	391.769
p.P390S	145.a3m	384.736
p.V218L	1460.a3m	371.664
p.S90C	1461.a3m	369.037
p.N29K	1462.a3m	369.246
p.R158P	1463.a3m	386.589
p.E11STOP	1464.a3m	8.72654
p.P300L	1465.a3m	398.84
p.L350I	1466.a3m	408.968
p.P300H	1467.a3m	384.006
p.L257R	1468.a3m	373.513
p.K305T	1469.a3m	394.55
p.P64R	146.a3m	379.534
p.A39P	1470.a3m	368.789
p.Y236F	1471.a3m	389.236
p.S362R	1472.a3m	372.168
p.E17K	1473.a3m	397.942
p.E28D	1474.a3m	371.864
p.A76T	1475.a3m	421.14
p.A76G	1476.a3m	382.001
p.M1T	1477.a3m	374.689
p.P390R	1478.a3m	377.421
p.N345K	1479.a3m	379.705
p.H178R	147.a3m	388.083
p.L299V	1480.a3m	365.907
p.N131S	1481.a3m	367.598
p.S392P	1482.a3m	360.676
p.T150A	1483.a3m	362.845
p.L45V	1484.a3m	375.411
p.L130H	1485.a3m	374.96
p.E204V	1486.a3m	370.149
p.Y234F	1487.a3m	383.881
p.S15N	1488.a3m	382.545
p.P80R	1489.a3m	365.221
p.I50F	148.a3m	381.623
p.C229Y	1490.a3m	380.256
p.C124STOP	1491.a3m	185.788
p.R290G	1492.a3m	385.172
p.S371F	1493.a3m	386.111
p.Q375P	1494.a3m	383.597
p.T125M	1495.a3m	363.463
p.D324A	1496.a3m	388.365
p.R158H	1497.a3m	392.333
p.S227A	1498.a3m	378.616
p.A39E	1499.a3m	380.091
p.I162M	149.a3m	394.937
p.P250T	14.a3m	395.219
p.C182S	1500.a3m	376.641
p.E62D	1501.a3m	364.712
p.D228E	1502.a3m	374.307
p.I255N	1503.a3m	355.226
p.S9G	1504.a3m	384.12
p.S371C	1505.a3m	361.738
p.L35S	1506.a3m	361.777
p.P36S	1507.a3m	390.652
p.M169T	1508.a3m	377.166
p.E51V	1509.a3m	389.303
p.S314C	150.a3m	381.234
p.D41G	1510.a3m	365.253
p.A63G	1511.a3m	384.349
p.P82T	1512.a3m	380.006
p.Q52STOP	1513.a3m	57.8006
p.Q38STOP	1514.a3m	30.9328
p.Q167R	1515.a3m	376.638
p.G389V	1516.a3m	377.079
p.E346Q	1517.a3m	365.019
p.P80A	1518.a3m	387.881
p.K139N	1519.a3m	385.487
p.Y220S	151.a3m	397.916
p.V218E	1520.a3m	373.778
p.R363G	1521.a3m	382.139
p.K132E	1522.a3m	367.471
p.R156C	1523.a3m	409.885
p.W53R	1524.a3m	381.273
p.Q5L	1525.a3m	361.445
p.P98R	1526.a3m	374.714
p.L93V	1527.a3m	364.241
p.E349K	1528.a3m	354.633
p.R249M	1529.a3m	374.241
p.E358A	152.a3m	383.364
p.L308P	1530.a3m	379.597
p.E326Q	1531.a3m	367.672
p.H380Y	1532.a3m	371.323
p.G302V	1533.a3m	376.172
p.G262D	1534.a3m	377.007
p.K24R	1535.a3m	385.339
p.S303T	1536.a3m	379.147
p.K120T	1537.a3m	377.597
p.L22I	1538.a3m	359.731
p.E271STOP	1539.a3m	215.338
p.N29T	153.a3m	361.866
p.P278H	1540.a3m	366.207
p.H214N	1541.a3m	392.86
p.L257V	1542.a3m	383.679
p.L201W	1543.a3m	375.546
p.Y236D	1544.a3m	387.477
p.D48G	1545.a3m	360.535
p.P71L	1546.a3m	376.618
p.H178D	1547.a3m	372.152
p.K164T	1548.a3m	390.768
p.T18P	1549.a3m	364.42
p.K101Q	154.a3m	385.128
p.G360W	1550.a3m	387.992
p.D324V	1551.a3m	361.979
p.A276V	1552.a3m	367.729
p.R333S	1553.a3m	369.31
p.Q331STOP	1554.a3m	292.101
p.S215T	1555.a3m	381.846
p.L32P	1556.a3m	384.585
p.F134L	1557.a3m	351.468
p.C176STOP	1558.a3m	229.689
p.S362N	1559.a3m	399.233
p.K24E	155.a3m	376.728
p.L188P	1560.a3m	391.189
p.H380D	1561.a3m	370.301
p.R273S	1562.a3m	376.31
p.V97G	1563.a3m	395.249
p.Q100STOP	1564.a3m	124.867
p.Y220F	1565.a3m	381.947
p.Q165E	1566.a3m	381.544
p.L130I	1567.a3m	381.712
p.G117V	1568.a3m	372.394
p.E224A	1569.a3m	388.765
p.D259Y	156.a3m	375.311
p.R363T	1570.a3m	382.708
p.K373Q	1571.a3m	373.986
p.A189P	1572.a3m	359.526
p.E221STOP	1573.a3m	253.197
p.L264Q	1574.a3m	382.001
p.S185C	1575.a3m	368.017
p.N288D	1576.a3m	385.313
p.S303G	1577.a3m	371.953
p.D207N	1578.a3m	364.887
p.M1V	1579.a3m	376.363
p.Q192H	157.a3m	365.287
p.E62G	1580.a3m	358.537
p.S183A	1581.a3m	374.352
p.Q192P	1582.a3m	365.873
p.G266E	1583.a3m	372.817
p.G360R	1584.a3m	378.398
p.S269N	1585.a3m	384.991
p.A69T	1586.a3m	362.672
p.S96F	1587.a3m	380.887
p.N288K	1588.a3m	397.228
p.S313N	1589.a3m	365.725
p.E68K	158.a3m	386.053
p.P27R	1590.a3m	373.507
p.P80S	1591.a3m	384.693
p.N210S	1592.a3m	384.96
p.Q104K	1593.a3m	379.086
p.Y107N	1594.a3m	386.491
p.I251F	1595.a3m	369.261
p.C135R	1596.a3m	395.951
p.R213P	1597.a3m	379.972
p.E51D	1598.a3m	413.473
p.M246R	1599.a3m	414.53
p.M133K	159.a3m	390.166
p.P128R	15.a3m	376.113
p.D352A	1600.a3m	381.81
p.L206M	1601.a3m	396.59
p.S20A	1602.a3m	374.067
p.P295A	1603.a3m	374.548
p.F385Y	1604.a3m	379.104
p.E56V	1605.a3m	374.608
p.P85S	1606.a3m	388.211
p.T253N	1607.a3m	388.092
p.P222T	1608.a3m	364.514
p.E349G	1609.a3m	379.575
p.D324E	160.a3m	377.418
p.L323M	1610.a3m	388.933
p.S261C	1611.a3m	362.149
p.S116P	1612.a3m	360.145
p.Q16H	1613.a3m	370.144
p.A84T	1614.a3m	373.062
p.M133R	1615.a3m	370.829
p.R158S	1616.a3m	370.042
p.Y205N	1617.a3m	375.027
p.K357Q	1618.a3m	375.406
p.L350H	1619.a3m	378.3
p.N239S	161.a3m	368.263
p.E11V	1620.a3m	382.666
p.V197L	1621.a3m	385.567
p.H179N	1622.a3m	369.109
p.L114S	1623.a3m	378.019
p.D48H	1624.a3m	385.286
p.A353T	1625.a3m	370.263
p.S106G	1626.a3m	402.404
p.G199R	1627.a3m	413.928
p.K319R	1628.a3m	367.605
p.P359R	1629.a3m	370.555
p.A69P	162.a3m	347.508
p.Q167P	1630.a3m	366.916
p.L43F	1631.a3m	372.633
p.D259N	1632.a3m	370.106
p.A86G	1633.a3m	375.883
p.Y163S	1634.a3m	374.41
p.L350V	1635.a3m	363.743
p.A364T	1636.a3m	375.062
p.S376F	1637.a3m	388.475
p.P316A	1638.a3m	371.26
p.L188V	1639.a3m	368.036
p.S241A	163.a3m	381.378
p.L264P	1640.a3m	391.724
p.A79T	1641.a3m	369.732
p.S90F	1642.a3m	379.148
p.R290P	1643.a3m	385.754
p.R290S	1644.a3m	361.771
p.H115N	1645.a3m	390.545
p.Y327N	1646.a3m	383.557
p.E258D	1647.a3m	387.421
p.E3K	1648.a3m	360.61
p.E343K	1649.a3m	380.459
p.A353P	164.a3m	406.13
p.A119P	1650.a3m	371.593
p.T377I	1651.a3m	368.932
p.K139Q	1652.a3m	382.369
p.L111V	1653.a3m	401.323
p.S260P	1654.a3m	371.526
p.N268K	1655.a3m	346.902
p.S37A	1656.a3m	389.461
p.D352G	1657.a3m	376.416
p.G293V	1658.a3m	384.999
p.P8R	1659.a3m	389.674
p.R282P	165.a3m	371.694
p.T329N	1660.a3m	374.681
p.P318T	1661.a3m	372.659
p.E180K	1662.a3m	398.12
p.D207V	1663.a3m	379.486
p.Q192K	1664.a3m	373.322
p.F19I	1665.a3m	377.792
p.C277G	1666.a3m	383.68
p.E258STOP	1667.a3m	212.622
p.R202G	1668.a3m	377.467
p.E221Q	1669.a3m	369.59
p.M66L	166.a3m	381.977
p.Q354STOP	1670.a3m	294.356
p.A63S	1671.a3m	393.228
p.V172I	1672.a3m	364.818
p.L194R	1673.a3m	397.713
p.S376C	1674.a3m	371.178
p.V272A	1675.a3m	370.212
p.D61A	1676.a3m	378.787
p.E258Q	1677.a3m	398.271
p.P151T	1678.a3m	392.908
p.D184A	1679.a3m	380.442
p.S20L	167.a3m	375.173
p.S392STOP	1680.a3m	372.723
p.P8H	1681.a3m	392.918
p.D148E	1682.a3m	375.666
p.L299Q	1683.a3m	377.689
p.W23R	1684.a3m	413.379
p.I195N	1685.a3m	380.512
p.P153H	1686.a3m	368.459
p.P67S	1687.a3m	376.56
p.G325V	1688.a3m	392.949
p.A74S	1689.a3m	389.841
p.C238R	168.a3m	373.279
p.Y234N	1690.a3m	384.847
p.A119G	1691.a3m	372.871
p.H193N	1692.a3m	390.819
p.H380P	1693.a3m	357.673
p.P152Q	1694.a3m	396.611
p.Q52K	1695.a3m	359.728
p.V97L	1696.a3m	418.6
p.D21N	1697.a3m	387.117
p.H296D	1698.a3m	366.85
p.L323V	1699.a3m	390.048
p.G112A	169.a3m	366.006
p.K292T	16.a3m	375.476
p.L383V	1700.a3m	401.206
p.A84G	1701.a3m	385.55
p.N310H	1702.a3m	374.163
p.E17STOP	1703.a3m	11.1772
p.E326K	1704.a3m	394.352
p.C135F	1705.a3m	404.791
p.M1R	1706.a3m	383.46
p.H179Y	1707.a3m	392.167
p.STOP394C	1708.a3m	385.503
p.D57G	1709.a3m	374.47
p.V122E	170.a3m	363.645
p.P191H	1710.a3m	396.79
p.P60T	1711.a3m	379.092
p.C242R	1712.a3m	398.72
p.E339V	1713.a3m	386.262
p.L201M	1714.a3m	370.455
p.I255L	1715.a3m	368.102
p.T170M	1716.a3m	362.22
p.I332V	1717.a3m	376.439
p.S121T	1718.a3m	397.98
p.S362I	1719.a3m	366.019
p.V218M	171.a3m	376.054
p.I232T	1720.a3m	370.611
p.N263D	1721.a3m	389.903
p.T102I	1722.a3m	382.457
p.A159D	1723.a3m	385.448
p.N29Y	1724.a3m	362.368
p.E298V	1725.a3m	379.422
p.K305N	1726.a3m	363.585
p.N345H	1727.a3m	380.15
p.E180A	1728.a3m	365.187
p.A39T	1729.a3m	388.174
p.P82A	172.a3m	388.61
p.D208G	1730.a3m	359.62
p.E349STOP	1731.a3m	316.582
p.N268Y	1732.a3m	352.537
p.H233Q	1733.a3m	395.552
p.Q165H	1734.a3m	378.122
p.Q5STOP	1735.a3m	14.2133
p.Q331H	1736.a3m	392.539
p.D259V	1737.a3m	409.728
p.E343A	1738.a3m	374.351
p.H380L	1739.a3m	372.511
p.G226C	173.a3m	380.819
p.A347S	1740.a3m	374.858
p.L369M	1741.a3m	388.412
p.T312N	1742.a3m	390.438
p.K292R	1743.a3m	375.566
p.E336V	1744.a3m	383.654
p.N247I	1745.a3m	386.959
p.H193R	1746.a3m	392.374
p.R65STOP	1747.a3m	71.5529
p.V274D	1748.a3m	387.315
p.N239Y	1749.a3m	371.595
p.R156H	174.a3m	365.279
p.S227P	1750.a3m	376.341
p.M243R	1751.a3m	374.792
p.E204STOP	1752.a3m	255.31
p.H365D	1753.a3m	387.607
p.A88T	1754.a3m	379.152
p.K101R	1755.a3m	358.015
p.D324H	1756.a3m	390.488
p.M44T	1757.a3m	368.98
p.H297R	1758.a3m	378.713
p.P128T	1759.a3m	365.783
p.P64L	175.a3m	361.897
p.R337P	1760.a3m	374.709
p.I332N	1761.a3m	366.195
p.E285A	1762.a3m	376.716
p.N235Y	1763.a3m	367.769
p.P322A	1764.a3m	381.241
p.R379C	1765.a3m	398.052
p.V73A	1766.a3m	373.808
p.T312S	1767.a3m	373.675
p.F270V	1768.a3m	382.995
p.R213L	1769.a3m	380.932
p.K321R	176.a3m	363.351
p.Y205C	1770.a3m	388.157
p.C135STOP	1771.a3m	199.725
p.I195T	1772.a3m	381.617
p.K305Q	1773.a3m	372.436
p.Y107H	1774.a3m	394.382
p.R335S	1775.a3m	373.769
p.P82Q	1776.a3m	387.254
p.G105R	1777.a3m	375.399
p.R363W	1778.a3m	369.076
p.L348F	1779.a3m	377.369
p.P58R	177.a3m	368.873
p.Y103H	1780.a3m	394.208
p.D186H	1781.a3m	385.579
p.D21Y	1782.a3m	368.969
p.Q38K	1783.a3m	355.157
p.H365L	1784.a3m	379.612
p.E171D	1785.a3m	395.995
p.G361V	1786.a3m	364.108
p.K351Q	1787.a3m	375.053
p.P75S	1788.a3m	377.41
p.G334A	1789.a3m	382.707
p.P34H	178.a3m	367.351
p.R181H	1790.a3m	378.465
p.M44K	1791.a3m	395.592
p.P223A	1792.a3m	374.472
p.V203L	1793.a3m	376.347
p.C229F	1794.a3m	374.682
p.P71S	1795.a3m	356.919
p.E3G	1796.a3m	395.682
p.K357N	1797.a3m	395.761
p.T256K	1798.a3m	382.444
p.P60L	1799.a3m	390.449
p.N30I	179.a3m	381.385
p.G361R	17.a3m	377.409
p.E3D	1800.a3m	386.541
p.K120Q	1801.a3m	381.285
p.S37F	1802.a3m	374.703
p.P12T	1803.a3m	378.983
p.V97D	1804.a3m	361.652
p.C242S	1805.a3m	368.062
p.D352N	1806.a3m	362.811
p.R280T	1807.a3m	417.069
p.S185I	1808.a3m	396.963
p.P67Q	1809.a3m	376.672
p.K382E	180.a3m	399.103
p.Y163F	1810.a3m	378.427
p.S366C	1811.a3m	365.412
p.S121C	1812.a3m	384.901
p.P316L	1813.a3m	374.972
p.R363M	1814.a3m	403.601
p.S46P	1815.a3m	385.785
p.A161P	1816.a3m	364.028
p.R337H	1817.a3m	383.37
p.G117A	1818.a3m	379.274
p.S215N	1819.a3m	390.658
p.G108V	181.a3m	376.534
p.K120STOP	1820.a3m	169.658
p.H368D	1821.a3m	368.287
p.Y236C	1822.a3m	380.457
p.L43M	1823.a3m	386.727
p.G154R	1824.a3m	372.749
p.S378Y	1825.a3m	378.248
p.C229STOP	1826.a3m	251.091
p.K305R	1827.a3m	370.69
p.R342L	1828.a3m	360.358
p.A70P	1829.a3m	363.833
p.M246I	182.a3m	404.536
p.Y163D	1830.a3m	366.699
p.V225F	1831.a3m	368.493
p.Q104P	1832.a3m	374.326
p.D352Y	1833.a3m	395.816
p.P27H	1834.a3m	373.744
p.A69V	1835.a3m	389.87
p.M246K	1836.a3m	388.976
p.Y103C	1837.a3m	378.399
p.P318L	1838.a3m	370.605
p.P71T	1839.a3m	388.421
p.E339D	183.a3m	370.43
p.T155S	1840.a3m	382.125
p.E28Q	1841.a3m	375.242
p.L206S	1842.a3m	375.041
p.S94A	1843.a3m	360.988
p.A76P	1844.a3m	393.271
p.T155N	1845.a3m	355.607
p.A88V	1846.a3m	405.777
p.H233L	1847.a3m	379.496
p.S166A	1848.a3m	388.031
p.F113V	1849.a3m	372.765
p.S96T	184.a3m	386.96
p.F54Y	1850.a3m	365.748
p.D186Y	1851.a3m	377.896
p.E224STOP	1852.a3m	256.965
p.E339G	1853.a3m	378.512
p.P12R	1854.a3m	377.397
p.C238F	1855.a3m	389.305
p.E198STOP	1856.a3m	245.815
p.T81I	1857.a3m	376.385
p.T18R	1858.a3m	396.752
p.A76V	1859.a3m	370.539
p.H296Q	185.a3m	375.295
p.T81R	1860.a3m	369.621
p.F109Y	1861.a3m	405.821
p.G279R	1862.a3m	390.147
p.A78E	1863.a3m	372.773
p.I254S	1864.a3m	395.947
p.Y220D	1865.a3m	378.269
p.K24T	1866.a3m	387.843
p.L43W	1867.a3m	365.029
p.S20P	1868.a3m	383.713
p.V122M	1869.a3m	387.931
p.N30Y	186.a3m	380.766
p.R283L	1870.a3m	386.351
p.S261N	1871.a3m	370.614
p.G154D	1872.a3m	389.107
p.E62V	1873.a3m	376.274
p.F341V	1874.a3m	358.638
p.R174G	1875.a3m	361.933
p.N263I	1876.a3m	379.132
p.I254V	1877.a3m	359.762
p.R306STOP	1878.a3m	235.197
p.W23STOP	1879.a3m	34.8474
p.K164STOP	187.a3m	203.029
p.V216L	1880.a3m	368.604
p.P34R	1881.a3m	376.667
p.I162N	1882.a3m	363.722
p.D42V	1883.a3m	370.861
p.N239D	1884.a3m	364.915
p.K372I	1885.a3m	373.043
p.A119T	1886.a3m	371.251
p.R306L	1887.a3m	399.109
p.S46F	1888.a3m	384.699
p.S121A	1889.a3m	368.673
p.H297L	188.a3m	352.81
p.Q331R	1890.a3m	389.475
p.C141STOP	1891.a3m	202.673
p.V147A	1892.a3m	390.623
p.P309T	1893.a3m	372.737
p.I254L	1894.a3m	366.948
p.H179L	1895.a3m	366.592
p.A119V	1896.a3m	390.795
p.T81K	1897.a3m	365.983
p.P85T	1898.a3m	367.632
p.D57H	1899.a3m	360.325
p.V272M	189.a3m	368.691
p.S376P	18.a3m	383.022
p.I254T	1900.a3m	365.034
p.A70S	1901.a3m	377.979
p.D48E	1902.a3m	361.894
p.P222R	1903.a3m	376.536
p.W91R	1904.a3m	370.247
p.S314F	1905.a3m	363.292
p.R280I	1906.a3m	381.378
p.D42A	1907.a3m	368.797
p.Q317R	1908.a3m	397.886
p.Q167H	1909.a3m	369.986
p.T253P	190.a3m	393.157
p.S315A	1910.a3m	402.978
p.S183STOP	1911.a3m	233.001
p.I332T	1912.a3m	379.715
p.V73L	1913.a3m	381.753
p.Q52P	1914.a3m	362.119
p.H179D	1915.a3m	385.26
p.H233Y	1916.a3m	380.64
p.D393Y	1917.a3m	386.745
p.V147L	1918.a3m	379.94
p.G279V	1919.a3m	376.482
p.S260A	191.a3m	378.918
p.P309S	1920.a3m	381.476
p.I254F	1921.a3m	373.634
p.R379H	1922.a3m	389.507
p.Q375STOP	1923.a3m	352.332
p.K381T	1924.a3m	395.58
p.P152S	1925.a3m	372.396
p.Q104E	1926.a3m	369.137
p.L206F	1927.a3m	376.954
p.K351T	1928.a3m	375.479
p.R337L	1929.a3m	358.973
p.T123A	192.a3m	381.77
p.K382N	1930.a3m	360.858
p.N268D	1931.a3m	394.327
p.T256R	1932.a3m	378.579
p.T284R	1933.a3m	387.335
p.Y126C	1934.a3m	406.36
p.P92T	1935.a3m	387.473
p.F328C	1936.a3m	382.085
p.F54C	1937.a3m	375.881
p.L289I	1938.a3m	384.67
p.D393A	1939.a3m	358.578
p.S99F	193.a3m	385.409
p.G262C	1940.a3m	391.841
p.I50L	1941.a3m	365.228
p.R110P	1942.a3m	358.652
p.A159G	1943.a3m	366.52
p.R248P	1944.a3m	379.07
p.P128A	1945.a3m	371.494
p.R290C	1946.a3m	388.261
p.V147F	1947.a3m	376.908
p.V10D	1948.a3m	367.568
p.S371Y	1949.a3m	392.017
p.G334R	194.a3m	386.459
p.L137M	1950.a3m	374.041
p.K382R	1951.a3m	384.263
p.P71A	1952.a3m	372.256
p.W53L	1953.a3m	355.179
p.F341I	1954.a3m	366.242
p.E339K	1955.a3m	394.919
p.T253A	1956.a3m	397.868
p.E286V	1957.a3m	399.569
p.P177H	1958.a3m	395.074
p.R181P	1959.a3m	379.493
p.E180STOP	195.a3m	225.155
p.K373M	1960.a3m	368.28
p.G262A	1961.a3m	379.68
p.P64S	1962.a3m	353.435
p.Q16K	1963.a3m	404.419
p.A70V	1964.a3m	351.668
p.P219L	1965.a3m	398.441
p.E388K	1966.a3m	376.448
p.K132STOP	1967.a3m	194.329
p.M243I	1968.a3m	373.851
p.T18A	1969.a3m	385.635
p.L289R	196.a3m	387.044
p.E349D	1970.a3m	382.817
p.A347V	1971.a3m	373.257
p.T125R	1972.a3m	390.205
p.M237L	1973.a3m	371.474
p.S90P	1974.a3m	375.302
p.S94L	1975.a3m	384.73
p.A74P	1976.a3m	375.872
p.I332M	1977.a3m	408.225
p.S240C	1978.a3m	383.933
p.G361A	1979.a3m	359.577
p.R342Q	197.a3m	379.495
p.V143L	1980.a3m	369.071
p.F385S	1981.a3m	373.582
p.N247Y	1982.a3m	390.627
p.P85H	1983.a3m	406.613
p.K24I	1984.a3m	397.684
p.I332L	1985.a3m	384.132
p.A78P	1986.a3m	361.748
p.Y236S	1987.a3m	390.682
p.S261I	1988.a3m	380.711
p.S127F	1989.a3m	388.227
p.T55A	198.a3m	388.12
p.R158L	1990.a3m	383.779
p.H193P	1991.a3m	385.749
p.S313T	1992.a3m	386.377
p.Q52E	1993.a3m	403.808
p.Q167K	1994.a3m	384.936
p.F19Y	1995.a3m	385.73
p.L252P	1996.a3m	355.327
p.N239K	1997.a3m	374.811
p.L348S	1998.a3m	398.217
p.G59A	1999.a3m	384.395
p.P47A	199.a3m	356.219
p.S149Y	19.a3m	369.719
p.E271A	1.a3m	373.427
p.M40T	2000.a3m	345.434
p.S95T	2001.a3m	392.47
p.P295H	2002.a3m	348.551
p.D324G	2003.a3m	387.999
p.D49Y	2004.a3m	365.494
p.R273G	2005.a3m	347.718
p.P71H	2006.a3m	367.921
p.V143A	2007.a3m	376.018
p.F270Y	2008.a3m	394.824
p.S313G	2009.a3m	378.799
p.D61H	200.a3m	381.713
p.W146S	2010.a3m	379.624
p.K370N	2011.a3m	374.064
p.T329A	2012.a3m	369.194
p.E343STOP	2013.a3m	314.223
p.K164E	2014.a3m	393.069
p.P152L	2015.a3m	404.093
p.D324N	2016.a3m	383.208
p.P98T	2017.a3m	392.765
p.H233P	2018.a3m	385.945
p.E2D	2019.a3m	394.695
p.P128S	201.a3m	371.817
p.A364P	2020.a3m	383.914
p.V143E	2021.a3m	375.978
p.V272G	2022.a3m	374.711
p.G266R	2023.a3m	377.259
p.W53G	2024.a3m	403.801
p.S371A	2025.a3m	388.261
p.Q38E	2026.a3m	345.003
p.K373T	2027.a3m	388.335
p.E346STOP	2028.a3m	303.915
p.N131I	2029.a3m	384.783
p.L323R	202.a3m	369.015
p.Q52H	2030.a3m	370.705
p.V173A	2031.a3m	383.189
p.P301T	2032.a3m	360.426
p.W91STOP	2033.a3m	112.988
p.L265Q	2034.a3m	387.059
p.A83E	2035.a3m	372.182
p.C242F	2036.a3m	385.97
p.R282Q	2037.a3m	363.979
p.Y234STOP	2038.a3m	248.773
p.Q100R	2039.a3m	380.891
p.P98H	203.a3m	397.419
p.A78S	2040.a3m	360.215
p.T230P	2041.a3m	373.037
p.K382STOP	2042.a3m	354.675
p.Y236STOP	2043.a3m	253.618
p.A86S	2044.a3m	394.67
p.A138T	2045.a3m	383.05
p.G187A	2046.a3m	379.99
p.L25P	2047.a3m	352.344
p.E388G	2048.a3m	364.013
p.L111Q	2049.a3m	385.736
p.E388V	204.a3m	380.406
p.D391Y	2050.a3m	367.535
p.S9T	2051.a3m	365.692
p.T256A	2052.a3m	387.337
p.K291M	2053.a3m	372.794
p.P153L	2054.a3m	359.281
p.T125A	2055.a3m	366.917
p.Y205S	2056.a3m	381.499
p.N29D	2057.a3m	388.954
p.W146R	2058.a3m	396.361
p.R306G	2059.a3m	407.245
p.Y327F	205.a3m	384.046
p.I195F	2060.a3m	452.472
p.G59D	2061.a3m	361.551
p.Y234S	2062.a3m	377.17
p.P67L	2063.a3m	371.403
p.L330H	2064.a3m	365.041
p.E285V	2065.a3m	373.982
p.H179P	2066.a3m	380.849
p.V274F	2067.a3m	392.885
p.T140S	2068.a3m	380.128
p.L289F	2069.a3m	364.939
p.Q192L	206.a3m	381.163
p.G374A	2070.a3m	376.528
p.E346V	2071.a3m	370.297
p.V274G	2072.a3m	395.514
p.P222Q	2073.a3m	369.994
p.N247H	2074.a3m	381.132
p.V272E	2075.a3m	384.075
p.E271K	2076.a3m	378.352
p.S33Y	2077.a3m	355.149
p.C238Y	2078.a3m	394.273
p.D184V	2079.a3m	363.513
p.P87R	207.a3m	372.758
p.S227F	2080.a3m	409.44
p.K319N	2081.a3m	388.458
p.N310Y	2082.a3m	360.631
p.P250R	2083.a3m	394.133
p.S378F	2084.a3m	397.581
p.K321E	2085.a3m	387.744
p.S37C	2086.a3m	367.765
p.A138D	2087.a3m	403.232
p.Q144P	2088.a3m	379.692
p.A353D	2089.a3m	403.944
p.E346D	208.a3m	365.943
p.D57N	2090.a3m	371.713
p.H233N	2091.a3m	381.777
p.E343G	2092.a3m	366.565
p.I162V	2093.a3m	394.714
p.A129P	2094.a3m	374.027
p.W91S	2095.a3m	395.286
p.T231I	2096.a3m	373.189
p.I195M	2097.a3m	359.105
p.E28STOP	2098.a3m	20.4701
p.S260T	2099.a3m	391.764
p.R202S	209.a3m	378.033
p.S149C	20.a3m	388.741
p.F109C	2100.a3m	371.246
p.M340T	2101.a3m	372.676
p.P77S	2102.a3m	398.3
p.S15T	2103.a3m	377.942
p.S378T	2104.a3m	396.268
p.P152R	2105.a3m	374.698
p.G245V	2106.a3m	401.751
p.N263K	2107.a3m	400.903
p.K291T	2108.a3m	367.203
p.S303R	2109.a3m	394.553
p.D61Y	210.a3m	394.117
p.A347T	2110.a3m	372.374
p.P177L	2111.a3m	381.684
p.A69G	2112.a3m	380.226
p.M160R	2113.a3m	386.036
p.P4T	2114.a3m	386.008
p.D259H	2115.a3m	360.458
p.M340V	2116.a3m	376.405
p.R248W	2117.a3m	379.735
p.R335C	2118.a3m	368.506
p.D186A	2119.a3m	394.682
p.D391H	211.a3m	377.279
p.F109I	2120.a3m	369.577
p.L145Q	2121.a3m	380.827
p.Y103F	2122.a3m	394.674
p.L206V	2123.a3m	382.242
p.H296P	2124.a3m	370.041
p.L137Q	2125.a3m	387.703
p.E258G	2126.a3m	397.903
p.S183P	2127.a3m	370.207
p.D184G	2128.a3m	373.839
p.E180Q	2129.a3m	356.644
p.P27S	212.a3m	379.272
p.H168P	2130.a3m	380.528
p.P92H	2131.a3m	364.266
p.Q167E	2132.a3m	365.781
p.P87A	2133.a3m	369.934
p.M1K	2134.a3m	382.738
p.C135S	2135.a3m	373.349
p.G108D	2136.a3m	385.491
p.M246T	2137.a3m	379.074
p.P278T	2138.a3m	393.005
p.E358Q	2139.a3m	370.602
p.D57Y	213.a3m	387.339
p.D207A	2140.a3m	390.138
p.G279W	2141.a3m	368.025
p.K101T	2142.a3m	397.078
p.P77T	2143.a3m	386.446
p.L257M	2144.a3m	371.316
p.N235K	2145.a3m	376.811
p.V272L	2146.a3m	369.583
p.E298STOP	2147.a3m	236.308
p.L308Q	2148.a3m	377.098
p.S261R	2149.a3m	362.126
p.F134C	214.a3m	393.874
p.R175L	2150.a3m	364.806
p.H178Y	2151.a3m	364.948
p.C229R	2152.a3m	368.695
p.G293E	2153.a3m	392.225
p.F328Y	2154.a3m	376.834
p.D21G	2155.a3m	370.715
p.P4L	2156.a3m	388.39
p.S240N	2157.a3m	376.905
p.H233D	2158.a3m	393.793
p.P359A	2159.a3m	375.248
p.G59R	215.a3m	386.52
p.C135Y	2160.a3m	372.279
p.L289H	2161.a3m	361.008
p.A129T	2162.a3m	363.977
p.K351R	2163.a3m	353.31
p.K319E	2164.a3m	396.759
p.P75R	2165.a3m	374.823
p.Q52R	2166.a3m	366.66
p.H296Y	2167.a3m	369.195
p.K101STOP	2168.a3m	125.757
p.K372R	2169.a3m	381.875
p.K120N	216.a3m	401.955
p.A307T	2170.a3m	387.91
p.R335P	2171.a3m	353.713
p.D41V	2172.a3m	365.77
p.I195V	2173.a3m	376.062
p.S215G	2174.a3m	379.942
p.H214D	2175.a3m	360.756
p.H214R	2176.a3m	353.586
p.D352H	2177.a3m	373.783
p.P177A	2178.a3m	381.18
p.Q317E	2179.a3m	371.296
p.E3Q	217.a3m	402.366
p.K139T	2180.a3m	378.96
p.G105C	2181.a3m	379.644
p.D281V	2182.a3m	350.812
p.N30K	2183.a3m	383.425
p.C141Y	2184.a3m	363.455
p.N30D	2185.a3m	375.45
p.N288I	2186.a3m	373.925
p.R65I	2187.a3m	393.337
p.L344V	2188.a3m	342.286
p.L330V	2189.a3m	356.639
p.R342STOP	218.a3m	290.506
p.M133V	2190.a3m	384.646
p.K305E	2191.a3m	387.549
p.W23L	2192.a3m	376.003
p.F270S	2193.a3m	378.933
p.K320R	2194.a3m	378.402
p.A83V	2195.a3m	383.691
p.P151L	2196.a3m	383.293
p.R249K	2197.a3m	390.464
p.S240I	2198.a3m	346.144
p.E349A	2199.a3m	380.516
p.T387S	219.a3m	398.032
p.L26R	21.a3m	373.531
p.D148H	2200.a3m	384.08
p.P47Q	2201.a3m	371.294
p.A276P	2202.a3m	369.884
p.E11G	2203.a3m	394.427
p.A79D	2204.a3m	362.213
p.E285K	2205.a3m	387.678
p.S313C	2206.a3m	353.358
p.S94T	2207.a3m	359.602
p.N345I	2208.a3m	404.593
p.P250L	2209.a3m	365.808
p.S96C	220.a3m	361.939
p.C275S	2210.a3m	346.693
p.L350P	2211.a3m	377.746
p.T18I	2212.a3m	382.817
p.C182Y	2213.a3m	379.424
p.C141W	2214.a3m	364.109
p.M66I	2215.a3m	380.497
p.K351N	2216.a3m	386.896
p.V157L	2217.a3m	385.332
p.S95Y	2218.a3m	386.879
p.S185G	2219.a3m	374.721
p.S315F	221.a3m	373.424
p.V217L	2220.a3m	368.93
p.K291R	2221.a3m	378.174
p.T304P	2222.a3m	366.529
p.D228V	2223.a3m	381.131
p.K101E	2224.a3m	383.358
p.Q192STOP	2225.a3m	235.489
p.Q136K	2226.a3m	374.836
p.S15G	2227.a3m	363.57
p.V203E	2228.a3m	374.681
p.N131H	2229.a3m	395.334
p.G105D	222.a3m	368.91
p.L257P	2230.a3m	373.748
p.E198K	2231.a3m	373.817
p.H380N	2232.a3m	361.209
p.S96A	2233.a3m	375.38
p.A63T	2234.a3m	388.531
p.P27A	2235.a3m	374.917
p.S313R	2236.a3m	376.633
p.V225G	2237.a3m	378.922
p.M160T	2238.a3m	373.496
p.S99A	2239.a3m	365.788
p.Y327H	223.a3m	381.926
p.T55I	2240.a3m	384.546
p.D281E	2241.a3m	367.894
p.P13L	2242.a3m	370.26
p.K357R	2243.a3m	365.592
p.Y163H	2244.a3m	387.114
p.S6A	2245.a3m	378.321
p.A63P	2246.a3m	382.642
p.P309A	2247.a3m	368.656
p.F212I	2248.a3m	374.707
p.E56D	2249.a3m	365.665
p.STOP394W	224.a3m	380.497
p.K305M	2250.a3m	379.311
p.L26V	2251.a3m	385.509
p.Q136L	2252.a3m	394.369
p.F212Y	2253.a3m	382.743
p.P250H	2254.a3m	396.987
p.V217M	2255.a3m	381.038
p.T211A	2256.a3m	368.418
p.Q16P	2257.a3m	380.439
p.Y107STOP	2258.a3m	131.048
p.L14P	2259.a3m	361.021
p.G199STOP	225.a3m	241.489
p.P13S	2260.a3m	349.185
p.G154V	2261.a3m	371.254
p.P47T	2262.a3m	378.136
p.I232N	2263.a3m	356.289
p.Y163STOP	2264.a3m	198.218
p.Y236N	2265.a3m	379.986
p.A88D	2266.a3m	371.651
p.H168D	2267.a3m	395.856
p.C229W	2268.a3m	368.588
p.K132N	2269.a3m	389.604
p.Y220H	226.a3m	368.845
p.T102A	2270.a3m	381.158
p.F19L	2271.a3m	370.012
p.L265V	2272.a3m	364.432
p.E198A	2273.a3m	400.813
p.S121F	2274.a3m	389.13
p.S106C	2275.a3m	365.263
p.L252I	2276.a3m	383.963
p.S46Y	2277.a3m	372.629
p.K382I	2278.a3m	376.1
p.S99C	2279.a3m	377.413
p.L93M	227.a3m	371.457
p.A129S	2280.a3m	386.481
p.L264R	2281.a3m	378.394
p.P72H	2282.a3m	376.331
p.G187D	2283.a3m	365.722
p.D49A	2284.a3m	390.596
p.I251M	2285.a3m	386.174
p.L344Q	2286.a3m	377.648
p.S378P	2287.a3m	376.799
p.D228A	2288.a3m	396.907
p.N247K	2289.a3m	393.146
p.T81A	228.a3m	391.264
p.M340R	2290.a3m	389.268
p.D391N	2291.a3m	392.795
p.L45P	2292.a3m	384.061
p.A138V	2293.a3m	384.085
p.L25I	2294.a3m	395.802
p.C176F	2295.a3m	377.017
p.P75L	2296.a3m	384.421
p.R213Q	2297.a3m	377.787
p.P58A	2298.a3m	396.906
p.R342P	2299.a3m	385.075
p.P223R	229.a3m	376.843
p.A83P	22.a3m	384.74
p.H380Q	2300.a3m	379.927
p.G334W	2301.a3m	359.722
p.R202P	2302.a3m	367.838
p.V73E	2303.a3m	379.277
p.S367T	2304.a3m	354.082
p.G374S	2305.a3m	360.147
p.K292STOP	2306.a3m	221.219
p.A353G	2307.a3m	397.012
p.L43STOP	2308.a3m	47.9526
p.P58T	2309.a3m	362.311
p.L289V	230.a3m	396.156
p.M243V	2310.a3m	380.373
p.P36Q	2311.a3m	383.288
p.K164M	2312.a3m	358.303
p.G361E	2313.a3m	370.466
p.T312P	2314.a3m	382.459
p.T230A	2315.a3m	352.827
p.N247S	2316.a3m	379.25
p.D208Y	2317.a3m	349.677
p.T387K	2318.a3m	381.281
p.T118P	2319.a3m	394.399
p.I254N	231.a3m	363.677
p.A161S	2320.a3m	351.296
p.V172L	2321.a3m	388.435
p.H297D	2322.a3m	357.796
p.P13T	2323.a3m	363.974
p.D228Y	2324.a3m	400.223
p.N311D	2325.a3m	365.133
p.K351STOP	2326.a3m	299.285
p.I251L	2327.a3m	391.782
p.G154A	2328.a3m	381.291
p.P190R	2329.a3m	401.178
p.K321Q	232.a3m	349.091
p.L130F	2330.a3m	360.453
p.M384I	2331.a3m	361.113
p.T312A	2332.a3m	367.987
p.E336STOP	2333.a3m	281.958
p.STOP394G	2334.a3m	373.032
p.E3STOP	2335.a3m	0.892259
p.R379L	2336.a3m	389.627
p.K292I	2337.a3m	376.814
p.A84D	2338.a3m	394.029
p.A355S	2339.a3m	395.714
p.T256I	233.a3m	375.824
p.P301S	2340.a3m	359.75
p.T123P	2341.a3m	398.392
p.P80H	2342.a3m	384.034
p.R280S	2343.a3m	375.819
p.E221K	2344.a3m	362.582
p.A78T	2345.a3m	364.888
p.N200I	2346.a3m	361.002
p.A159V	2347.a3m	389.385
p.P250A	2348.a3m	368.274
p.S95C	2349.a3m	356.902
p.Y107S	234.a3m	368.102
p.L26P	2350.a3m	389.088
p.T211S	2351.a3m	381.503
p.A74T	2352.a3m	366.237
p.S90A	2353.a3m	405.981
p.N210D	2354.a3m	376.312
p.Y220N	2355.a3m	399.206
p.C242W	2356.a3m	377.903
p.H193Q	2357.a3m	378.772
p.L383H	2358.a3m	374.16
p.E358STOP	2359.a3m	316.393
p.Q100L	235.a3m	374.533
p.M340I	2360.a3m	374.354
p.S127A	2361.a3m	376.626
p.L348W	2362.a3m	380.32
p.C275STOP	2363.a3m	207.356
p.R181G	2364.a3m	349.915
p.A86P	2365.a3m	383.993
p.Q167STOP	2366.a3m	209.523
p.D186E	2367.a3m	365.325
p.E56STOP	2368.a3m	56.1329
p.D148G	2369.a3m	378.525
p.T387I	236.a3m	357.965
p.Q331P	2370.a3m	380.789
p.P190H	2371.a3m	381.72
p.G244C	2372.a3m	365.629
p.L383R	2373.a3m	373.945
p.Q38L	2374.a3m	371.196
p.C275R	2375.a3m	379.735
p.H233R	2376.a3m	383.602
p.P92R	2377.a3m	386.472
p.S241C	2378.a3m	376.072
p.L383P	2379.a3m	373.21
p.G262R	237.a3m	388.357
p.M246L	2380.a3m	378.695
p.I255M	2381.a3m	372.685
p.M66T	2382.a3m	370.372
p.M384K	2383.a3m	386.001
p.R175C	2384.a3m	380.105
p.K291E	2385.a3m	371.545
p.A39V	2386.a3m	398.424
p.E336Q	2387.a3m	389.187
p.R202H	2388.a3m	389.06
p.M237V	2389.a3m	394.264
p.A63V	238.a3m	409.586
p.P27T	2390.a3m	369.495
p.S15I	2391.a3m	378.029
p.D41H	2392.a3m	357.546
p.L330P	2393.a3m	365.898
p.A159T	2394.a3m	394.62
p.Q104STOP	2395.a3m	143.661
p.C277W	2396.a3m	364.672
p.K132R	2397.a3m	368.813
p.L114F	2398.a3m	368.439
p.E298Q	2399.a3m	355.196
p.C275G	239.a3m	364.335
p.I162S	23.a3m	380.101
p.T377A	2400.a3m	389.001
p.E51K	2401.a3m	372.979
p.E3V	2402.a3m	374.887
p.D208E	2403.a3m	369.434
p.C176S	2404.a3m	377.711
p.D281N	2405.a3m	372.555
p.R267P	2406.a3m	377.304
p.G356R	2407.a3m	414.644
p.L188R	2408.a3m	383.745
p.L111P	2409.a3m	367.205
p.A138P	240.a3m	376.585
p.F113Y	2410.a3m	370.814
p.T284S	2411.a3m	366.928
p.D49G	2412.a3m	380.492
p.Y234H	2413.a3m	369.52
p.E62STOP	2414.a3m	72.8087
p.S46A	2415.a3m	383.728
p.A39G	2416.a3m	376.949
p.E68G	2417.a3m	376.26
p.N200K	2418.a3m	377.158
p.P8A	2419.a3m	371.617
p.G293A	241.a3m	375.858
p.R174S	2420.a3m	388.145
p.I251T	2421.a3m	395.432
p.S303I	2422.a3m	385.912
p.G108R	2423.a3m	364.906
p.L350R	2424.a3m	404.225
p.T150S	2425.a3m	379.499
p.V157F	2426.a3m	377.173
p.V31L	2427.a3m	374.656
p.P190S	2428.a3m	381.133
p.R249G	2429.a3m	386.6
p.P85R	242.a3m	367.322
p.G245S	2430.a3m	390.575
p.T102N	2431.a3m	356.062
p.K381I	2432.a3m	368.808
p.R273L	2433.a3m	372.781
p.P322L	2434.a3m	411.179
p.S46T	2435.a3m	374.988
p.Q354K	243.a3m	373.394
p.A364G	244.a3m	392.396
p.H168Q	245.a3m	361.918
p.L25V	246.a3m	393.771
p.S315C	247.a3m	375.182
p.V122L	248.a3m	365.158
p.P34L	249.a3m	383.4
p.T253S	24.a3m	395.287
p.F270C	250.a3m	369.617
p.E287G	251.a3m	399.281
p.F385V	252.a3m	404.572
p.C229G	253.a3m	391.278
p.D281A	254.a3m	375.895
p.S95A	255.a3m	390.09
p.R267L	256.a3m	381.243
p.P4R	257.a3m	368.57
p.K372N	258.a3m	393.64
p.D186G	259.a3m	406.708
p.S46C	25.a3m	384.672
p.P27L	260.a3m	366.327
p.D208A	261.a3m	374.262
p.E171STOP	262.a3m	222.997
p.T170S	263.a3m	378.084
p.M237T	264.a3m	375.124
p.N210I	265.a3m	381.978
p.N30T	266.a3m	379.79
p.L32M	267.a3m	373.042
p.T256P	268.a3m	394.535
p.S33A	269.a3m	391.622
p.P72T	26.a3m	398.946
p.M40L	270.a3m	357.733
p.R280K	271.a3m	385.923
p.T123I	272.a3m	389.087
p.D259E	273.a3m	380.624
p.S6STOP	274.a3m	3.54678
p.G334V	275.a3m	352.467
p.T102S	276.a3m	379.876
p.T284P	277.a3m	376.983
p.E388Q	278.a3m	387.641
p.M384V	279.a3m	366.006
p.T253I	27.a3m	376.862
p.F341L	280.a3m	357.952
p.F212S	281.a3m	359.62
p.Q165K	282.a3m	380.396
p.M243L	283.a3m	397.595
p.P34S	284.a3m	402.262
p.S99Y	285.a3m	386.839
p.L252R	286.a3m	372.589
p.N239T	287.a3m	382.978
p.S33C	288.a3m	373.414
p.T102P	289.a3m	382.566
p.G244R	28.a3m	369.709
p.P8T	290.a3m	371.406
p.S366T	291.a3m	379.234
p.T211I	292.a3m	388.673
p.E180G	293.a3m	379.922
p.C238W	294.a3m	394.615
p.P12A	295.a3m	361.996
p.R110S	296.a3m	381.357
p.L201V	297.a3m	360.093
p.N263T	298.a3m	387.282
p.V97F	299.a3m	381.548
p.P89T	29.a3m	373.388
p.E286Q	2.a3m	402.765
p.A189D	300.a3m	396.14
p.S96Y	301.a3m	374.22
p.E11A	302.a3m	375.802
p.V173G	303.a3m	381.386
p.P12L	304.a3m	394.701
p.S33F	305.a3m	378.561
p.H178N	306.a3m	378.735
p.D42E	307.a3m	381.638
p.C141F	308.a3m	373.656
p.Q354L	309.a3m	363.492
p.A86T	30.a3m	370.006
p.V10A	310.a3m	381.027
p.E51A	311.a3m	383.596
p.G59C	312.a3m	363.705
p.C242G	313.a3m	351.213
p.S99P	314.a3m	395.795
p.R337S	315.a3m	373.946
p.T387A	316.a3m	391.784
p.A353S	317.a3m	384.454
p.T304S	318.a3m	404.284
p.E287V	319.a3m	381.471
p.P64A	31.a3m	382.658
p.E358V	320.a3m	404.861
p.S33P	321.a3m	367.355
p.R65K	322.a3m	352.035
p.K101I	323.a3m	365.638
p.E287K	324.a3m	370.233
p.S303C	325.a3m	383.864
p.N263Y	326.a3m	361.236
p.M160L	327.a3m	383.682
p.A74V	328.a3m	371.794
p.R65S	329.a3m	366.159
p.C277S	32.a3m	384.731
p.S240G	330.a3m	384.598
p.C275W	331.a3m	385.186
p.F54S	332.a3m	374.94
p.K372Q	333.a3m	372.953
p.T18K	334.a3m	367.398
p.R273P	335.a3m	361.422
p.Q144E	336.a3m	386.221
p.A74G	337.a3m	380.73
p.P82R	338.a3m	367.614
p.R337G	339.a3m	386.905
p.L252V	33.a3m	383.423
p.E294D	340.a3m	402.867
p.Q317L	341.a3m	375.01
p.C277STOP	342.a3m	205.91
p.A70D	343.a3m	365.392
p.H178Q	344.a3m	366.359
p.S227C	345.a3m	361.3
p.Y126F	346.a3m	364.877
p.L289P	347.a3m	397.984
p.F109L	348.a3m	367.273
p.D393H	349.a3m	406.831
p.S149T	34.a3m	377.99
p.S392A	350.a3m	407.836
p.G117E	351.a3m	371.537
p.V172A	352.a3m	388.321
p.K291N	353.a3m	384.882
p.T125P	354.a3m	382.053
p.E198Q	355.a3m	411.808
p.Q165P	356.a3m	354.257
p.K372E	357.a3m	374.372
p.K386Q	358.a3m	372.525
p.L93Q	359.a3m	366.827
p.L26I	35.a3m	369.525
p.P191S	360.a3m	367.162
p.K321I	361.a3m	372.083
p.S241P	362.a3m	360.894
p.K139R	363.a3m	385.678
p.L348STOP	364.a3m	292.247
p.S6T	365.a3m	372.176
p.Y126H	366.a3m	389.057
p.H214L	367.a3m	371.197
p.D259G	368.a3m	406.149
p.R202C	369.a3m	375.322
p.E2G	36.a3m	378.878
p.L145R	370.a3m	397.274
p.A276T	371.a3m	387.685
p.G108S	372.a3m	389.528
p.E349Q	373.a3m	359.013
p.E336G	374.a3m	385.885
p.R156P	375.a3m	385.362
p.Q136R	376.a3m	365.635
p.D7H	377.a3m	369.388
p.G187C	378.a3m	390.917
p.A276G	379.a3m	368.203
p.P191A	37.a3m	387.161
p.Q52L	380.a3m	380.54
p.E343Q	381.a3m	365.871
p.N268I	382.a3m	354.829
p.Q104R	383.a3m	388.399
p.E62K	384.a3m	372.345
p.E11D	385.a3m	358.7
p.V97I	386.a3m	377.743
p.V274I	387.a3m	359.243
p.Y205H	388.a3m	385.74
p.A189T	389.a3m	387.927
p.L201S	38.a3m	357.75
p.A69D	390.a3m	359.42
p.R181C	391.a3m	393.234
p.K24STOP	392.a3m	31.3709
p.E388D	393.a3m	387.801
p.N311H	394.a3m	385.952
p.D391A	395.a3m	379.406
p.S33T	396.a3m	367.08
p.N29H	397.a3m	363.751
p.E17Q	398.a3m	377.479
p.D324Y	399.a3m	396.247
p.D207Y	39.a3m	384.237
p.N268T	3.a3m	381.437
p.N263H	400.a3m	360.006
p.D281G	401.a3m	371.359
p.K320T	402.a3m	355.405
p.P8S	403.a3m	369.93
p.G279E	404.a3m	379.33
p.Y220STOP	405.a3m	247.682
p.D48N	406.a3m	366.917
p.P300A	407.a3m	373.736
p.Y327STOP	408.a3m	292.322
p.S315P	409.a3m	374.293
p.S314T	40.a3m	414.75
p.V274A	410.a3m	382.834
p.E294Q	411.a3m	357.32
p.G244A	412.a3m	370.974
p.N210H	413.a3m	378.299
p.A74D	414.a3m	398.443
p.S371P	415.a3m	369.961
p.V157A	416.a3m	362.204
p.E28K	417.a3m	376.46
p.L264I	418.a3m	379.213
p.Q104H	419.a3m	361.729
p.Q144STOP	41.a3m	195.419
p.G325E	420.a3m	380.128
p.H214Y	421.a3m	372.498
p.S269T	422.a3m	373.18
p.S185T	423.a3m	394.635
p.Q16R	424.a3m	376.149
p.C238STOP	425.a3m	238.217
p.E17A	426.a3m	371.256
p.A76E	427.a3m	363.791
p.K291STOP	428.a3m	221.826
p.P12H	429.a3m	386.481
p.D207G	42.a3m	409.054
p.D49N	430.a3m	382.672
p.D148N	431.a3m	375.087
p.C124S	432.a3m	369.517
p.L45M	433.a3m	392.66
p.T387P	434.a3m	379.315
p.E28V	435.a3m	374.044
p.M160I	436.a3m	374.99
p.N200Y	437.a3m	369.024
p.F338S	438.a3m	374.069
p.P142H	439.a3m	396.6
p.P316R	43.a3m	384.919
p.T284A	440.a3m	376.98
p.E224V	441.a3m	368.942
p.F109V	442.a3m	391.093
p.E51STOP	443.a3m	56.7187
p.A307S	444.a3m	360.631
p.T150P	445.a3m	372.173
p.S183L	446.a3m	369.461
p.M384L	447.a3m	392.957
p.N263S	448.a3m	398.583
p.P190T	449.a3m	379.498
p.K386M	44.a3m	390.282
p.STOP394S	450.a3m	410.97
p.T304I	451.a3m	375.312
p.K320N	452.a3m	358.513
p.W23G	453.a3m	400.501
p.E56K	454.a3m	369.438
p.F134S	455.a3m	365.756
p.V157I	456.a3m	376.944
p.P13R	457.a3m	386.238
p.V147G	458.a3m	370.49
p.T304A	459.a3m	380.175
p.T377S	45.a3m	409.262
p.C275F	460.a3m	368.675
p.T123S	461.a3m	393.315
p.P301L	462.a3m	382.165
p.N131Y	463.a3m	399.536
p.G262V	464.a3m	394.402
p.Y236H	465.a3m	394.253
p.Y205STOP	466.a3m	248.846
p.P219T	467.a3m	371.38
p.P318Q	468.a3m	367.429
p.R65G	469.a3m	369.541
p.V225A	46.a3m	374.705
p.K351E	470.a3m	406.303
p.L145V	471.a3m	385.919
p.M40K	472.a3m	372.365
p.E68Q	473.a3m	382.628
p.I255V	474.a3m	374.322
p.T256S	475.a3m	391.731
p.T284K	476.a3m	386.352
p.S315T	477.a3m	380.068
p.E51Q	478.a3m	366.71
p.I195L	479.a3m	374.751
p.A189G	47.a3m	378.265
p.D148V	480.a3m	364.593
p.I232L	481.a3m	374.984
p.D281Y	482.a3m	355.649
p.A355G	483.a3m	380.768
p.V173M	484.a3m	381.35
p.Q136STOP	485.a3m	194.272
p.K373E	486.a3m	392.586
p.N345Y	487.a3m	354.749
p.G374D	488.a3m	365.486
p.S6L	489.a3m	392.878
p.N200T	48.a3m	368.385
p.C182STOP	490.a3m	228.454
p.S20T	491.a3m	374.564
p.K120E	492.a3m	371.971
p.S116A	493.a3m	381.024
p.P359L	494.a3m	382.259
p.M243K	495.a3m	377.059
p.A189S	496.a3m	371.106
p.P390L	497.a3m	371.711
p.Q331L	498.a3m	394.382
p.A138S	499.a3m	386.495
p.Q144H	49.a3m	383.964
p.Y126N	4.a3m	374.228
p.Q100H	500.a3m	364.477
p.E287Q	501.a3m	381.389
p.K372T	502.a3m	378.458
p.L111M	503.a3m	380.889
p.R175H	504.a3m	361.146
p.H297Q	505.a3m	372.825
p.E286D	506.a3m	390.94
p.D21A	507.a3m	352.517
p.E358G	508.a3m	395.448
p.I232S	509.a3m	377.508
p.N29S	50.a3m	375.299
p.N288T	510.a3m	367.147
p.S90Y	511.a3m	372.85
p.K132Q	512.a3m	377.142
p.E3A	513.a3m	353.702
p.P77L	514.a3m	385.984
p.P152A	515.a3m	394.983
p.A88P	516.a3m	378.032
p.G226R	517.a3m	368.546
p.M340L	518.a3m	364.885
p.A84S	519.a3m	369.242
p.P222A	51.a3m	375.595
p.A119D	520.a3m	363.174
p.Y126S	521.a3m	371.956
p.Q167L	522.a3m	386.138
p.S106R	523.a3m	376.749
p.S166P	524.a3m	356.958
p.S367N	525.a3m	366.829
p.P219S	526.a3m	377.208
p.T312I	527.a3m	376.6
p.M133I	528.a3m	365.044
p.P77Q	529.a3m	377.66
p.S269R	52.a3m	378.724
p.N210K	530.a3m	375.073
p.A78V	531.a3m	372.827
p.F270I	532.a3m	397.38
p.K120R	533.a3m	389.094
p.S240T	534.a3m	360.981
p.V216E	535.a3m	385.459
p.L344M	536.a3m	370.333
p.R196L	537.a3m	391.326
p.G389R	538.a3m	390.303
p.T150K	539.a3m	360.975
p.T284I	53.a3m	398.636
p.E221V	540.a3m	362.597
p.I255S	541.a3m	382.34
p.L35F	542.a3m	378.712
p.A159S	543.a3m	398.356
p.L383F	544.a3m	400.144
p.S366P	545.a3m	403.249
p.E346G	546.a3m	385.663
p.D42G	547.a3m	359.377
p.K319Q	548.a3m	379.317
p.I195S	549.a3m	368.684
p.G59V	54.a3m	397.07
p.S185R	550.a3m	382.909
p.G105V	551.a3m	373.196
p.C277F	552.a3m	374.726
p.A189V	553.a3m	329.278
p.L323Q	554.a3m	360.252
p.D49V	555.a3m	364.706
p.E204G	556.a3m	383.453
p.E2A	557.a3m	364.424
p.E68D	558.a3m	390.513
p.N268S	559.a3m	368.939
p.D42N	55.a3m	382.341
p.P89L	560.a3m	417.333
p.R273C	561.a3m	383.544
p.P36L	562.a3m	370.897
p.L26F	563.a3m	375.206
p.P309R	564.a3m	372.098
p.R209STOP	565.a3m	250.767
p.R273H	566.a3m	396.527
p.R196Q	567.a3m	358.057
p.P77R	568.a3m	388.951
p.L344P	569.a3m	397.015
p.F212L	56.a3m	370.113
p.P309H	570.a3m	351.957
p.T377P	571.a3m	394.834
p.L137R	572.a3m	367.888
p.P47R	573.a3m	391.993
p.E11Q	574.a3m	347.682
p.P89H	575.a3m	400.399
p.R335H	576.a3m	359.849
p.E224K	577.a3m	376.074
p.E271Q	578.a3m	376.513
p.Q16L	579.a3m	361.062
p.H115P	57.a3m	397.006
p.E221G	580.a3m	379.126
p.P359S	581.a3m	374.119
p.S37P	582.a3m	393.463
p.C141G	583.a3m	379.536
p.E204Q	584.a3m	373.091
p.R196P	585.a3m	389.567
p.F341S	586.a3m	377.085
p.A355V	587.a3m	371.342
p.A364S	588.a3m	382.844
p.S392L	589.a3m	370.467
p.E28A	58.a3m	404.449
p.S314Y	590.a3m	378.309
p.H115R	591.a3m	389.227
p.I232V	592.a3m	372.507
p.P301A	593.a3m	377.957
p.F341Y	594.a3m	388.949
p.T150R	595.a3m	369.606
p.L265R	596.a3m	396.167
p.S116C	597.a3m	398.583
p.T155I	598.a3m	385.795
p.N247D	599.a3m	382.012
p.C135G	59.a3m	376.651
p.F338I	5.a3m	388.064
p.P219R	600.a3m	391.49
p.K321STOP	601.a3m	265.293
p.M40R	602.a3m	365.812
p.G112V	603.a3m	391.645
p.P153S	604.a3m	365.977
p.V217A	605.a3m	392.141
p.P82L	606.a3m	381.4
p.F113L	607.a3m	372.531
p.P153R	608.a3m	385.352
p.Q165R	609.a3m	388.217
p.E346K	60.a3m	374.705
p.F338L	610.a3m	360.053
p.L188M	611.a3m	372.946
p.P87S	612.a3m	373.429
p.R306Q	613.a3m	386.178
p.S371T	614.a3m	373.81
p.K381Q	615.a3m	405.573
p.N288H	616.a3m	364.659
p.T118K	617.a3m	385.36
p.L330F	618.a3m	376.556
p.G244D	619.a3m	398.36
p.H115L	61.a3m	367.134
p.T387R	620.a3m	383.493
p.K381STOP	621.a3m	348.135
p.I162F	622.a3m	363.371
p.N311S	623.a3m	374.949
p.D393E	624.a3m	388.304
p.N311K	625.a3m	374.477
p.Q317P	626.a3m	355.034
p.C182R	627.a3m	369.493
p.V31F	628.a3m	386.272
p.G356E	629.a3m	376.21
p.N200S	62.a3m	391.206
p.Q144L	630.a3m	394.546
p.E336D	631.a3m	372.59
p.F54L	632.a3m	381.429
p.Q165L	633.a3m	376.309
p.S121Y	634.a3m	364.307
p.K381R	635.a3m	395.112
p.R249S	636.a3m	370.778
p.Y103N	637.a3m	395.417
p.E204D	638.a3m	393.027
p.K292N	639.a3m	379.669
p.R333G	63.a3m	399.939
p.E294A	640.a3m	385.057
p.E286K	641.a3m	386.098
p.H368Q	642.a3m	382.669
p.L35M	643.a3m	361.739
p.H179Q	644.a3m	373.966
p.D148Y	645.a3m	379.929
p.P191L	646.a3m	397.038
p.C176W	647.a3m	379.513
p.V216A	648.a3m	357.277
p.F113C	649.a3m	398.497
p.A353V	64.a3m	372.893
p.D207H	650.a3m	394.873
p.N235S	651.a3m	368.422
p.V73M	652.a3m	384.141
p.R156G	653.a3m	391.483
p.P177S	654.a3m	399.25
p.A161V	655.a3m	375.353
p.P190A	656.a3m	365.962
p.D41N	657.a3m	370.724
p.D184H	658.a3m	377.171
p.S20STOP	659.a3m	19.6051
p.T123N	65.a3m	386.449
p.S9N	660.a3m	371.69
p.V143M	661.a3m	393.021
p.N247T	662.a3m	396.433
p.P58Q	663.a3m	377.174
p.V225D	664.a3m	364.595
p.S378C	665.a3m	366.202
p.K382T	666.a3m	388.261
p.T231N	667.a3m	382.472
p.N239H	668.a3m	395.638
p.P92A	669.a3m	389.814
p.E56G	66.a3m	359.611
p.C242Y	670.a3m	388.813
p.R249T	671.a3m	383.047
p.E326STOP	672.a3m	273.404
p.P250S	673.a3m	378.959
p.P87T	674.a3m	343.075
p.T125K	675.a3m	379.029
p.L264V	676.a3m	386.96
p.S215I	677.a3m	377.309
p.E285D	678.a3m	396.666
p.C275Y	679.a3m	385.502
p.G154S	67.a3m	377.843
p.N235I	680.a3m	372.388
p.L145P	681.a3m	378
p.L194V	682.a3m	386.093
p.S215C	683.a3m	399.009
p.E326A	684.a3m	369.127
p.V31I	685.a3m	373.222
p.M243T	686.a3m	369.681
p.C141S	687.a3m	365.931
p.G112R	688.a3m	377.557
p.Q5P	689.a3m	376.25
p.K291Q	68.a3m	374.313
p.A69S	690.a3m	377.861
p.E17G	691.a3m	383.634
p.L308R	692.a3m	369.301
p.E326G	693.a3m	390.251
p.M169K	694.a3m	360.78
p.S127C	695.a3m	388.993
p.E198V	696.a3m	388.573
p.G374C	697.a3m	381.342
p.D42Y	698.a3m	383.818
p.P34T	699.a3m	365.219
p.L26H	69.a3m	372.868
p.S269I	6.a3m	361.641
p.C176Y	700.a3m	374.646
p.G389A	701.a3m	368.65
p.E271V	702.a3m	371.486
p.S240R	703.a3m	378.377
p.S227Y	704.a3m	377.97
p.N345D	705.a3m	383.228
p.E349V	706.a3m	359.635
p.D61E	707.a3m	354.464
p.E171A	708.a3m	381.772
p.S9C	709.a3m	385.691
p.D48V	70.a3m	387.807
p.A129D	710.a3m	372.816
p.R283H	711.a3m	410.026
p.N345S	712.a3m	367.627
p.R110C	713.a3m	377.161
p.P60Q	714.a3m	380.915
p.E56Q	715.a3m	378.19
p.H297P	716.a3m	395.673
p.Q16E	717.a3m	394.047
p.S366Y	718.a3m	390.054
p.L299P	719.a3m	354.848
p.E326V	71.a3m	374.939
p.Y103S	720.a3m	378.549
p.S376Y	721.a3m	372.481
p.L252H	722.a3m	387.896
p.M44R	723.a3m	382.222
p.H368L	724.a3m	383.973
p.P72L	725.a3m	381.065
p.P142T	726.a3m	388.816
p.G293R	727.a3m	369.961
p.P278S	728.a3m	370.286
p.G226S	729.a3m	370.271
p.T118S	72.a3m	376.02
p.L130P	730.a3m	367.119
p.G360A	731.a3m	355.633
p.P322S	732.a3m	380.035
p.E343V	733.a3m	383.32
p.A88G	734.a3m	375.904
p.R209T	735.a3m	377.887
p.K321T	736.a3m	369.378
p.V73G	737.a3m	375.221
p.M1I	738.a3m	378.693
p.F270L	739.a3m	389.24
p.A355D	73.a3m	369.01
p.A84P	740.a3m	389.751
p.N310I	741.a3m	378.979
p.G361W	742.a3m	379
p.C124R	743.a3m	385.299
p.N235T	744.a3m	367.449
p.S392T	745.a3m	378.325
p.F341C	746.a3m	372.01
p.C238G	747.a3m	378.019
p.F212C	748.a3m	359.34
p.P190L	749.a3m	382.364
p.E68STOP	74.a3m	83.4923
p.G187V	750.a3m	363.126
p.A307V	751.a3m	378.668
p.L14Q	752.a3m	386.661
p.H365P	753.a3m	385.092
p.P72S	754.a3m	401.559
p.E62Q	755.a3m	352.542
p.Q375H	756.a3m	384.21
p.Q331K	757.a3m	406.427
p.L323P	758.a3m	373.994
p.L35W	759.a3m	375.542
p.E298K	75.a3m	364.234
p.M160V	760.a3m	357.126
p.H365Q	761.a3m	342.379
p.V172F	762.a3m	387.362
p.H178L	763.a3m	367.177
p.T170R	764.a3m	368.806
p.I50V	765.a3m	402.89
p.P142L	766.a3m	405.21
p.P89A	767.a3m	380.435
p.P72R	768.a3m	385.968
p.D228G	769.a3m	381.886
p.L348V	76.a3m	391.135
p.P92L	770.a3m	382.082
p.H297Y	771.a3m	376.135
p.T329I	772.a3m	382.222
p.D281H	773.a3m	362.067
p.L369R	774.a3m	417.617
p.Q5E	775.a3m	389.907
p.E258A	776.a3m	382.525
p.K381E	777.a3m	376.316
p.Y205D	778.a3m	389.661
p.T170P	779.a3m	360.959
p.G302W	77.a3m	380.226
p.D186N	780.a3m	392.609
p.P87Q	781.a3m	383.283
p.A159P	782.a3m	390.824
p.P4A	783.a3m	386.412
p.M66R	784.a3m	356.205
p.G360E	785.a3m	357.979
p.P80T	786.a3m	383.646
p.Q100K	787.a3m	400.956
p.M384R	788.a3m	374.115
p.P89S	789.a3m	372.783
p.S367R	78.a3m	395.788
p.P295T	790.a3m	360.94
p.P71R	791.a3m	368.859
p.L14M	792.a3m	380.978
p.S378A	793.a3m	367.187
p.I50T	794.a3m	381.838
p.G266A	795.a3m	380.392
p.A86V	796.a3m	386.838
p.G266V	797.a3m	379.516
p.P223T	798.a3m	375.497
p.H115Q	799.a3m	376.851
p.I251N	79.a3m	399.92
p.T118I	7.a3m	365.343
p.L383I	800.a3m	382.798
p.S121P	801.a3m	396.782
p.K370Q	802.a3m	353.288
p.G374R	803.a3m	366.143
p.P322Q	804.a3m	369.38
p.R175S	805.a3m	370.986
p.H115Y	806.a3m	378.763
p.W53C	807.a3m	392.55
p.S215R	808.a3m	370.075
p.S260Y	809.a3m	378.601
p.L32R	80.a3m	384.746
p.R181L	810.a3m	380.33
p.N311I	811.a3m	356.744
p.L93R	812.a3m	382.462
p.R158C	813.a3m	368.914
p.V218A	814.a3m	389.941
p.D391G	815.a3m	383.327
p.P300S	816.a3m	370.908
p.P128H	817.a3m	381.998
p.L43S	818.a3m	367.375
p.M340K	819.a3m	397.957
p.L206STOP	81.a3m	254.567
p.H179R	820.a3m	393.231
p.P67A	821.a3m	375.265
p.Y103D	822.a3m	361.369
p.F54I	823.a3m	378.826
p.S106T	824.a3m	372.673
p.M133L	825.a3m	381.755
p.D391E	826.a3m	365.753
p.M384T	827.a3m	396.609
p.H193D	828.a3m	405.844
p.I255T	829.a3m	386.958
p.C135W	82.a3m	390.216
p.P80L	830.a3m	399.197
p.R333L	831.a3m	375.825
p.L369P	832.a3m	388.062
p.K386N	833.a3m	395.813
p.P223S	834.a3m	384.544
p.N268H	835.a3m	381.857
p.D57V	836.a3m	382.697
p.R248L	837.a3m	372.121
p.Q144R	838.a3m	379.003
p.W53S	839.a3m	374.906
p.Q100E	83.a3m	373.328
p.L145M	840.a3m	377.346
p.L194I	841.a3m	395.529
p.D7Y	842.a3m	380.693
p.M44V	843.a3m	388.508
p.H368P	844.a3m	378.498
p.V147I	845.a3m	384.443
p.G187R	846.a3m	383.479
p.L43V	847.a3m	357.358
p.Q317H	848.a3m	358.584
p.P36R	849.a3m	370.819
p.E171G	84.a3m	370.426
p.D228H	850.a3m	361.762
p.T230S	851.a3m	383.897
p.P278L	852.a3m	393.59
p.D208N	853.a3m	386.953
p.I50S	854.a3m	385.87
p.V10F	855.a3m	373.257
p.L45R	856.a3m	382.948
p.E286STOP	857.a3m	221.725
p.G226V	858.a3m	364.651
p.W91G	859.a3m	388.093
p.L299R	85.a3m	381.205
p.A79P	860.a3m	383.52
p.V197M	861.a3m	371.201
p.P318R	862.a3m	382.861
p.I232F	863.a3m	365.131
p.I162L	864.a3m	407.12
p.E287D	865.a3m	336.858
p.C124G	866.a3m	367.959
p.L194F	867.a3m	344.344
p.F19C	868.a3m	358.071
p.STOP394R	869.a3m	380.589
p.P278A	86.a3m	379.769
p.Q136E	870.a3m	362.637
p.E298A	871.a3m	388.338
p.A76S	872.a3m	379.71
p.R282W	873.a3m	376.339
p.L350F	874.a3m	406.718
p.E224Q	875.a3m	383.796
p.Q375E	876.a3m	372.108
p.P223L	877.a3m	379.134
p.T230I	878.a3m	386.145
p.S313I	879.a3m	387.265
p.S166T	87.a3m	360.262
p.T55N	880.a3m	376.01
p.Q375R	881.a3m	377.568
p.V172G	882.a3m	369.401
p.H297N	883.a3m	380.587
p.L114M	884.a3m	379.022
p.D48Y	885.a3m	399.347
p.T118A	886.a3m	349.874
p.F338V	887.a3m	375.507
p.E56A	888.a3m	373.565
p.T170A	889.a3m	386.935
p.R283C	88.a3m	379.815
p.M169V	890.a3m	398.879
p.P223H	891.a3m	401.466
p.K372STOP	892.a3m	324.956
p.H193L	893.a3m	380.72
p.A355P	894.a3m	384.991
p.Q144K	895.a3m	366.041
p.D41Y	896.a3m	372.821
p.R267G	897.a3m	377.785
p.V122G	898.a3m	362.702
p.H168N	899.a3m	405.982
p.P72A	89.a3m	402.394
p.P295S	8.a3m	369.318
p.S116Y	900.a3m	373.903
p.K351M	901.a3m	367.693
p.E62A	902.a3m	362.616
p.A83S	903.a3m	357.281
p.P390A	904.a3m	385.441
p.K370E	905.a3m	367.85
p.S116F	906.a3m	358.428
p.P151A	907.a3m	391.233
p.K320STOP	908.a3m	266.472
p.G199A	909.a3m	380.644
p.W91L	90.a3m	381.528
p.G245D	910.a3m	382.673
p.L308M	911.a3m	380.871
p.D57E	912.a3m	356.329
p.H168R	913.a3m	375.938
p.E221D	914.a3m	379.075
p.E198D	915.a3m	395.652
p.S15C	916.a3m	402.244
p.H365R	917.a3m	369.974
p.L93P	918.a3m	395.57
p.E68V	919.a3m	366.696
p.A79S	91.a3m	385.481
p.W23S	920.a3m	369.281
p.P36T	921.a3m	373.602
p.G117R	922.a3m	374.857
p.Y327D	923.a3m	369.366
p.A161G	924.a3m	386.094
p.H365N	925.a3m	392.622
p.K320E	926.a3m	372.932
p.I162T	927.a3m	397.262
p.Q354P	928.a3m	392.724
p.K319T	929.a3m	380.91
p.T231A	92.a3m	368.837
p.D21H	930.a3m	391.162
p.R342G	931.a3m	357.688
p.S269G	932.a3m	384.772
p.S94P	933.a3m	398.98
p.T18S	934.a3m	370.133
p.E343D	935.a3m	400.845
p.S185N	936.a3m	375.99
p.A307E	937.a3m	385.868
p.S367G	938.a3m	386.478
p.Q100P	939.a3m	378.678
p.D393N	93.a3m	381.359
p.E224G	940.a3m	382.451
p.G199E	941.a3m	386.668
p.N131T	942.a3m	372.641
p.L114W	943.a3m	415.462
p.Y107C	944.a3m	367.875
p.P300R	945.a3m	373.112
p.W91C	946.a3m	356.27
p.N30H	947.a3m	384.109
p.T329S	948.a3m	374.051
p.N131K	949.a3m	363.205
p.L194P	94.a3m	395.259
p.P64H	950.a3m	374.34
p.V172D	951.a3m	374.027
p.S127T	952.a3m	389.163
p.V197G	953.a3m	367.957
p.C238S	954.a3m	357.495
p.G112S	955.a3m	370.796
p.G302R	956.a3m	359.363
p.G244S	957.a3m	373.531
p.S303N	958.a3m	367.693
p.K357E	959.a3m	371.474
p.S183T	95.a3m	359.169
p.Q165STOP	960.a3m	195.732
p.F338C	961.a3m	378.123
p.M1L	962.a3m	390.198
p.S366A	963.a3m	377.567
p.R175P	964.a3m	371.544
p.K373N	965.a3m	369.876
p.L35STOP	966.a3m	31.1392
p.A119S	967.a3m	375.252
p.T211P	968.a3m	407.163
p.R379P	969.a3m	393.062
p.M169I	96.a3m	367.421
p.E336A	970.a3m	371.081
p.P318A	971.a3m	393.556
p.Q317K	972.a3m	376.43
p.K373STOP	973.a3m	325.313
p.G389E	974.a3m	387.904
p.D21E	975.a3m	374.604
p.L265P	976.a3m	379.636
p.P177T	977.a3m	377.172
p.V197A	978.a3m	369.865
p.N311T	979.a3m	379.675
p.Y234D	97.a3m	396.905
p.H214P	980.a3m	388.531
p.V31A	981.a3m	372.607
p.Y103STOP	982.a3m	143.401
p.P142A	983.a3m	377.922
p.P301Q	984.a3m	384.898
p.R280G	985.a3m	376.156
p.R290H	986.a3m	358.211
p.R282L	987.a3m	365.821
p.T140A	988.a3m	391.94
p.Y234C	989.a3m	380.099
p.L25R	98.a3m	383.779
p.N200D	990.a3m	369.987
p.A70G	991.a3m	357.14
p.P4S	992.a3m	375.348
p.A364V	993.a3m	375.338
p.R156L	994.a3m	380.559
p.G356V	995.a3m	385.627
p.E339Q	996.a3m	376.517
p.K382Q	997.a3m	364.509
p.L330I	998.a3m	355.519
p.V157G	999.a3m	374.673
p.P219H	99.a3m	387.695
p.E17D	9.a3m	370.26
