p.G55S	0.a3m	145.045
p.P20Q	1000.a3m	145.947
p.N178Y	1001.a3m	144.421
p.I119T	1002.a3m	124.078
p.R174G	1003.a3m	134.249
p.A29P	1004.a3m	150.117
p.I63S	1005.a3m	133.753
p.L74STOP	1006.a3m	59.9247
p.Q12E	1007.a3m	139.443
p.D149A	1008.a3m	129.181
p.G22C	1009.a3m	133.484
p.R150Q	100.a3m	138.806
p.P90T	1010.a3m	136.489
p.P20L	1011.a3m	145.513
p.S182A	1012.a3m	138.006
p.S129R	1013.a3m	129.855
p.V11G	1014.a3m	143.099
p.F80Y	1015.a3m	125.297
p.V84E	1016.a3m	143.84
p.S181C	1017.a3m	127.135
p.R49H	1018.a3m	127.127
p.V15G	1019.a3m	132.946
p.K206STOP	101.a3m	135.316
p.Q60R	1020.a3m	131.13
p.F196I	1021.a3m	128.586
p.G130C	1022.a3m	121.172
p.K7STOP	1023.a3m	5.65311
p.G67A	1024.a3m	129.011
p.E194K	1025.a3m	118.052
p.G147A	1026.a3m	119.776
p.M105L	1027.a3m	135.582
p.G130R	1028.a3m	123.637
p.D192V	1029.a3m	142.257
p.D54H	102.a3m	138.157
p.E89A	1030.a3m	121.316
p.V142D	1031.a3m	140.131
p.E153STOP	1032.a3m	52.541
p.Y31D	1033.a3m	139.051
p.A144S	1034.a3m	130.346
p.A6P	1035.a3m	135.733
p.P177H	1036.a3m	132.518
p.S171C	1037.a3m	134.956
p.D96V	1038.a3m	131.463
p.W14C	1039.a3m	124.469
p.Q35H	103.a3m	141.451
p.R77T	1040.a3m	139.889
p.P90A	1041.a3m	147.76
p.H36P	1042.a3m	139.898
p.T197N	1043.a3m	129.086
p.P163H	1044.a3m	133.433
p.V11A	1045.a3m	127.579
p.T18A	1046.a3m	136.994
p.V65A	1047.a3m	140.963
p.P168R	1048.a3m	140.954
p.A29G	1049.a3m	130.535
p.E139K	104.a3m	148.562
p.E207D	1050.a3m	141.065
p.T121I	1051.a3m	124.178
p.K32N	1052.a3m	138.097
p.K32T	1053.a3m	152.019
p.M114T	1054.a3m	152.551
p.V25A	1055.a3m	136.932
p.Q4L	1056.a3m	120.587
p.H82L	1057.a3m	143.433
p.R158L	1058.a3m	139.666
p.T79A	1059.a3m	147.049
p.E66K	105.a3m	133.631
p.P168S	1060.a3m	134.526
p.G94S	1061.a3m	131.169
p.H36N	1062.a3m	135.907
p.M111R	1063.a3m	135.491
p.I123S	1064.a3m	132.399
p.E194G	1065.a3m	125.727
p.D96N	1066.a3m	135.591
p.I123N	1067.a3m	122.546
p.E166D	1068.a3m	135.463
p.G55C	1069.a3m	137.936
p.P58R	106.a3m	140.955
p.S34A	1070.a3m	139.869
p.S95T	1071.a3m	128.754
p.W14STOP	1072.a3m	13.7426
p.L198I	1073.a3m	124.258
p.A6G	1074.a3m	124.429
p.E154V	1075.a3m	140.544
p.Q185H	1076.a3m	136.928
p.G94V	1077.a3m	133.489
p.Q199K	1078.a3m	132.754
p.T98I	1079.a3m	130.618
p.R42W	107.a3m	135.381
p.P91A	1080.a3m	141.529
p.L69V	1081.a3m	138.475
p.S183F	1082.a3m	139.438
p.S129G	1083.a3m	147.044
p.E194A	1084.a3m	108.326
p.N208T	1085.a3m	124.044
p.G193R	1086.a3m	137.828
p.A27G	1087.a3m	162.209
p.R24C	1088.a3m	134.301
p.T121N	1089.a3m	140.345
p.G113V	108.a3m	132.954
p.Q4H	1090.a3m	145.423
p.T202N	1091.a3m	129.447
p.N131I	1092.a3m	132.612
p.E207G	1093.a3m	151.955
p.K159N	1094.a3m	147.541
p.H36Y	1095.a3m	130.28
p.E89STOP	1096.a3m	67.7467
p.D75H	1097.a3m	124.266
p.E126Q	1098.a3m	128.601
p.STOP210S	1099.a3m	135.075
p.D200N	109.a3m	110.381
p.E92K	10.a3m	141.935
p.P59T	1100.a3m	125.209
p.C110G	1101.a3m	127.66
p.K160STOP	1102.a3m	49.4063
p.F80V	1103.a3m	123.599
p.D149V	1104.a3m	139.436
p.P59A	1105.a3m	135.27
p.Q199H	1106.a3m	113.164
p.D192E	1107.a3m	120.059
p.H36Q	1108.a3m	146.693
p.H61Y	1109.a3m	137.225
p.A57G	110.a3m	153.981
p.S53N	1110.a3m	151.725
p.R42G	1111.a3m	119.261
p.T99A	1112.a3m	132.167
p.V84L	1113.a3m	141.234
p.R81STOP	1114.a3m	72.9085
p.S182T	1115.a3m	146.108
p.A6S	1116.a3m	140.773
p.S51A	1117.a3m	138.441
p.V84G	1118.a3m	141.491
p.S181G	1119.a3m	128.751
p.Q60K	111.a3m	128.449
p.E207A	1120.a3m	139.763
p.V40D	1121.a3m	138.108
p.Q33K	1122.a3m	145.128
p.H47L	1123.a3m	142.802
p.T197P	1124.a3m	124.929
p.I122L	1125.a3m	150.318
p.Y73C	1126.a3m	135.224
p.R43L	1127.a3m	132.836
p.C209S	1128.a3m	140.086
p.G170V	1129.a3m	137.086
p.F204V	112.a3m	117.071
p.R42S	1130.a3m	127.369
p.S182C	1131.a3m	128
p.V93G	1132.a3m	130.545
p.F204Y	1133.a3m	117.912
p.T172I	1134.a3m	141.69
p.P87H	1135.a3m	124.119
p.R70G	1136.a3m	132.019
p.D54A	1137.a3m	135.709
p.E194V	1138.a3m	117.436
p.P146R	1139.a3m	141.23
p.L74S	113.a3m	133.572
p.E155A	1140.a3m	138.574
p.M28R	1141.a3m	136.198
p.L198H	1142.a3m	131.082
p.P177L	1143.a3m	131.339
p.D200V	1144.a3m	111.337
p.P90Q	1145.a3m	133.159
p.M105V	1146.a3m	138.537
p.R135W	1147.a3m	141.894
p.L198P	1148.a3m	137.36
p.A29V	1149.a3m	133.166
p.I119V	114.a3m	132.708
p.K7R	1150.a3m	126.717
p.C9G	1151.a3m	122.008
p.G134E	1152.a3m	148.59
p.N178S	1153.a3m	134.669
p.E48K	1154.a3m	131.562
p.S183P	1155.a3m	129.583
p.S128P	1156.a3m	144.204
p.I100L	1157.a3m	122.226
p.P87A	1158.a3m	131.231
p.N136I	1159.a3m	139.236
p.P87R	115.a3m	128.365
p.M1K	1160.a3m	127.037
p.K173E	1161.a3m	133.912
p.N107D	1162.a3m	128.137
p.P59R	1163.a3m	138.802
p.C145F	1164.a3m	123.339
p.F204C	1165.a3m	125.624
p.L157R	1166.a3m	119.632
p.G170A	1167.a3m	121.968
p.D16Y	1168.a3m	142.619
p.S109Y	1169.a3m	140.349
p.H61P	116.a3m	135.156
p.K188N	1170.a3m	127.588
p.V65M	1171.a3m	144.883
p.D16A	1172.a3m	139.778
p.C106S	1173.a3m	135.299
p.E126K	1174.a3m	143.467
p.P177A	1175.a3m	133.818
p.C44R	1176.a3m	132.716
p.L120F	1177.a3m	133.363
p.Q35P	1178.a3m	128.244
p.R64P	1179.a3m	130.891
p.T99S	117.a3m	141.841
p.Q12K	1180.a3m	136.405
p.E39Q	1181.a3m	139.884
p.R49S	1182.a3m	135.341
p.Q33STOP	1183.a3m	17.6739
p.R116P	1184.a3m	139.623
p.L125R	1185.a3m	150.815
p.P168H	1186.a3m	145.309
p.P118R	1187.a3m	147.961
p.S181N	1188.a3m	131.466
p.R116L	1189.a3m	128.055
p.H165Y	118.a3m	132.047
p.L198V	1190.a3m	113.385
p.V85L	1191.a3m	149.906
p.R70C	1192.a3m	130.12
p.P10A	1193.a3m	134.985
p.F138V	1194.a3m	135.588
p.N68S	1195.a3m	130.909
p.P146T	1196.a3m	125.146
p.T18I	1197.a3m	145.331
p.Q185P	1198.a3m	131.425
p.V40I	1199.a3m	131.515
p.V84A	119.a3m	135.866
p.E155K	11.a3m	128.426
p.D127Y	1200.a3m	136.189
p.L176R	1201.a3m	136.775
p.S95Y	1202.a3m	127.525
p.L5P	1203.a3m	130.507
p.P91S	1204.a3m	141.117
p.S203R	1205.a3m	142.265
p.N131H	1206.a3m	135.237
p.E39K	1207.a3m	137.874
p.L69F	1208.a3m	145.414
p.H165N	1209.a3m	146.074
p.I122V	120.a3m	133.39
p.P184R	1210.a3m	138.788
p.L191P	1211.a3m	130.787
p.F196L	1212.a3m	126.685
p.S51L	1213.a3m	130.106
p.T180S	1214.a3m	135.614
p.R77K	1215.a3m	136.105
p.K159E	1216.a3m	130.375
p.S17P	1217.a3m	138.711
p.C145Y	1218.a3m	135.673
p.D54Y	1219.a3m	135.105
p.N103Y	121.a3m	142.073
p.N115S	1220.a3m	131.67
p.R151C	1221.a3m	116.133
p.Q4STOP	1222.a3m	5.11332
p.P168L	1223.a3m	139.571
p.H101N	1224.a3m	144.875
p.S108I	1225.a3m	133.936
p.N178D	1226.a3m	143.554
p.C143S	1227.a3m	135.236
p.Y195F	1228.a3m	121.743
p.M105R	1229.a3m	135.531
p.H61D	122.a3m	128.1
p.P91T	1230.a3m	154.895
p.E72Q	1231.a3m	133.821
p.N179T	1232.a3m	136.565
p.L62F	1233.a3m	141.194
p.W14S	1234.a3m	129.618
p.Y88S	1235.a3m	145.56
p.Q199E	1236.a3m	142.092
p.P58A	1237.a3m	144.729
p.S128T	1238.a3m	158.029
p.P58T	1239.a3m	144.188
p.G67R	123.a3m	145.251
p.C44G	1240.a3m	141.161
p.G55R	1241.a3m	134.668
p.H46R	1242.a3m	121.533
p.S181I	1243.a3m	144.764
p.P20T	1244.a3m	135.627
p.C97STOP	1245.a3m	70.2572
p.P146S	1246.a3m	128.55
p.P190R	1247.a3m	147.886
p.V25G	1248.a3m	143.629
p.I122T	1249.a3m	149.936
p.C145STOP	124.a3m	47.6424
p.D149Y	1250.a3m	144.702
p.K189E	1251.a3m	133.901
p.S171G	1252.a3m	124.498
p.C3STOP	1253.a3m	2.21868
p.I30M	1254.a3m	138.563
p.N156Y	1255.a3m	131.788
p.E66G	1256.a3m	135.56
p.D75N	1257.a3m	139.632
p.T152S	1258.a3m	136.288
p.S95C	1259.a3m	123.564
p.D149H	125.a3m	126.382
p.K206N	1260.a3m	117.303
p.G94D	1261.a3m	133.359
p.Y102C	1262.a3m	140.258
p.E66STOP	1263.a3m	65.3484
p.E92A	1264.a3m	122.667
p.I119L	1265.a3m	126.278
p.Q12H	1266.a3m	147.559
p.E162STOP	1267.a3m	50.892
p.STOP210K	1268.a3m	143.14
p.Q60P	1269.a3m	143.98
p.V25L	126.a3m	117.599
p.C97R	1270.a3m	137.019
p.R116G	1271.a3m	121.267
p.K188STOP	1272.a3m	85.3532
p.T172P	1273.a3m	134.971
p.C44STOP	1274.a3m	37.4343
p.Q185L	1275.a3m	143.94
p.D75Y	1276.a3m	132.463
p.A175S	1277.a3m	132.553
p.Q12P	1278.a3m	121.987
p.S171N	1279.a3m	130.037
p.Q185E	127.a3m	128.015
p.Y31F	1280.a3m	139.311
p.N115I	1281.a3m	139.535
p.N103K	1282.a3m	132.843
p.I100M	1283.a3m	128.915
p.T124R	1284.a3m	138.577
p.V71G	1285.a3m	138.265
p.L62P	1286.a3m	120.145
p.P90L	1287.a3m	122.946
p.N208K	1288.a3m	137.899
p.S17Y	1289.a3m	139.798
p.N78S	128.a3m	142.198
p.S129C	1290.a3m	142.337
p.V25D	1291.a3m	146.507
p.V40G	1292.a3m	132.206
p.F80I	1293.a3m	125.038
p.R77I	1294.a3m	125.747
p.M28K	1295.a3m	139.727
p.F80L	1296.a3m	130.856
p.Y104N	1297.a3m	136.784
p.R150L	1298.a3m	122.603
p.Q4E	1299.a3m	156.297
p.G193STOP	129.a3m	100.159
p.H36R	12.a3m	129.333
p.G94C	1300.a3m	127.482
p.P45S	1301.a3m	136.748
p.P190S	1302.a3m	138.75
p.P10H	130.a3m	139.34
p.Q35E	131.a3m	135.832
p.K159STOP	132.a3m	50.0831
p.I63L	133.a3m	129.97
p.T152R	134.a3m	131.652
p.Q185STOP	135.a3m	88.2867
p.C110R	136.a3m	132.127
p.S83I	137.a3m	132.767
p.P10R	138.a3m	131.976
p.P186L	139.a3m	127.591
p.S137I	13.a3m	127.624
p.E139D	140.a3m	141.109
p.G170E	141.a3m	128.772
p.T23S	142.a3m	139.252
p.G22V	143.a3m	136.548
p.C44Y	144.a3m	147.828
p.S95A	145.a3m	137.272
p.R141S	146.a3m	148.19
p.E92V	147.a3m	121.782
p.I123T	148.a3m	131.435
p.N68Y	149.a3m	133.33
p.C106STOP	14.a3m	67.5601
p.V140A	150.a3m	134.807
p.C3W	151.a3m	134.181
p.E155D	152.a3m	128.37
p.A175E	153.a3m	129.646
p.S51P	154.a3m	140.013
p.N178K	155.a3m	142.531
p.C97S	156.a3m	131.771
p.V15F	157.a3m	130.888
p.I30N	158.a3m	135.219
p.E207V	159.a3m	137.335
p.N208H	15.a3m	130.787
p.F2L	160.a3m	135.317
p.I122M	161.a3m	133.771
p.K173N	162.a3m	133.183
p.R117G	163.a3m	150.578
p.S181T	164.a3m	129.183
p.R24L	165.a3m	121.935
p.M28L	166.a3m	140.368
p.I30F	167.a3m	131.325
p.Y104F	168.a3m	137.882
p.N115Y	169.a3m	135.302
p.N179I	16.a3m	125.098
p.V142A	170.a3m	138.691
p.Q199R	171.a3m	146.005
p.K206I	172.a3m	134.037
p.R26C	173.a3m	138.44
p.H82N	174.a3m	141.082
p.M105T	175.a3m	137.722
p.F80S	176.a3m	131.21
p.L69W	177.a3m	125.508
p.H82P	178.a3m	126.44
p.R81P	179.a3m	128.181
p.C9R	17.a3m	114.976
p.E89Q	180.a3m	138.3
p.Y73N	181.a3m	130.167
p.I63N	182.a3m	131.685
p.T18K	183.a3m	144.501
p.E166G	184.a3m	132.746
p.F80C	185.a3m	138.999
p.M111L	186.a3m	143.331
p.G161V	187.a3m	144.305
p.T98N	188.a3m	130.509
p.S34P	189.a3m	124.279
p.C50R	18.a3m	129.606
p.L167Q	190.a3m	113.109
p.E154Q	191.a3m	136.244
p.P45A	192.a3m	141.249
p.Y73D	193.a3m	135.208
p.D52N	194.a3m	153.994
p.T38M	195.a3m	125.757
p.L167P	196.a3m	127.794
p.Y73STOP	197.a3m	68.0573
p.G113S	198.a3m	121.242
p.Y195N	199.a3m	139.419
p.H101Q	19.a3m	141.431
p.P168T	1.a3m	140.777
p.N136Y	200.a3m	132.069
p.D54E	201.a3m	127.062
p.L133Q	202.a3m	131.989
p.Q12R	203.a3m	135.171
p.C110F	204.a3m	121.772
p.E66V	205.a3m	128.566
p.C3R	206.a3m	132.961
p.K32R	207.a3m	143.106
p.G161W	208.a3m	133.796
p.R42M	209.a3m	135.335
p.C97Y	20.a3m	136.989
p.G130V	210.a3m	156.337
p.Y88STOP	211.a3m	66.9983
p.R24G	212.a3m	135.247
p.R43P	213.a3m	138.66
p.S182Y	214.a3m	131.997
p.D127V	215.a3m	129.356
p.G67V	216.a3m	143.416
p.A6T	217.a3m	134.26
p.K160E	218.a3m	136.774
p.E153K	219.a3m	131.329
p.S53C	21.a3m	140.489
p.A175G	220.a3m	128.743
p.P19L	221.a3m	135.554
p.N178H	222.a3m	127.822
p.E92G	223.a3m	136.892
p.L120V	224.a3m	135.337
p.L176M	225.a3m	121.868
p.G130S	226.a3m	137.825
p.N208D	227.a3m	111.986
p.C209W	228.a3m	139.243
p.R116W	229.a3m	138.205
p.S83R	22.a3m	123.27
p.M37I	230.a3m	138.188
p.D52Y	231.a3m	137.171
p.D192Y	232.a3m	129.31
p.A175V	233.a3m	137.379
p.K188Q	234.a3m	130.204
p.Y195STOP	235.a3m	101.293
p.E153G	236.a3m	129.718
p.K188R	237.a3m	128.651
p.Y31S	238.a3m	144.221
p.N156H	239.a3m	136.517
p.L5V	23.a3m	139.684
p.P190T	240.a3m	136.585
p.V65G	241.a3m	139.69
p.M28V	242.a3m	142.291
p.D96H	243.a3m	129.339
p.P10S	244.a3m	145.136
p.H47N	245.a3m	133.702
p.D76N	246.a3m	136.508
p.N131Y	247.a3m	127.611
p.G22A	248.a3m	134.34
p.M37V	249.a3m	141.231
p.R43S	24.a3m	138.782
p.G161A	250.a3m	135.418
p.R117M	251.a3m	147.726
p.M114K	252.a3m	144.373
p.C3Y	253.a3m	132.563
p.T172N	254.a3m	152.652
p.S109C	255.a3m	140.902
p.V142F	256.a3m	145.681
p.P91L	257.a3m	135.409
p.T99N	258.a3m	134.707
p.E154K	259.a3m	121.971
p.G134A	25.a3m	137.834
p.E153A	260.a3m	130.936
p.T98S	261.a3m	141.886
p.G113C	262.a3m	132.712
p.L56R	263.a3m	132.355
p.S128C	264.a3m	142.959
p.T152K	265.a3m	128.13
p.G134V	266.a3m	135.249
p.F2C	267.a3m	136.696
p.C50F	268.a3m	131.047
p.P163A	269.a3m	120.103
p.C143Y	26.a3m	124.327
p.L62I	270.a3m	143.681
p.N208I	271.a3m	143.522
p.C50W	272.a3m	134.874
p.E139A	273.a3m	132.272
p.H46D	274.a3m	135.026
p.N78H	275.a3m	136.875
p.W14R	276.a3m	129.254
p.K206E	277.a3m	140.088
p.P186T	278.a3m	123.714
p.H101P	279.a3m	134.244
p.A57V	27.a3m	140.579
p.L132Q	280.a3m	121.613
p.I100N	281.a3m	133.96
p.T38A	282.a3m	132.389
p.T180A	283.a3m	135.915
p.S17T	284.a3m	141.005
p.R117S	285.a3m	155.678
p.K160I	286.a3m	139.813
p.R151H	287.a3m	115.038
p.Q199P	288.a3m	144.751
p.A57D	289.a3m	143.854
p.L167M	28.a3m	122.853
p.Y102D	290.a3m	123.191
p.R116Q	291.a3m	129.564
p.S109A	292.a3m	120.088
p.C143G	293.a3m	138.386
p.C9Y	294.a3m	122.283
p.E166STOP	295.a3m	49.6321
p.K187STOP	296.a3m	83.5875
p.C143R	297.a3m	134.601
p.D52A	298.a3m	130.383
p.D192A	299.a3m	128.036
p.T197I	29.a3m	125.425
p.M37L	2.a3m	130.128
p.K160T	300.a3m	137.861
p.V41L	301.a3m	129.604
p.Q33H	302.a3m	140.296
p.T180N	303.a3m	138.95
p.L125M	304.a3m	115.808
p.E92D	305.a3m	141.594
p.V85G	306.a3m	134.603
p.E48V	307.a3m	132.81
p.Q12L	308.a3m	130.171
p.G147R	309.a3m	130.232
p.R49C	30.a3m	140.524
p.P21T	310.a3m	134.112
p.C3F	311.a3m	132.26
p.T202S	312.a3m	135.31
p.G161E	313.a3m	127
p.Y195S	314.a3m	144.864
p.M111V	315.a3m	129.88
p.P169L	316.a3m	135.455
p.E139Q	317.a3m	147.121
p.E166Q	318.a3m	129.174
p.R81G	319.a3m	123.262
p.C145W	31.a3m	145.426
p.R43H	320.a3m	133.651
p.G112V	321.a3m	143.416
p.P163T	322.a3m	132.684
p.V93L	323.a3m	123.803
p.P21S	324.a3m	117.396
p.E39STOP	325.a3m	27.4425
p.I63V	326.a3m	142.82
p.Q35K	327.a3m	138.581
p.P87S	328.a3m	126.525
p.K189T	329.a3m	122.545
p.D16V	32.a3m	139.405
p.S83N	330.a3m	132.122
p.N78Y	331.a3m	139.475
p.S53T	332.a3m	139.084
p.P45H	333.a3m	145.573
p.Y195C	334.a3m	137.736
p.P19T	335.a3m	156.845
p.D75V	336.a3m	135.824
p.H47D	337.a3m	127.723
p.N68D	338.a3m	122.37
p.T152A	339.a3m	131.943
p.V15A	33.a3m	147.557
p.F2S	340.a3m	134.223
p.F138Y	341.a3m	139.668
p.R141G	342.a3m	142.068
p.P19H	343.a3m	147.364
p.V86A	344.a3m	135.545
p.G67STOP	345.a3m	60.0517
p.C209F	346.a3m	129.949
p.N179H	347.a3m	146.76
p.Q205R	348.a3m	123.545
p.E72D	349.a3m	127.131
p.D192G	34.a3m	133.304
p.E72G	350.a3m	143.508
p.P177S	351.a3m	139.782
p.P190A	352.a3m	129.275
p.T202P	353.a3m	133.054
p.T38S	354.a3m	134.021
p.P19A	355.a3m	143.426
p.A27T	356.a3m	139.892
p.D76G	357.a3m	154.493
p.Y73S	358.a3m	133.783
p.C106W	359.a3m	154.486
p.S34STOP	35.a3m	22.5349
p.G147V	360.a3m	121.998
p.G22D	361.a3m	132.041
p.P87T	362.a3m	128.363
p.W14G	363.a3m	133.633
p.P146H	364.a3m	130.647
p.I122S	365.a3m	151.416
p.V71E	366.a3m	138.149
p.T124A	367.a3m	143.191
p.E126G	368.a3m	126.595
p.E126V	369.a3m	140.041
p.Y104STOP	36.a3m	70.9064
p.D149G	370.a3m	134.318
p.D127N	371.a3m	124.29
p.G112R	372.a3m	133.385
p.M114V	373.a3m	138.835
p.H46L	374.a3m	142.36
p.Q33R	375.a3m	138.579
p.H164R	376.a3m	123.926
p.K187E	377.a3m	121.039
p.T23N	378.a3m	146.344
p.Y102H	379.a3m	142.477
p.Y104C	37.a3m	135.22
p.K7Q	380.a3m	138.131
p.L191Q	381.a3m	133.25
p.P91R	382.a3m	148.429
p.T152I	383.a3m	128.179
p.I30T	384.a3m	149.636
p.S128Y	385.a3m	138.046
p.V142L	386.a3m	135.161
p.F196Y	387.a3m	143.794
p.N78D	388.a3m	147.994
p.T79S	389.a3m	127.052
p.Q60H	38.a3m	148.826
p.H36D	390.a3m	141.123
p.L132V	391.a3m	140.55
p.K187T	392.a3m	120.438
p.K32M	393.a3m	133.003
p.Q12STOP	394.a3m	14.0666
p.P90R	395.a3m	133.586
p.M1I	396.a3m	137.809
p.Q4K	397.a3m	160.653
p.R77G	398.a3m	123.743
p.R26H	399.a3m	130.146
p.Q205P	39.a3m	136.274
p.F204I	3.a3m	122.773
p.C44W	400.a3m	145.278
p.K173Q	401.a3m	123.282
p.H165P	402.a3m	130.874
p.M111K	403.a3m	138.095
p.L5R	404.a3m	161.331
p.P168A	405.a3m	137.249
p.H61N	406.a3m	144.805
p.D192H	407.a3m	126.061
p.C97G	408.a3m	140.236
p.T124K	409.a3m	153.855
p.E48G	40.a3m	121.761
p.P190L	410.a3m	137.577
p.S171R	411.a3m	129.293
p.R150P	412.a3m	126.347
p.S17C	413.a3m	131.786
p.P10L	414.a3m	116.593
p.T99I	415.a3m	126.155
p.D16H	416.a3m	143.555
p.V41A	417.a3m	143.337
p.I119N	418.a3m	131.193
p.R64STOP	419.a3m	58.4449
p.L167R	41.a3m	126.638
p.K206Q	420.a3m	138.613
p.R81L	421.a3m	126.543
p.D52E	422.a3m	152.218
p.T197A	423.a3m	143.562
p.Q35R	424.a3m	130.134
p.Q33E	425.a3m	135.453
p.G170R	426.a3m	123.913
p.D149E	427.a3m	139.339
p.C145G	428.a3m	138.595
p.G55A	429.a3m	139.686
p.C50Y	42.a3m	128.889
p.E154STOP	430.a3m	54.1068
p.H164L	431.a3m	136.439
p.H165Q	432.a3m	139.132
p.V93D	433.a3m	116.962
p.N208Y	434.a3m	136.621
p.R135L	435.a3m	124.114
p.S83G	436.a3m	138.286
p.H164N	437.a3m	120.902
p.Y102S	438.a3m	142.877
p.A175P	439.a3m	134.062
p.I30L	43.a3m	138.292
p.M114R	440.a3m	145.424
p.R148STOP	441.a3m	44.341
p.E162D	442.a3m	132.385
p.L56M	443.a3m	127.743
p.S203N	444.a3m	137.766
p.V140L	445.a3m	134.765
p.E207K	446.a3m	148.958
p.Y104H	447.a3m	138.931
p.V85A	448.a3m	135.22
p.M37T	449.a3m	122.655
p.C209STOP	44.a3m	139.86
p.P118T	450.a3m	145.344
p.P10T	451.a3m	139.086
p.M105K	452.a3m	135.924
p.STOP210Q	453.a3m	132.861
p.I122F	454.a3m	138.959
p.T121A	455.a3m	146.808
p.R158C	456.a3m	132.384
p.V140E	457.a3m	140.089
p.D16E	458.a3m	131.6
p.P184S	459.a3m	136.052
p.D52H	45.a3m	139.25
p.C50S	460.a3m	134.21
p.T99P	461.a3m	131.194
p.C209R	462.a3m	143.617
p.V15D	463.a3m	142.25
p.L56V	464.a3m	127.986
p.M114L	465.a3m	152.397
p.L74W	466.a3m	128.171
p.G55D	467.a3m	131.279
p.L176Q	468.a3m	120.937
p.L133V	469.a3m	147.615
p.Q33P	46.a3m	119.669
p.A57P	470.a3m	129.832
p.F204L	471.a3m	145.426
p.L133R	472.a3m	134.457
p.C209G	473.a3m	151.911
p.H101L	474.a3m	147.204
p.T8S	475.a3m	132.386
p.K189N	476.a3m	116.678
p.R117K	477.a3m	144.962
p.R77S	478.a3m	129.16
p.Q33L	479.a3m	134.512
p.E207STOP	47.a3m	133.572
p.Q4P	480.a3m	139.871
p.C110S	481.a3m	129.971
p.Q201H	482.a3m	144.546
p.S183C	483.a3m	128.01
p.H82Y	484.a3m	130.887
p.N103T	485.a3m	134.188
p.E154G	486.a3m	134.304
p.P163S	487.a3m	132.502
p.H101R	488.a3m	144.846
p.E153V	489.a3m	131.241
p.M111T	48.a3m	134.53
p.T98A	490.a3m	129.78
p.E89K	491.a3m	125.568
p.Y102STOP	492.a3m	71.6177
p.A27V	493.a3m	148.127
p.S181R	494.a3m	132.813
p.K7N	495.a3m	141.473
p.N156K	496.a3m	132.006
p.M111I	497.a3m	121.689
p.I123F	498.a3m	124.828
p.E89D	499.a3m	130.47
p.K160R	49.a3m	132.696
p.L157I	4.a3m	130.432
p.N107K	500.a3m	121.194
p.V25F	501.a3m	122.342
p.P186S	502.a3m	127.949
p.T18S	503.a3m	145.038
p.Q201R	504.a3m	141.434
p.G22R	505.a3m	139.888
p.A144P	506.a3m	135.281
p.N131T	507.a3m	122.541
p.N131K	508.a3m	127.447
p.E166A	509.a3m	125.018
p.E162Q	50.a3m	123.699
p.S171I	510.a3m	133.852
p.I30S	511.a3m	140.785
p.G112S	512.a3m	137.744
p.G55V	513.a3m	139.183
p.G134STOP	514.a3m	51.6325
p.F204S	515.a3m	139.3
p.M1L	516.a3m	142.757
p.D200Y	517.a3m	114.817
p.Q205STOP	518.a3m	126.766
p.P177T	519.a3m	132.006
p.L13P	51.a3m	140.289
p.Y195H	520.a3m	133.869
p.G113R	521.a3m	135.631
p.R117W	522.a3m	143.354
p.E155V	523.a3m	134.28
p.D96G	524.a3m	147.538
p.P118S	525.a3m	141.524
p.N178T	526.a3m	131.814
p.E139V	527.a3m	132.995
p.G113A	528.a3m	129.707
p.E92Q	529.a3m	131.693
p.L132R	52.a3m	130.428
p.K188E	530.a3m	139.115
p.S203T	531.a3m	123.808
p.Y104S	532.a3m	117.238
p.S182P	533.a3m	119.8
p.L69S	534.a3m	143.098
p.I63F	535.a3m	143.016
p.P186R	536.a3m	133.647
p.P21H	537.a3m	151.506
p.T79P	538.a3m	164.396
p.E155G	539.a3m	135.19
p.A57S	53.a3m	140.421
p.S108G	540.a3m	137.261
p.G170W	541.a3m	134.674
p.I122N	542.a3m	135.219
p.V40L	543.a3m	137.856
p.A27D	544.a3m	132.425
p.S83C	545.a3m	144.83
p.E72STOP	546.a3m	65.0168
p.P59S	547.a3m	143.914
p.R135G	548.a3m	137.605
p.H164Y	549.a3m	137.409
p.C106R	54.a3m	127.466
p.P169Q	550.a3m	126.089
p.L132P	551.a3m	137.689
p.S109T	552.a3m	134.76
p.R24S	553.a3m	137.945
p.P58S	554.a3m	139.581
p.E89G	555.a3m	130.961
p.H46N	556.a3m	137.347
p.S53R	557.a3m	139.86
p.E162A	558.a3m	124.308
p.P45T	559.a3m	141.883
p.E166K	55.a3m	148.554
p.M114I	560.a3m	128.365
p.A144G	561.a3m	146.085
p.D75A	562.a3m	135.075
p.R148T	563.a3m	134.851
p.K173STOP	564.a3m	62.0867
p.Y104D	565.a3m	141.4
p.A175T	566.a3m	131.187
p.N107Y	567.a3m	127.365
p.P19R	568.a3m	146.733
p.E126A	569.a3m	139.898
p.H82D	56.a3m	112.864
p.V71M	570.a3m	132.78
p.K206R	571.a3m	153.175
p.C97W	572.a3m	140.993
p.P21R	573.a3m	129.29
p.H165L	574.a3m	138.117
p.K187N	575.a3m	137.091
p.F2Y	576.a3m	140.061
p.H47Y	577.a3m	125.215
p.K159M	578.a3m	117.704
p.M105I	579.a3m	157.31
p.S183T	57.a3m	139.875
p.N136K	580.a3m	131.466
p.L5Q	581.a3m	144.838
p.V93F	582.a3m	122.184
p.K159Q	583.a3m	135.918
p.S137C	584.a3m	148.755
p.N115K	585.a3m	143.892
p.S17A	586.a3m	133.551
p.C106G	587.a3m	132.807
p.R64Q	588.a3m	138.096
p.S95P	589.a3m	133.441
p.L167V	58.a3m	135.67
p.STOP210Y	590.a3m	132.992
p.E194D	591.a3m	120.491
p.E39G	592.a3m	146.517
p.T8A	593.a3m	133.255
p.H164D	594.a3m	126.832
p.S51STOP	595.a3m	40.1822
p.E39A	596.a3m	142.311
p.S128A	597.a3m	135.38
p.T172S	598.a3m	123.55
p.L191R	599.a3m	132.602
p.D75G	59.a3m	140.461
p.L198F	5.a3m	139.221
p.T124I	600.a3m	125.081
p.R151S	601.a3m	132.538
p.K173R	602.a3m	134.909
p.P20S	603.a3m	133.079
p.S183Y	604.a3m	118.169
p.T180P	605.a3m	125.077
p.D200E	606.a3m	152.317
p.S34L	607.a3m	137.956
p.D96E	608.a3m	132.786
p.L157V	609.a3m	129.629
p.T180I	60.a3m	142.644
p.T23P	610.a3m	133.414
p.I119S	611.a3m	145.524
p.S203C	612.a3m	138.116
p.P87L	613.a3m	145.921
p.E139G	614.a3m	134.805
p.N103D	615.a3m	132.725
p.Q205H	616.a3m	136.886
p.G147W	617.a3m	140.072
p.H47P	618.a3m	147.08
p.T124S	619.a3m	128.265
p.V15L	61.a3m	132.191
p.I100S	620.a3m	135.596
p.P58L	621.a3m	139.392
p.N179Y	622.a3m	158.005
p.E66D	623.a3m	133.604
p.N68H	624.a3m	144.266
p.V11E	625.a3m	131.104
p.H46Q	626.a3m	126.764
p.D200H	627.a3m	131.668
p.D127H	628.a3m	122.362
p.F138I	629.a3m	138.972
p.R70S	62.a3m	133.994
p.D200A	630.a3m	117.384
p.R70L	631.a3m	128.091
p.D76A	632.a3m	146.059
p.Q205L	633.a3m	140.939
p.D149N	634.a3m	141.355
p.R49P	635.a3m	145.715
p.C143F	636.a3m	143.294
p.R135P	637.a3m	128.383
p.P184H	638.a3m	146.828
p.P59L	639.a3m	141.381
p.R77STOP	63.a3m	68.4125
p.R174Q	640.a3m	109.403
p.R43G	641.a3m	139.116
p.V25I	642.a3m	133.415
p.F196C	643.a3m	139.375
p.E139STOP	644.a3m	50.0509
p.V41G	645.a3m	149.766
p.S95F	646.a3m	128.645
p.Q60L	647.a3m	146.679
p.A6V	648.a3m	138.989
p.E48STOP	649.a3m	42.3306
p.E126D	64.a3m	134.644
p.C9S	650.a3m	139.943
p.S137G	651.a3m	134.185
p.K7T	652.a3m	130.721
p.P118A	653.a3m	125.615
p.N78K	654.a3m	127.642
p.P184T	655.a3m	129.059
p.E92STOP	656.a3m	67.5782
p.S17F	657.a3m	132.049
p.Q185R	658.a3m	125.138
p.S137N	659.a3m	136.125
p.Q60STOP	65.a3m	52.7561
p.R64L	660.a3m	135.222
p.C50STOP	661.a3m	43.3271
p.N179S	662.a3m	123.314
p.L62R	663.a3m	141.547
p.N179K	664.a3m	127.849
p.V140G	665.a3m	133.749
p.K159T	666.a3m	136.941
p.L120I	667.a3m	148.572
p.H46P	668.a3m	130.163
p.P177R	669.a3m	131.544
p.I123M	66.a3m	146.678
p.P19S	670.a3m	139.349
p.G193V	671.a3m	141.399
p.D76V	672.a3m	128.841
p.N103S	673.a3m	129.837
p.I30V	674.a3m	135.724
p.H61R	675.a3m	144.8
p.V84M	676.a3m	130.407
p.L120R	677.a3m	152.058
p.T23A	678.a3m	130.637
p.F196S	679.a3m	130.345
p.C9W	67.a3m	147.229
p.V40A	680.a3m	136.342
p.A144T	681.a3m	137.284
p.P58H	682.a3m	133.604
p.R148I	683.a3m	131.586
p.STOP210E	684.a3m	134.294
p.V15I	685.a3m	135.46
p.L176P	686.a3m	129.668
p.T8N	687.a3m	127.917
p.R49G	688.a3m	132.984
p.R148G	689.a3m	141.776
p.E48A	68.a3m	121.93
p.K7M	690.a3m	131.014
p.L133M	691.a3m	132.052
p.N136T	692.a3m	142.803
p.L13Q	693.a3m	122.045
p.L191M	694.a3m	136.276
p.Q205E	695.a3m	127.306
p.S203I	696.a3m	131.192
p.V11L	697.a3m	131.076
p.N68I	698.a3m	134.057
p.L120P	699.a3m	143.537
p.S109P	69.a3m	133.011
p.Y88N	6.a3m	146.756
p.E154A	700.a3m	143.047
p.R26L	701.a3m	131.029
p.H36L	702.a3m	135.817
p.E166V	703.a3m	138.745
p.C110STOP	704.a3m	64.5937
p.C106Y	705.a3m	149.802
p.A57T	706.a3m	132.883
p.V86M	707.a3m	140.028
p.E155STOP	708.a3m	51.8763
p.I100F	709.a3m	125.935
p.R24P	70.a3m	127.425
p.H61Q	710.a3m	152.417
p.Q35L	711.a3m	147.513
p.S129I	712.a3m	146.131
p.Y88C	713.a3m	135.335
p.S53G	714.a3m	134.569
p.STOP210L	715.a3m	137.173
p.K7E	716.a3m	128.409
p.D127G	717.a3m	135.916
p.S83T	718.a3m	150.737
p.N156D	719.a3m	133.203
p.N156S	71.a3m	120.052
p.C143STOP	720.a3m	46.9785
p.L191V	721.a3m	131.444
p.R158G	722.a3m	118.436
p.G67E	723.a3m	142.834
p.T23I	724.a3m	133.821
p.C50G	725.a3m	144.747
p.V71A	726.a3m	124.098
p.G112C	727.a3m	142.814
p.K173T	728.a3m	122.383
p.G113D	729.a3m	143.534
p.V86L	72.a3m	125.996
p.E48Q	730.a3m	131.089
p.A29T	731.a3m	144.551
p.P186Q	732.a3m	126.289
p.E162V	733.a3m	125.095
p.L125V	734.a3m	140.961
p.Q4R	735.a3m	152.54
p.L13V	736.a3m	130.766
p.L125P	737.a3m	145.838
p.H82R	738.a3m	136.817
p.S137T	739.a3m	134.478
p.P169R	73.a3m	126.383
p.T8P	740.a3m	151.225
p.D16G	741.a3m	133.98
p.C44F	742.a3m	142.54
p.L69STOP	743.a3m	66.2924
p.Q201P	744.a3m	131.653
p.H165R	745.a3m	125.657
p.L56Q	746.a3m	129.437
p.R150W	747.a3m	142.978
p.R42K	748.a3m	134.924
p.T79I	749.a3m	127.467
p.G112D	74.a3m	131.504
p.L125Q	750.a3m	143.056
p.L133P	751.a3m	143.339
p.T8I	752.a3m	131.132
p.P169T	753.a3m	134.405
p.N131D	754.a3m	138.103
p.Q199STOP	755.a3m	125.996
p.L157F	756.a3m	134.586
p.W14L	757.a3m	131.375
p.V86G	758.a3m	139.4
p.G193A	759.a3m	152.337
p.M28I	75.a3m	143.896
p.D192N	760.a3m	120.459
p.P20R	761.a3m	139.157
p.N115H	762.a3m	131.639
p.R148K	763.a3m	145.369
p.Y73H	764.a3m	139.617
p.P45R	765.a3m	140.975
p.N136H	766.a3m	122.216
p.R158P	767.a3m	163.674
p.L74F	768.a3m	131.532
p.R70P	769.a3m	139.558
p.Y102N	76.a3m	134.844
p.Q60E	770.a3m	152.61
p.D200G	771.a3m	129.435
p.K189STOP	772.a3m	89.4368
p.P169S	773.a3m	142.766
p.S129N	774.a3m	135.441
p.M1T	775.a3m	139.82
p.T98P	776.a3m	135.606
p.V11M	777.a3m	133.95
p.Y31H	778.a3m	131.834
p.R70H	779.a3m	131.995
p.E126STOP	77.a3m	55.5305
p.N131S	780.a3m	117.498
p.N107H	781.a3m	134.747
p.E162G	782.a3m	125.934
p.L74M	783.a3m	143.771
p.V71L	784.a3m	134.268
p.A29S	785.a3m	133.128
p.Y88H	786.a3m	133.984
p.R158H	787.a3m	123.717
p.Y73F	788.a3m	138.043
p.D54N	789.a3m	139.742
p.N107T	78.a3m	128.514
p.K188M	790.a3m	133.956
p.R26G	791.a3m	139.603
p.K32E	792.a3m	139.578
p.P59H	793.a3m	142.508
p.L69M	794.a3m	135.569
p.R117T	795.a3m	136.444
p.T38R	796.a3m	124.724
p.R26S	797.a3m	141.803
p.A144D	798.a3m	124.281
p.T152P	799.a3m	143.382
p.Y88F	79.a3m	139.174
p.G130D	7.a3m	125.163
p.T38K	800.a3m	134.018
p.C97F	801.a3m	135.094
p.C143W	802.a3m	134.763
p.K189I	803.a3m	141.467
p.R174L	804.a3m	116.184
p.Q201K	805.a3m	128.362
p.T124P	806.a3m	136.563
p.S108N	807.a3m	123.628
p.L120H	808.a3m	136.755
p.P146A	809.a3m	127.136
p.N68K	80.a3m	130.804
p.F138L	810.a3m	145.455
p.R81Q	811.a3m	130.852
p.N103I	812.a3m	122.429
p.K160N	813.a3m	124.037
p.R49L	814.a3m	141.578
p.S137R	815.a3m	149.267
p.R26P	816.a3m	154.105
p.R141P	817.a3m	131.15
p.H101Y	818.a3m	128.608
p.M37K	819.a3m	143.786
p.G147E	81.a3m	117.103
p.L176V	820.a3m	142.004
p.T18P	821.a3m	119.14
p.D54V	822.a3m	136.431
p.T197S	823.a3m	120.61
p.G94A	824.a3m	139.149
p.D96A	825.a3m	129.157
p.P90S	826.a3m	155.165
p.C110W	827.a3m	131.315
p.L13M	828.a3m	136.925
p.A29D	829.a3m	137.523
p.R24H	82.a3m	122.783
p.H165D	830.a3m	127.266
p.K189R	831.a3m	127.216
p.K187M	832.a3m	137.699
p.C145S	833.a3m	129.391
p.V93A	834.a3m	148.421
p.H164P	835.a3m	133.353
p.L74V	836.a3m	132.739
p.R141C	837.a3m	130.175
p.E39V	838.a3m	139.016
p.Q201E	839.a3m	126.215
p.R135Q	83.a3m	140.79
p.D52G	840.a3m	143.512
p.V40F	841.a3m	136.229
p.M1V	842.a3m	146.86
p.H164Q	843.a3m	124.533
p.A27S	844.a3m	128.177
p.S183A	845.a3m	112.605
p.A144V	846.a3m	141.51
p.A27P	847.a3m	138.791
p.E153D	848.a3m	134.38
p.L132I	849.a3m	128.838
p.I123L	84.a3m	144.085
p.C209Y	850.a3m	139.701
p.N68T	851.a3m	137.551
p.L13R	852.a3m	124.813
p.Y31STOP	853.a3m	20.9219
p.R42T	854.a3m	133.043
p.Q35STOP	855.a3m	22.8057
p.Y31N	856.a3m	140.484
p.T121S	857.a3m	137.804
p.E153Q	858.a3m	128.183
p.G94R	859.a3m	124.94
p.S108R	85.a3m	127.535
p.E194Q	860.a3m	135.511
p.T172A	861.a3m	129.675
p.R158S	862.a3m	142.422
p.F2I	863.a3m	131.019
p.C3S	864.a3m	133.552
p.E72A	865.a3m	140.833
p.H101D	866.a3m	132.813
p.F138C	867.a3m	125.031
p.K159R	868.a3m	145.623
p.V140M	869.a3m	133.652
p.P91H	86.a3m	145.283
p.R148S	870.a3m	134.836
p.N136D	871.a3m	132.409
p.T38P	872.a3m	128.981
p.E66Q	873.a3m	130.244
p.R141H	874.a3m	135.701
p.D76E	875.a3m	142.694
p.H47Q	876.a3m	129.128
p.H47R	877.a3m	131.521
p.D76Y	878.a3m	136.554
p.G22S	879.a3m	145.446
p.P118L	87.a3m	122.01
p.D76H	880.a3m	128.731
p.Y195D	881.a3m	135.333
p.K206T	882.a3m	120.309
p.S53I	883.a3m	125.147
p.V65E	884.a3m	137.456
p.E154D	885.a3m	141.087
p.Q201STOP	886.a3m	131.621
p.Q201L	887.a3m	122.828
p.V65L	888.a3m	140.437
p.S108C	889.a3m	124.293
p.S128F	88.a3m	136.076
p.C3G	890.a3m	136.291
p.I100V	891.a3m	129.363
p.G130A	892.a3m	132.895
p.H82Q	893.a3m	134.013
p.D16N	894.a3m	128.611
p.E72V	895.a3m	138.161
p.L62V	896.a3m	129.713
p.Q205K	897.a3m	128.405
p.Q199L	898.a3m	125.876
p.P21L	899.a3m	135.463
p.M28T	89.a3m	145.163
p.K189Q	8.a3m	133.099
p.Y102F	900.a3m	135.962
p.P163L	901.a3m	131.399
p.A6D	902.a3m	149.966
p.T202A	903.a3m	128.966
p.N107S	904.a3m	138.278
p.N78T	905.a3m	139.776
p.R174STOP	906.a3m	60.4189
p.R151G	907.a3m	145.415
p.G161R	908.a3m	123.766
p.V85M	909.a3m	126.966
p.H46Y	90.a3m	133.057
p.P118H	910.a3m	140.946
p.D52V	911.a3m	153.621
p.C44S	912.a3m	145.496
p.R141L	913.a3m	134.446
p.K173M	914.a3m	132.01
p.E48D	915.a3m	137.283
p.L157P	916.a3m	135.347
p.S108T	917.a3m	114.981
p.V142I	918.a3m	141.747
p.K32STOP	919.a3m	21.196
p.R151P	91.a3m	115.896
p.E155Q	920.a3m	137.096
p.N103H	921.a3m	130.803
p.G193E	922.a3m	134.565
p.L157H	923.a3m	124.542
p.I123V	924.a3m	114.569
p.E207Q	925.a3m	152.433
p.F138S	926.a3m	141.481
p.P45L	927.a3m	135.125
p.M1R	928.a3m	129.873
p.K187R	929.a3m	131.169
p.N78I	92.a3m	147.927
p.G134R	930.a3m	140.813
p.S171T	931.a3m	134.78
p.T202I	932.a3m	129.613
p.R150G	933.a3m	127.997
p.Q185K	934.a3m	127.549
p.R64G	935.a3m	147.833
p.F196V	936.a3m	134.167
p.V41E	937.a3m	147.502
p.N179D	938.a3m	127.011
p.K32Q	939.a3m	145.461
p.N115D	93.a3m	149.461
p.V86E	940.a3m	128.991
p.P186A	941.a3m	125.419
p.I119F	942.a3m	143.929
p.L198R	943.a3m	127.869
p.C9STOP	944.a3m	7.1281
p.P190Q	945.a3m	134.208
p.L56P	946.a3m	150.254
p.V142G	947.a3m	139.392
p.D127A	948.a3m	133.173
p.C110Y	949.a3m	132.291
p.D54G	94.a3m	135.438
p.V41M	950.a3m	141.691
p.P146L	951.a3m	139.641
p.S203G	952.a3m	144.724
p.N156T	953.a3m	129.254
p.I100T	954.a3m	140.236
p.V93I	955.a3m	134.33
p.D127E	956.a3m	119.561
p.M37R	957.a3m	164.834
p.K188T	958.a3m	118.327
p.E72K	959.a3m	129.55
p.N136S	95.a3m	139.373
p.L62H	960.a3m	141.102
p.V85E	961.a3m	132.004
p.D96Y	962.a3m	129.863
p.P184L	963.a3m	130.151
p.S182F	964.a3m	133.241
p.K160Q	965.a3m	136.977
p.P169A	966.a3m	129.148
p.P21A	967.a3m	131.954
p.E66A	968.a3m	136.298
p.N107I	969.a3m	122.011
p.E162K	96.a3m	138.596
p.S34T	970.a3m	140.963
p.D75E	971.a3m	139.179
p.R174P	972.a3m	117.896
p.C145R	973.a3m	142.212
p.Y31C	974.a3m	142.695
p.P163R	975.a3m	128.317
p.I63M	976.a3m	136.465
p.I63T	977.a3m	154.846
p.P184A	978.a3m	115.793
p.C9F	979.a3m	132.808
p.T121P	97.a3m	127.631
p.S129T	980.a3m	134.176
p.T79N	981.a3m	126.841
p.S51T	982.a3m	127.057
p.L5M	983.a3m	139.683
p.C106F	984.a3m	141.837
p.K187Q	985.a3m	134.558
p.H61L	986.a3m	142.853
p.N178I	987.a3m	126.031
p.P20A	988.a3m	121.715
p.R43C	989.a3m	136.559
p.E194STOP	98.a3m	113.135
p.R151L	990.a3m	122.592
p.T18R	991.a3m	127.244
p.F2V	992.a3m	129.78
p.S109F	993.a3m	131.064
p.N208S	994.a3m	128.69
p.Y88D	995.a3m	130.517
p.E39D	996.a3m	127.658
p.E89V	997.a3m	125.568
p.I119M	998.a3m	144.276
p.N156I	999.a3m	117.842
p.G112A	99.a3m	144.252
p.N115T	9.a3m	138.836
