C_ins_at_169	0.a3m	86.9891
G_ins_at_407	1000.a3m	82.308
C_ins_at_308	1001.a3m	62.6577
T_ins_at_626	1002.a3m	181.998
G_ins_at_503	1003.a3m	127.138
T_ins_at_505	1004.a3m	156.207
A_ins_at_486	1005.a3m	144.945
T_ins_at_116	1006.a3m	66.667
A_ins_at_71	1007.a3m	40.3919
C_ins_at_397	1008.a3m	81.3975
G_ins_at_613	1009.a3m	189.513
G_ins_at_577	100.a3m	205.259
G_ins_at_316	1010.a3m	56.828
C_ins_at_85	1011.a3m	75.5031
T_ins_at_546	1012.a3m	162.248
A_ins_at_271	1013.a3m	93.4508
A_ins_at_340	1014.a3m	134.487
A_ins_at_530	1015.a3m	168.831
A_ins_at_140	1016.a3m	50.6199
T_ins_at_471	1017.a3m	167.269
G_ins_at_658	1018.a3m	202.934
T_ins_at_24	1019.a3m	26.4752
T_ins_at_598	101.a3m	196.324
C_ins_at_283	1020.a3m	93.8558
G_ins_at_273	1021.a3m	94.9736
A_ins_at_19	1022.a3m	24.9119
T_ins_at_665	1023.a3m	215.96
A_ins_at_468	1024.a3m	163.334
A_ins_at_72	1025.a3m	37.3831
G_ins_at_489	1026.a3m	143.724
A_ins_at_469	1027.a3m	159.657
T_ins_at_417	1028.a3m	90.3172
T_ins_at_349	1029.a3m	118.203
T_ins_at_271	102.a3m	101.911
G_ins_at_19	1030.a3m	23.3925
C_ins_at_409	1031.a3m	76.423
T_ins_at_373	1032.a3m	97.6566
C_ins_at_612	1033.a3m	189.326
G_ins_at_579	1034.a3m	188.328
A_ins_at_575	1035.a3m	200.989
G_ins_at_83	1036.a3m	80.338
T_ins_at_441	1037.a3m	149.581
T_ins_at_122	1038.a3m	64.7985
T_ins_at_286	1039.a3m	60.9991
C_ins_at_93	103.a3m	71.3452
C_ins_at_154	1040.a3m	77.8644
C_ins_at_517	1041.a3m	159.524
T_ins_at_668	1042.a3m	204.6
C_ins_at_691	1043.a3m	215.23
T_ins_at_461	1044.a3m	139.145
G_ins_at_8	1045.a3m	26.1205
C_ins_at_669	1046.a3m	220.122
T_ins_at_606	1047.a3m	182.477
G_ins_at_223	1048.a3m	68.0894
C_ins_at_390	1049.a3m	89.1389
G_ins_at_295	104.a3m	63.8319
G_ins_at_473	1050.a3m	142.845
A_ins_at_524	1051.a3m	151.546
A_ins_at_613	1052.a3m	202.96
A_ins_at_338	1053.a3m	132.45
C_ins_at_667	1054.a3m	214.427
C_ins_at_61	1055.a3m	26.8541
T_ins_at_156	1056.a3m	71.4042
A_ins_at_224	1057.a3m	66.34
G_ins_at_334	1058.a3m	114.993
A_ins_at_460	1059.a3m	142.049
A_ins_at_453	105.a3m	146.331
A_ins_at_322	1060.a3m	56.0726
C_ins_at_610	1061.a3m	184.297
T_ins_at_538	1062.a3m	153.143
G_ins_at_454	1063.a3m	157.302
C_ins_at_297	1064.a3m	66.8014
T_ins_at_445	1065.a3m	150.68
G_ins_at_515	1066.a3m	152.822
A_ins_at_529	1067.a3m	174.055
C_ins_at_333	1068.a3m	63.9553
T_ins_at_391	1069.a3m	77.3691
A_ins_at_13	106.a3m	27.3808
C_ins_at_374	1070.a3m	98.9951
T_ins_at_608	1071.a3m	195.086
G_ins_at_495	1072.a3m	148.87
T_ins_at_63	1073.a3m	26.4148
T_ins_at_685	1074.a3m	209.243
A_ins_at_134	1075.a3m	67.9135
A_ins_at_654	1076.a3m	204.143
A_ins_at_501	1077.a3m	165.02
G_ins_at_457	1078.a3m	154.144
A_ins_at_42	1079.a3m	32.9586
A_ins_at_605	107.a3m	187.049
C_ins_at_425	1080.a3m	86.808
A_ins_at_211	1081.a3m	72.199
A_ins_at_239	1082.a3m	104.221
C_ins_at_516	1083.a3m	151.729
A_ins_at_252	1084.a3m	106.117
T_ins_at_446	1085.a3m	140.465
G_ins_at_221	1086.a3m	62.2286
A_ins_at_356	1087.a3m	119.313
C_ins_at_482	1088.a3m	150.463
T_ins_at_18	1089.a3m	27.6333
T_ins_at_95	108.a3m	73.8388
T_ins_at_76	1090.a3m	38.7415
C_ins_at_492	1091.a3m	161.619
C_ins_at_153	1092.a3m	68.0501
C_ins_at_223	1093.a3m	62.093
C_ins_at_639	1094.a3m	196.096
A_ins_at_488	1095.a3m	155.239
T_ins_at_285	1096.a3m	64.6165
G_ins_at_345	1097.a3m	128.162
T_ins_at_558	1098.a3m	156.088
C_ins_at_331	1099.a3m	65.4932
A_ins_at_2	109.a3m	28.0375
A_ins_at_282	10.a3m	94.1253
G_ins_at_134	1100.a3m	66.454
G_ins_at_138	1101.a3m	66.6601
C_ins_at_14	1102.a3m	24.5619
T_ins_at_97	1103.a3m	81.8318
T_ins_at_266	1104.a3m	103.106
G_ins_at_152	1105.a3m	73.9755
T_ins_at_640	1106.a3m	176.697
G_ins_at_585	1107.a3m	206.744
A_ins_at_288	1108.a3m	79.1524
C_ins_at_90	1109.a3m	74.8925
G_ins_at_417	110.a3m	84.4766
C_ins_at_76	1110.a3m	74.8857
G_ins_at_358	1111.a3m	97.5981
C_ins_at_613	1112.a3m	192.266
A_ins_at_584	1113.a3m	198.424
A_ins_at_181	1114.a3m	52.8165
T_ins_at_166	1115.a3m	84.0019
A_ins_at_277	1116.a3m	87.4317
G_ins_at_332	1117.a3m	62.864
G_ins_at_547	1118.a3m	164.988
C_ins_at_28	1119.a3m	26.4672
G_ins_at_400	111.a3m	81.131
C_ins_at_500	1120.a3m	159.089
G_ins_at_108	1121.a3m	65.279
A_ins_at_345	1122.a3m	125.194
A_ins_at_531	1123.a3m	168.838
C_ins_at_385	1124.a3m	87.1272
T_ins_at_648	1125.a3m	193.296
C_ins_at_82	1126.a3m	63.6918
C_ins_at_276	1127.a3m	90.4978
A_ins_at_550	1128.a3m	165.085
C_ins_at_96	1129.a3m	81.9303
C_ins_at_391	112.a3m	88.3958
T_ins_at_79	1130.a3m	40.1782
A_ins_at_496	1131.a3m	157.969
T_ins_at_118	1132.a3m	65.9462
T_ins_at_678	1133.a3m	225.931
T_ins_at_494	1134.a3m	146.567
C_ins_at_49	1135.a3m	29.5113
C_ins_at_493	1136.a3m	146.677
A_ins_at_510	1137.a3m	153.217
C_ins_at_442	1138.a3m	127.467
T_ins_at_35	1139.a3m	22.3915
T_ins_at_94	113.a3m	72.9083
G_ins_at_330	1140.a3m	62.6592
C_ins_at_79	1141.a3m	79.0356
G_ins_at_29	1142.a3m	27.5285
G_ins_at_194	1143.a3m	62.2974
A_ins_at_58	1144.a3m	24.4991
T_ins_at_61	1145.a3m	30.1911
G_ins_at_85	1146.a3m	77.1137
C_ins_at_272	1147.a3m	92.9274
C_ins_at_17	1148.a3m	20.612
T_ins_at_486	1149.a3m	153.579
T_ins_at_421	114.a3m	86.8415
C_ins_at_661	1150.a3m	209.175
T_ins_at_587	1151.a3m	185.236
C_ins_at_547	1152.a3m	160.473
T_ins_at_242	1153.a3m	116.603
G_ins_at_472	1154.a3m	144.399
A_ins_at_184	1155.a3m	65.6661
C_ins_at_473	1156.a3m	164.832
C_ins_at_7	1157.a3m	28.987
T_ins_at_336	1158.a3m	131.395
A_ins_at_429	1159.a3m	82.0233
C_ins_at_141	115.a3m	73.3693
G_ins_at_382	1160.a3m	93.7003
C_ins_at_74	1161.a3m	38.4885
T_ins_at_631	1162.a3m	185.73
G_ins_at_507	1163.a3m	145.876
T_ins_at_667	1164.a3m	201.249
C_ins_at_285	1165.a3m	64.0914
G_ins_at_548	1166.a3m	167.144
G_ins_at_318	1167.a3m	58.2725
C_ins_at_519	1168.a3m	141.791
G_ins_at_384	1169.a3m	92.1037
C_ins_at_335	116.a3m	113.762
C_ins_at_643	1170.a3m	200.516
T_ins_at_482	1171.a3m	149.536
A_ins_at_567	1172.a3m	205.519
A_ins_at_162	1173.a3m	83.4021
G_ins_at_484	1174.a3m	153.97
A_ins_at_111	1175.a3m	65.4534
A_ins_at_182	1176.a3m	56.8056
A_ins_at_414	1177.a3m	83.9583
A_ins_at_585	1178.a3m	197.375
G_ins_at_401	1179.a3m	82.9718
G_ins_at_309	117.a3m	57.9589
A_ins_at_50	1180.a3m	20.4866
T_ins_at_566	1181.a3m	210.788
A_ins_at_589	1182.a3m	174.249
G_ins_at_76	1183.a3m	67.9386
A_ins_at_297	1184.a3m	63.353
A_ins_at_255	1185.a3m	111.872
C_ins_at_54	1186.a3m	23.6173
C_ins_at_520	1187.a3m	151.937
C_ins_at_70	1188.a3m	43.897
T_ins_at_239	1189.a3m	99.4169
G_ins_at_120	118.a3m	73.0374
C_ins_at_160	1190.a3m	71.9572
T_ins_at_622	1191.a3m	175.635
A_ins_at_591	1192.a3m	195.349
A_ins_at_117	1193.a3m	69.1779
A_ins_at_606	1194.a3m	187.692
C_ins_at_140	1195.a3m	61.6226
G_ins_at_589	1196.a3m	184.009
T_ins_at_688	1197.a3m	212.983
C_ins_at_604	1198.a3m	210.625
A_ins_at_539	1199.a3m	159.17
G_ins_at_137	119.a3m	63.7203
T_ins_at_216	11.a3m	72.8675
G_ins_at_364	1200.a3m	122.449
C_ins_at_157	1201.a3m	68.0295
T_ins_at_342	1202.a3m	122.857
A_ins_at_696	1203.a3m	227.783
T_ins_at_224	1204.a3m	60.3558
T_ins_at_171	1205.a3m	81.0997
T_ins_at_128	1206.a3m	63.9922
C_ins_at_211	1207.a3m	72.5543
T_ins_at_507	1208.a3m	157.559
A_ins_at_15	1209.a3m	27.3211
T_ins_at_29	120.a3m	26.447
T_ins_at_168	1210.a3m	83.9011
T_ins_at_364	1211.a3m	65.0521
T_ins_at_245	1212.a3m	116.47
C_ins_at_340	1213.a3m	120.488
A_ins_at_168	1214.a3m	98.8743
T_ins_at_527	1215.a3m	150.176
A_ins_at_99	1216.a3m	72.7573
G_ins_at_86	1217.a3m	82.5775
A_ins_at_466	1218.a3m	147.671
C_ins_at_571	1219.a3m	199.901
C_ins_at_192	121.a3m	53.2843
G_ins_at_61	1220.a3m	43.0435
C_ins_at_621	1221.a3m	207.531
A_ins_at_462	1222.a3m	151.471
A_ins_at_688	1223.a3m	219.04
A_ins_at_57	1224.a3m	28.7186
C_ins_at_280	1225.a3m	89.17
T_ins_at_89	1226.a3m	80.5581
A_ins_at_149	1227.a3m	81.1941
A_ins_at_237	1228.a3m	59.2952
C_ins_at_110	1229.a3m	66.7807
C_ins_at_432	122.a3m	88.6383
C_ins_at_429	1230.a3m	81.5482
A_ins_at_27	1231.a3m	31.3895
G_ins_at_482	1232.a3m	147.085
G_ins_at_627	1233.a3m	183.125
C_ins_at_515	1234.a3m	154.127
G_ins_at_546	1235.a3m	156.632
C_ins_at_53	1236.a3m	23.5808
A_ins_at_428	1237.a3m	81.9295
T_ins_at_438	1238.a3m	149.35
G_ins_at_434	1239.a3m	87.7026
G_ins_at_637	123.a3m	201.12
T_ins_at_227	1240.a3m	53.5803
T_ins_at_162	1241.a3m	82.3377
T_ins_at_443	1242.a3m	155.011
T_ins_at_248	1243.a3m	107.854
A_ins_at_199	1244.a3m	59.374
T_ins_at_625	1245.a3m	192.209
G_ins_at_296	1246.a3m	64.4811
G_ins_at_2	1247.a3m	21.8133
A_ins_at_201	1248.a3m	60.5693
G_ins_at_136	1249.a3m	69.2344
C_ins_at_273	124.a3m	95.7951
C_ins_at_457	1250.a3m	138.93
C_ins_at_674	1251.a3m	217.624
T_ins_at_16	1252.a3m	24.5836
A_ins_at_515	1253.a3m	153.055
C_ins_at_236	1254.a3m	58.3697
A_ins_at_548	1255.a3m	154.148
A_ins_at_242	1256.a3m	108.282
C_ins_at_321	1257.a3m	55.813
C_ins_at_557	1258.a3m	159.519
G_ins_at_606	1259.a3m	183.093
T_ins_at_603	125.a3m	185.592
C_ins_at_127	1260.a3m	61.0527
A_ins_at_124	1261.a3m	62.3924
T_ins_at_449	1262.a3m	144.944
G_ins_at_674	1263.a3m	202.475
A_ins_at_503	1264.a3m	124.551
G_ins_at_195	1265.a3m	58.842
A_ins_at_178	1266.a3m	58.5429
G_ins_at_210	1267.a3m	73.1796
C_ins_at_162	1268.a3m	84.8517
G_ins_at_493	1269.a3m	164.48
A_ins_at_264	126.a3m	101.429
C_ins_at_451	1270.a3m	158.121
G_ins_at_615	1271.a3m	206.144
A_ins_at_421	1272.a3m	85.8695
A_ins_at_419	1273.a3m	91.0857
A_ins_at_328	1274.a3m	54.7981
G_ins_at_490	1275.a3m	147.848
A_ins_at_172	1276.a3m	56.324
T_ins_at_46	1277.a3m	31.6224
A_ins_at_296	1278.a3m	64.151
G_ins_at_697	1279.a3m	215.138
C_ins_at_697	127.a3m	228.298
G_ins_at_220	1280.a3m	62.3176
C_ins_at_320	1281.a3m	55.8974
C_ins_at_64	1282.a3m	41.1547
A_ins_at_535	1283.a3m	162.753
C_ins_at_588	1284.a3m	177.629
G_ins_at_280	1285.a3m	105.842
T_ins_at_407	1286.a3m	83.0422
A_ins_at_227	1287.a3m	57.6589
C_ins_at_121	1288.a3m	64.2152
T_ins_at_534	1289.a3m	158.541
T_ins_at_195	128.a3m	56.8429
T_ins_at_619	1290.a3m	197.754
T_ins_at_462	1291.a3m	154.471
A_ins_at_518	1292.a3m	161.318
T_ins_at_249	1293.a3m	111.637
G_ins_at_593	1294.a3m	190.231
T_ins_at_556	1295.a3m	145.125
T_ins_at_418	1296.a3m	87.5379
A_ins_at_53	1297.a3m	35.473
C_ins_at_133	1298.a3m	69.3831
G_ins_at_320	1299.a3m	57.1307
T_ins_at_15	129.a3m	27.0569
A_ins_at_63	12.a3m	34.3564
C_ins_at_513	1300.a3m	148.703
T_ins_at_93	1301.a3m	72.5222
C_ins_at_682	1302.a3m	206.864
T_ins_at_410	1303.a3m	87.8293
T_ins_at_429	1304.a3m	82.8402
T_ins_at_363	1305.a3m	103.567
C_ins_at_678	1306.a3m	228.273
T_ins_at_86	1307.a3m	82.1426
C_ins_at_253	1308.a3m	110.757
C_ins_at_521	1309.a3m	143.048
A_ins_at_88	130.a3m	81.3743
A_ins_at_702	1310.a3m	221.144
A_ins_at_207	1311.a3m	79.2566
A_ins_at_388	1312.a3m	106.57
C_ins_at_433	1313.a3m	87.7024
C_ins_at_637	1314.a3m	193.22
G_ins_at_323	1315.a3m	62.6448
C_ins_at_586	1316.a3m	187.128
G_ins_at_326	1317.a3m	61.3691
C_ins_at_91	1318.a3m	72.4703
A_ins_at_642	1319.a3m	207.081
C_ins_at_411	131.a3m	81.9067
G_ins_at_23	1320.a3m	30.8724
G_ins_at_270	1321.a3m	94.4242
T_ins_at_191	1322.a3m	62.3619
G_ins_at_57	1323.a3m	28.9763
T_ins_at_329	1324.a3m	63.1204
A_ins_at_687	1325.a3m	216.654
A_ins_at_36	1326.a3m	28.8563
C_ins_at_581	1327.a3m	183.78
T_ins_at_49	1328.a3m	33.8738
T_ins_at_353	1329.a3m	120.221
G_ins_at_423	132.a3m	88.4506
A_ins_at_516	1330.a3m	152.023
A_ins_at_475	1331.a3m	168.909
A_ins_at_411	1332.a3m	81.5613
G_ins_at_77	1333.a3m	83.3121
A_ins_at_195	1334.a3m	59.3111
A_ins_at_611	1335.a3m	189.697
C_ins_at_635	1336.a3m	190.732
A_ins_at_142	1337.a3m	52.9158
T_ins_at_409	1338.a3m	84.319
A_ins_at_109	1339.a3m	70.7913
T_ins_at_636	133.a3m	193.445
C_ins_at_630	1340.a3m	202.5
A_ins_at_623	1341.a3m	201.214
T_ins_at_514	1342.a3m	150.136
G_ins_at_325	1343.a3m	61.8653
T_ins_at_253	1344.a3m	104.767
T_ins_at_58	1345.a3m	34.0632
T_ins_at_490	1346.a3m	153.828
T_ins_at_87	1347.a3m	84.7097
G_ins_at_107	1348.a3m	66.5738
A_ins_at_164	1349.a3m	79.2439
G_ins_at_113	134.a3m	72.6968
C_ins_at_496	1350.a3m	160.511
G_ins_at_65	1351.a3m	40.4757
C_ins_at_364	1352.a3m	113.741
T_ins_at_295	1353.a3m	59.067
T_ins_at_493	1354.a3m	127.402
T_ins_at_161	1355.a3m	85.2078
G_ins_at_148	1356.a3m	74.8256
C_ins_at_399	1357.a3m	83.5545
G_ins_at_467	1358.a3m	136.473
C_ins_at_408	1359.a3m	84.5895
T_ins_at_485	135.a3m	122.487
T_ins_at_537	1360.a3m	160.034
G_ins_at_525	1361.a3m	157.085
T_ins_at_198	1362.a3m	59.4811
C_ins_at_677	1363.a3m	206.767
A_ins_at_326	1364.a3m	56.2515
T_ins_at_106	1365.a3m	63.552
C_ins_at_181	1366.a3m	53.7865
T_ins_at_189	1367.a3m	57.496
T_ins_at_649	1368.a3m	194.828
G_ins_at_451	1369.a3m	158.752
A_ins_at_279	136.a3m	88.4825
G_ins_at_388	1370.a3m	95.4322
G_ins_at_300	1371.a3m	58.7144
G_ins_at_181	1372.a3m	53.9626
A_ins_at_7	1373.a3m	25.2324
C_ins_at_19	1374.a3m	26.0411
C_ins_at_472	1375.a3m	156.092
C_ins_at_239	1376.a3m	91.2648
A_ins_at_665	1377.a3m	209.452
A_ins_at_571	1378.a3m	194.243
C_ins_at_287	1379.a3m	65.3133
A_ins_at_9	137.a3m	22.4678
T_ins_at_341	1380.a3m	121.239
A_ins_at_180	1381.a3m	53.6339
G_ins_at_353	1382.a3m	112.044
T_ins_at_96	1383.a3m	79.2378
A_ins_at_329	1384.a3m	58.8838
T_ins_at_315	1385.a3m	58.448
T_ins_at_143	1386.a3m	59.3114
C_ins_at_202	1387.a3m	60.2772
T_ins_at_478	1388.a3m	116.071
G_ins_at_263	1389.a3m	101.194
C_ins_at_319	138.a3m	60.5446
G_ins_at_665	1390.a3m	216.431
A_ins_at_261	1391.a3m	105.29
C_ins_at_531	1392.a3m	158.123
A_ins_at_46	1393.a3m	33.2595
G_ins_at_232	1394.a3m	62.037
A_ins_at_91	1395.a3m	67.0337
G_ins_at_313	1396.a3m	61.542
T_ins_at_575	1397.a3m	187.514
A_ins_at_265	1398.a3m	100.291
T_ins_at_255	1399.a3m	114.235
T_ins_at_367	139.a3m	102.027
G_ins_at_290	13.a3m	61.0714
C_ins_at_422	1400.a3m	87.9809
T_ins_at_293	1401.a3m	64.9627
T_ins_at_433	1402.a3m	85.0647
A_ins_at_95	1403.a3m	75.2267
A_ins_at_193	1404.a3m	57.6583
C_ins_at_195	1405.a3m	56.7553
C_ins_at_56	1406.a3m	23.3395
A_ins_at_298	1407.a3m	64.6726
T_ins_at_547	1408.a3m	173.795
G_ins_at_571	1409.a3m	206.138
A_ins_at_521	140.a3m	150.514
T_ins_at_584	1410.a3m	189.639
T_ins_at_428	1411.a3m	81.7366
G_ins_at_651	1412.a3m	208.656
A_ins_at_100	1413.a3m	65.6509
G_ins_at_476	1414.a3m	152.191
G_ins_at_372	1415.a3m	107.351
C_ins_at_587	1416.a3m	177.817
C_ins_at_659	1417.a3m	210.108
T_ins_at_50	1418.a3m	31.1724
T_ins_at_427	1419.a3m	82.4467
T_ins_at_406	141.a3m	80.8085
G_ins_at_376	1420.a3m	106.173
T_ins_at_243	1421.a3m	117.261
G_ins_at_361	1422.a3m	96.2611
C_ins_at_142	1423.a3m	53.8582
C_ins_at_342	1424.a3m	125.404
G_ins_at_33	1425.a3m	24.7868
A_ins_at_197	1426.a3m	61.7706
G_ins_at_474	1427.a3m	169.324
G_ins_at_346	1428.a3m	112.918
A_ins_at_52	1429.a3m	31.6969
T_ins_at_111	142.a3m	65.4528
C_ins_at_689	1430.a3m	220.454
G_ins_at_541	1431.a3m	159.568
A_ins_at_110	1432.a3m	79.1851
T_ins_at_218	1433.a3m	62.1457
A_ins_at_396	1434.a3m	84.0786
C_ins_at_600	1435.a3m	197.02
A_ins_at_671	1436.a3m	235.827
A_ins_at_477	1437.a3m	155.33
C_ins_at_483	1438.a3m	152.611
A_ins_at_210	1439.a3m	62.4428
G_ins_at_262	143.a3m	99.5403
A_ins_at_107	1440.a3m	71.4232
A_ins_at_464	1441.a3m	144.416
G_ins_at_294	1442.a3m	62.1338
C_ins_at_679	1443.a3m	223.948
T_ins_at_596	1444.a3m	192.226
T_ins_at_638	1445.a3m	203.35
G_ins_at_109	1446.a3m	59.6385
A_ins_at_294	1447.a3m	63.0858
A_ins_at_532	1448.a3m	169.253
T_ins_at_515	1449.a3m	163.043
C_ins_at_642	144.a3m	218.165
T_ins_at_672	1450.a3m	222.317
C_ins_at_491	1451.a3m	155.372
T_ins_at_123	1452.a3m	66.4446
G_ins_at_683	1453.a3m	226.255
T_ins_at_426	1454.a3m	87.5603
T_ins_at_585	1455.a3m	186.145
A_ins_at_523	1456.a3m	156.542
A_ins_at_698	1457.a3m	217.459
C_ins_at_622	1458.a3m	209.8
G_ins_at_165	1459.a3m	80.428
C_ins_at_445	145.a3m	147.751
C_ins_at_636	1460.a3m	190.913
T_ins_at_294	1461.a3m	63.3831
T_ins_at_259	1462.a3m	97.9675
G_ins_at_241	1463.a3m	114.245
G_ins_at_504	1464.a3m	122.687
A_ins_at_118	1465.a3m	67.2269
A_ins_at_401	1466.a3m	79.1881
A_ins_at_406	1467.a3m	86.9469
C_ins_at_525	1468.a3m	158.839
T_ins_at_581	1469.a3m	195.493
T_ins_at_276	146.a3m	91.3315
G_ins_at_298	1470.a3m	59.984
T_ins_at_7	1471.a3m	24.1202
C_ins_at_431	1472.a3m	86.6792
T_ins_at_549	1473.a3m	165.131
G_ins_at_126	1474.a3m	66.9106
G_ins_at_692	1475.a3m	207.871
A_ins_at_309	1476.a3m	57.975
C_ins_at_460	1477.a3m	137.296
G_ins_at_397	1478.a3m	85.0891
A_ins_at_378	1479.a3m	98.9846
A_ins_at_628	147.a3m	213.497
T_ins_at_31	1480.a3m	23.2417
T_ins_at_37	1481.a3m	27.9174
A_ins_at_556	1482.a3m	158.787
G_ins_at_333	1483.a3m	64.6633
A_ins_at_513	1484.a3m	148.952
G_ins_at_203	1485.a3m	61.1246
G_ins_at_169	1486.a3m	98.1733
G_ins_at_226	1487.a3m	57.817
A_ins_at_16	1488.a3m	21.8517
C_ins_at_438	1489.a3m	152.779
C_ins_at_126	148.a3m	66.2832
G_ins_at_335	1490.a3m	119.333
C_ins_at_3	1491.a3m	23.3158
C_ins_at_412	1492.a3m	82.1969
A_ins_at_676	1493.a3m	218.116
G_ins_at_342	1494.a3m	123.993
G_ins_at_99	1495.a3m	76.5785
T_ins_at_479	1496.a3m	147.985
T_ins_at_405	1497.a3m	81.3224
T_ins_at_236	1498.a3m	64.0674
A_ins_at_384	1499.a3m	92.605
T_ins_at_5	149.a3m	24.7348
G_ins_at_212	14.a3m	75.3498
C_ins_at_510	1500.a3m	154.42
A_ins_at_55	1501.a3m	31.3568
C_ins_at_592	1502.a3m	189.175
C_ins_at_84	1503.a3m	79.4901
T_ins_at_272	1504.a3m	95.8232
C_ins_at_414	1505.a3m	84.9906
G_ins_at_328	1506.a3m	60.4229
A_ins_at_616	1507.a3m	192.94
A_ins_at_383	1508.a3m	93.9122
C_ins_at_168	1509.a3m	79.2316
A_ins_at_368	150.a3m	110.213
C_ins_at_69	1510.a3m	43.8805
G_ins_at_322	1511.a3m	57.0979
T_ins_at_385	1512.a3m	75.1353
T_ins_at_411	1513.a3m	80.0741
A_ins_at_478	1514.a3m	153.449
A_ins_at_258	1515.a3m	107.164
T_ins_at_40	1516.a3m	30.7283
G_ins_at_652	1517.a3m	211.255
G_ins_at_582	1518.a3m	185.018
C_ins_at_539	1519.a3m	161.407
G_ins_at_505	151.a3m	167.585
A_ins_at_422	1520.a3m	87.0003
A_ins_at_231	1521.a3m	56.857
T_ins_at_643	1522.a3m	183.611
G_ins_at_288	1523.a3m	62.1653
C_ins_at_532	1524.a3m	174.338
C_ins_at_12	1525.a3m	25.1444
A_ins_at_650	1526.a3m	194.623
G_ins_at_253	1527.a3m	112.127
A_ins_at_113	1528.a3m	61.7796
C_ins_at_183	1529.a3m	58.0561
T_ins_at_634	152.a3m	203.71
A_ins_at_652	1530.a3m	213.958
A_ins_at_23	1531.a3m	31.2915
T_ins_at_160	1532.a3m	71.2352
T_ins_at_145	1533.a3m	61.0043
A_ins_at_160	1534.a3m	77.7722
C_ins_at_540	1535.a3m	160.242
A_ins_at_220	1536.a3m	66.571
C_ins_at_403	1537.a3m	77.2117
A_ins_at_33	1538.a3m	25.7366
T_ins_at_296	1539.a3m	65.2898
T_ins_at_400	153.a3m	83.7726
C_ins_at_212	1540.a3m	71.7696
C_ins_at_282	1541.a3m	94.502
T_ins_at_458	1542.a3m	146.305
G_ins_at_616	1543.a3m	188.835
C_ins_at_665	1544.a3m	225.09
A_ins_at_614	1545.a3m	213.041
G_ins_at_187	1546.a3m	56.8711
G_ins_at_478	1547.a3m	146.823
G_ins_at_443	1548.a3m	161.176
G_ins_at_398	1549.a3m	81.6669
T_ins_at_146	154.a3m	74.5228
C_ins_at_608	1550.a3m	205.198
T_ins_at_125	1551.a3m	67.0785
C_ins_at_511	1552.a3m	151.917
C_ins_at_307	1553.a3m	67.1525
G_ins_at_140	1554.a3m	54.4205
T_ins_at_444	1555.a3m	127.12
G_ins_at_599	1556.a3m	198.971
C_ins_at_474	1557.a3m	168.295
G_ins_at_406	1558.a3m	81.2384
A_ins_at_104	1559.a3m	61.5853
G_ins_at_217	155.a3m	75.9171
C_ins_at_18	1560.a3m	28.0706
G_ins_at_568	1561.a3m	206.862
A_ins_at_413	1562.a3m	89.0455
G_ins_at_54	1563.a3m	23.8513
C_ins_at_234	1564.a3m	64.23
T_ins_at_60	1565.a3m	32.9519
C_ins_at_401	1566.a3m	78.2461
C_ins_at_329	1567.a3m	61.7013
C_ins_at_568	1568.a3m	204.466
A_ins_at_617	1569.a3m	192.343
T_ins_at_618	156.a3m	192.976
T_ins_at_456	1570.a3m	141.704
T_ins_at_522	1571.a3m	152.248
C_ins_at_316	1572.a3m	65.3499
T_ins_at_343	1573.a3m	125.962
A_ins_at_175	1574.a3m	57.9402
T_ins_at_203	1575.a3m	64.285
A_ins_at_372	1576.a3m	105.693
T_ins_at_277	1577.a3m	89.0773
T_ins_at_258	1578.a3m	107.198
G_ins_at_428	1579.a3m	80.7635
C_ins_at_16	157.a3m	20.6434
G_ins_at_431	1580.a3m	88.7746
T_ins_at_113	1581.a3m	77.6782
G_ins_at_78	1582.a3m	83.5752
T_ins_at_451	1583.a3m	94.8728
C_ins_at_78	1584.a3m	75.7634
T_ins_at_53	1585.a3m	35.2791
C_ins_at_585	1586.a3m	183.537
C_ins_at_124	1587.a3m	67.5193
G_ins_at_532	1588.a3m	170.125
C_ins_at_594	1589.a3m	190.161
T_ins_at_699	158.a3m	220.869
T_ins_at_362	1590.a3m	109.678
G_ins_at_127	1591.a3m	66.9413
G_ins_at_594	1592.a3m	188.284
C_ins_at_476	1593.a3m	150.59
A_ins_at_674	1594.a3m	227.093
C_ins_at_95	1595.a3m	80.3461
A_ins_at_77	1596.a3m	85.1605
T_ins_at_539	1597.a3m	163.026
C_ins_at_245	1598.a3m	104.117
A_ins_at_666	1599.a3m	210.367
C_ins_at_125	159.a3m	61.4272
A_ins_at_156	15.a3m	71.9275
A_ins_at_507	1600.a3m	145.816
G_ins_at_4	1601.a3m	25.6328
A_ins_at_457	1602.a3m	147.781
C_ins_at_191	1603.a3m	54.1
T_ins_at_172	1604.a3m	75.1075
A_ins_at_433	1605.a3m	87.5048
T_ins_at_455	1606.a3m	138.692
C_ins_at_447	1607.a3m	145.84
A_ins_at_310	1608.a3m	58.6481
A_ins_at_317	1609.a3m	58.7341
A_ins_at_105	160.a3m	65.0767
G_ins_at_701	1610.a3m	233.964
A_ins_at_292	1611.a3m	63.0739
C_ins_at_522	1612.a3m	153.675
C_ins_at_92	1613.a3m	72.8304
A_ins_at_54	1614.a3m	23.7377
C_ins_at_424	1615.a3m	86.7613
G_ins_at_310	1616.a3m	63.7239
G_ins_at_586	1617.a3m	198.214
C_ins_at_377	1618.a3m	98.609
C_ins_at_4	1619.a3m	23.1882
C_ins_at_182	161.a3m	55.6939
A_ins_at_461	1620.a3m	139.643
A_ins_at_335	1621.a3m	143.356
C_ins_at_219	1622.a3m	63.4321
A_ins_at_358	1623.a3m	101.06
A_ins_at_656	1624.a3m	202.231
G_ins_at_56	1625.a3m	27.7842
T_ins_at_307	1626.a3m	62.4304
C_ins_at_614	1627.a3m	201.385
A_ins_at_314	1628.a3m	62.6164
A_ins_at_609	1629.a3m	170.009
T_ins_at_666	162.a3m	224.24
A_ins_at_619	1630.a3m	199.096
A_ins_at_45	1631.a3m	27.6829
A_ins_at_653	1632.a3m	210.129
A_ins_at_551	1633.a3m	169.143
T_ins_at_69	1634.a3m	44.8055
C_ins_at_58	1635.a3m	32.6359
A_ins_at_599	1636.a3m	178.449
T_ins_at_439	1637.a3m	137.514
G_ins_at_30	1638.a3m	24.4812
A_ins_at_362	1639.a3m	114.737
T_ins_at_350	163.a3m	106.408
A_ins_at_555	1640.a3m	160.442
C_ins_at_145	1641.a3m	77.1663
T_ins_at_388	1642.a3m	95.4004
G_ins_at_650	1643.a3m	219.059
A_ins_at_355	1644.a3m	120.449
T_ins_at_129	1645.a3m	71.795
C_ins_at_372	1646.a3m	104.771
C_ins_at_498	1647.a3m	157.595
A_ins_at_586	1648.a3m	188.32
G_ins_at_192	1649.a3m	53.7465
T_ins_at_419	164.a3m	89.3143
A_ins_at_594	1650.a3m	186.762
G_ins_at_370	1651.a3m	100.24
A_ins_at_204	1652.a3m	55.5353
C_ins_at_206	1653.a3m	73.429
A_ins_at_354	1654.a3m	60.3884
T_ins_at_151	1655.a3m	62.176
A_ins_at_305	1656.a3m	62.8522
G_ins_at_272	1657.a3m	88.1041
T_ins_at_335	1658.a3m	128.465
A_ins_at_324	1659.a3m	63.2965
C_ins_at_83	165.a3m	71.981
T_ins_at_361	1660.a3m	61.9277
A_ins_at_679	1661.a3m	204.464
A_ins_at_643	1662.a3m	200.066
C_ins_at_188	1663.a3m	57.5373
C_ins_at_77	1664.a3m	83.0241
C_ins_at_314	1665.a3m	61.1875
T_ins_at_154	1666.a3m	94.351
A_ins_at_59	1667.a3m	33.196
C_ins_at_466	1668.a3m	154.367
A_ins_at_85	1669.a3m	78.2589
T_ins_at_238	166.a3m	61.4108
A_ins_at_47	1670.a3m	31.638
C_ins_at_185	1671.a3m	55.2611
C_ins_at_35	1672.a3m	26.0572
C_ins_at_563	1673.a3m	209.766
A_ins_at_127	1674.a3m	66.9816
G_ins_at_159	1675.a3m	76.6858
T_ins_at_583	1676.a3m	182.231
G_ins_at_527	1677.a3m	148.782
A_ins_at_14	1678.a3m	25.8984
T_ins_at_237	1679.a3m	62.9025
A_ins_at_311	167.a3m	58.7121
C_ins_at_645	1680.a3m	204.787
A_ins_at_552	1681.a3m	167.639
C_ins_at_359	1682.a3m	96.7134
C_ins_at_291	1683.a3m	63.6079
T_ins_at_381	1684.a3m	98.9412
T_ins_at_321	1685.a3m	56.9654
T_ins_at_81	1686.a3m	79.3914
G_ins_at_605	1687.a3m	184.917
A_ins_at_278	1688.a3m	94.2897
C_ins_at_264	1689.a3m	105.478
G_ins_at_440	168.a3m	147.034
G_ins_at_121	1690.a3m	65.1468
C_ins_at_696	1691.a3m	228.069
C_ins_at_277	1692.a3m	92.5956
C_ins_at_454	1693.a3m	153.031
G_ins_at_418	1694.a3m	82.4318
G_ins_at_233	1695.a3m	67.7069
T_ins_at_557	1696.a3m	154.202
T_ins_at_570	1697.a3m	202.156
T_ins_at_579	1698.a3m	207.961
C_ins_at_430	1699.a3m	89.4462
C_ins_at_664	169.a3m	214.343
A_ins_at_174	16.a3m	67.3258
T_ins_at_679	1700.a3m	208.325
A_ins_at_682	1701.a3m	203.895
A_ins_at_622	1702.a3m	198.103
A_ins_at_26	1703.a3m	31.4101
C_ins_at_111	1704.a3m	64.2738
G_ins_at_511	1705.a3m	157.247
C_ins_at_617	1706.a3m	186.57
C_ins_at_363	1707.a3m	99.7807
C_ins_at_638	1708.a3m	211.95
T_ins_at_110	1709.a3m	67.5893
A_ins_at_137	170.a3m	67.6513
C_ins_at_197	1710.a3m	64.7681
G_ins_at_673	1711.a3m	215.777
G_ins_at_699	1712.a3m	221.402
T_ins_at_334	1713.a3m	63.5427
G_ins_at_312	1714.a3m	60.0976
C_ins_at_440	1715.a3m	121.605
G_ins_at_131	1716.a3m	69.4795
A_ins_at_558	1717.a3m	157.766
G_ins_at_200	1718.a3m	60.7125
C_ins_at_2	1719.a3m	23.5537
C_ins_at_367	171.a3m	119.539
G_ins_at_301	1720.a3m	62.3067
C_ins_at_196	1721.a3m	57.0312
T_ins_at_562	1722.a3m	183.123
T_ins_at_459	1723.a3m	137.886
C_ins_at_673	1724.a3m	221.017
T_ins_at_516	1725.a3m	154.494
C_ins_at_416	1726.a3m	88.0226
T_ins_at_214	1727.a3m	71.8056
G_ins_at_158	1728.a3m	88.2663
A_ins_at_177	1729.a3m	55.4006
G_ins_at_177	172.a3m	54.6059
A_ins_at_68	1730.a3m	33.3733
C_ins_at_227	1731.a3m	61.0698
G_ins_at_154	1732.a3m	72.8602
C_ins_at_580	1733.a3m	175.502
C_ins_at_681	1734.a3m	207.796
G_ins_at_625	1735.a3m	199.25
C_ins_at_1	1736.a3m	25.8638
G_ins_at_375	1737.a3m	99.8732
C_ins_at_302	1738.a3m	65.5423
C_ins_at_233	1739.a3m	62.5651
T_ins_at_676	173.a3m	223.719
G_ins_at_276	1740.a3m	87.924
C_ins_at_467	1741.a3m	163.28
G_ins_at_222	1742.a3m	61.8196
A_ins_at_581	1743.a3m	191.522
A_ins_at_150	1744.a3m	93.8102
G_ins_at_73	1745.a3m	29.728
C_ins_at_590	1746.a3m	175.256
T_ins_at_39	1747.a3m	30.7048
G_ins_at_97	1748.a3m	68.8802
T_ins_at_314	1749.a3m	55.011
A_ins_at_5	174.a3m	29.8072
C_ins_at_107	1750.a3m	64.8879
G_ins_at_62	1751.a3m	43.1051
T_ins_at_109	1752.a3m	78.7417
C_ins_at_345	1753.a3m	126.722
T_ins_at_72	1754.a3m	35.9748
G_ins_at_530	1755.a3m	175.825
A_ins_at_327	1756.a3m	55.5956
C_ins_at_441	1757.a3m	149.652
C_ins_at_561	1758.a3m	203.924
C_ins_at_118	1759.a3m	66.1096
A_ins_at_566	175.a3m	204.045
A_ins_at_284	1760.a3m	89.0811
A_ins_at_78	1761.a3m	81.409
G_ins_at_145	1762.a3m	79.1658
T_ins_at_563	1763.a3m	200.27
C_ins_at_494	1764.a3m	164.606
A_ins_at_596	1765.a3m	190.926
T_ins_at_498	1766.a3m	158.145
T_ins_at_43	1767.a3m	19.541
C_ins_at_190	1768.a3m	52.3626
A_ins_at_230	1769.a3m	57.8594
G_ins_at_588	176.a3m	178.662
C_ins_at_418	1770.a3m	84.5974
G_ins_at_386	1771.a3m	86.4752
C_ins_at_448	1772.a3m	156.977
T_ins_at_211	1773.a3m	67.1956
C_ins_at_332	1774.a3m	62.2137
A_ins_at_234	1775.a3m	63.7215
G_ins_at_659	1776.a3m	203.507
T_ins_at_524	1777.a3m	144.582
T_ins_at_23	1778.a3m	34.9908
G_ins_at_645	1779.a3m	211.633
G_ins_at_122	177.a3m	58.9421
G_ins_at_574	1780.a3m	191.482
A_ins_at_483	1781.a3m	156.487
G_ins_at_18	1782.a3m	23.3662
T_ins_at_300	1783.a3m	56.4512
G_ins_at_526	1784.a3m	160.356
C_ins_at_704	1785.a3m	227.319
G_ins_at_702	1786.a3m	220.306
A_ins_at_133	1787.a3m	66.0091
G_ins_at_236	1788.a3m	59.5227
A_ins_at_547	1789.a3m	166.182
G_ins_at_281	178.a3m	88.5314
A_ins_at_692	1790.a3m	228.959
T_ins_at_131	1791.a3m	67.1028
C_ins_at_528	1792.a3m	150.773
C_ins_at_452	1793.a3m	153.615
C_ins_at_81	1794.a3m	79.0982
A_ins_at_454	1795.a3m	137.469
G_ins_at_269	1796.a3m	93.9126
G_ins_at_690	1797.a3m	211.809
T_ins_at_488	1798.a3m	160.858
T_ins_at_447	1799.a3m	139.382
A_ins_at_490	179.a3m	146.136
T_ins_at_567	17.a3m	210.978
G_ins_at_164	1800.a3m	79.9989
G_ins_at_378	1801.a3m	96.3088
C_ins_at_9	1802.a3m	22.4567
A_ins_at_236	1803.a3m	55.7152
G_ins_at_441	1804.a3m	147.413
T_ins_at_254	1805.a3m	114.508
T_ins_at_646	1806.a3m	211.313
A_ins_at_212	1807.a3m	74.466
C_ins_at_468	1808.a3m	161.969
T_ins_at_256	1809.a3m	100.878
T_ins_at_280	180.a3m	93.9422
G_ins_at_153	1810.a3m	94.6266
T_ins_at_564	1811.a3m	208.835
C_ins_at_51	1812.a3m	23.8591
A_ins_at_629	1813.a3m	198.645
C_ins_at_542	1814.a3m	161.557
T_ins_at_597	1815.a3m	190.926
T_ins_at_536	1816.a3m	159.981
T_ins_at_130	1817.a3m	72.4944
T_ins_at_683	1818.a3m	205.389
T_ins_at_475	1819.a3m	148.766
G_ins_at_677	181.a3m	231.731
G_ins_at_488	1820.a3m	142.06
A_ins_at_389	1821.a3m	99.1965
C_ins_at_66	1822.a3m	40.5905
C_ins_at_487	1823.a3m	143.258
C_ins_at_278	1824.a3m	90.0584
T_ins_at_689	1825.a3m	219.021
G_ins_at_103	1826.a3m	67.7598
C_ins_at_382	1827.a3m	87.1235
G_ins_at_550	1828.a3m	168.329
A_ins_at_51	1829.a3m	20.4364
C_ins_at_573	182.a3m	192.715
C_ins_at_65	1830.a3m	41.0211
A_ins_at_98	1831.a3m	71.7259
T_ins_at_561	1832.a3m	205.816
A_ins_at_299	1833.a3m	59.0872
C_ins_at_615	1834.a3m	205.09
C_ins_at_255	1835.a3m	112.297
T_ins_at_140	1836.a3m	73.7211
T_ins_at_528	1837.a3m	153.64
C_ins_at_656	1838.a3m	210.962
C_ins_at_289	1839.a3m	76.9192
C_ins_at_189	183.a3m	57.252
T_ins_at_14	1840.a3m	19.511
T_ins_at_90	1841.a3m	73.3146
A_ins_at_332	1842.a3m	62.6446
C_ins_at_242	1843.a3m	100.372
G_ins_at_698	1844.a3m	243.668
G_ins_at_311	1845.a3m	62.3767
C_ins_at_578	1846.a3m	195.566
T_ins_at_487	1847.a3m	157.194
G_ins_at_662	1848.a3m	203.791
G_ins_at_174	1849.a3m	67.1967
A_ins_at_120	184.a3m	72.338
G_ins_at_267	1850.a3m	93.9109
C_ins_at_208	1851.a3m	69.2105
C_ins_at_328	1852.a3m	59.4476
T_ins_at_436	1853.a3m	83.2852
C_ins_at_505	1854.a3m	146.863
C_ins_at_203	1855.a3m	55.2136
G_ins_at_513	1856.a3m	148.525
G_ins_at_256	1857.a3m	104.005
A_ins_at_359	1858.a3m	102.818
G_ins_at_522	1859.a3m	153.866
T_ins_at_196	185.a3m	61.0936
A_ins_at_660	1860.a3m	210.12
C_ins_at_702	1861.a3m	219.222
A_ins_at_308	1862.a3m	60.7812
A_ins_at_668	1863.a3m	210.767
T_ins_at_204	1864.a3m	55.363
T_ins_at_569	1865.a3m	205.564
G_ins_at_396	1866.a3m	81.9497
G_ins_at_374	1867.a3m	101.997
C_ins_at_582	1868.a3m	187.424
C_ins_at_358	1869.a3m	98.5093
T_ins_at_142	186.a3m	82.0464
T_ins_at_67	1870.a3m	37.339
G_ins_at_648	1871.a3m	194.588
C_ins_at_480	1872.a3m	154.374
C_ins_at_231	1873.a3m	58.4387
T_ins_at_174	1874.a3m	67.2747
T_ins_at_328	1875.a3m	60.5492
T_ins_at_278	1876.a3m	89.5314
C_ins_at_570	1877.a3m	201.315
C_ins_at_641	1878.a3m	205.255
A_ins_at_367	1879.a3m	115.493
C_ins_at_658	187.a3m	209.034
A_ins_at_89	1880.a3m	72.2464
A_ins_at_114	1881.a3m	73.9438
C_ins_at_312	1882.a3m	58.8187
C_ins_at_692	1883.a3m	214.051
A_ins_at_561	1884.a3m	207.58
T_ins_at_298	1885.a3m	58.7423
A_ins_at_334	1886.a3m	134.327
C_ins_at_370	1887.a3m	103.591
G_ins_at_306	1888.a3m	63.7236
G_ins_at_664	1889.a3m	221.226
T_ins_at_674	188.a3m	224.929
C_ins_at_311	1890.a3m	66.488
C_ins_at_156	1891.a3m	71.2658
A_ins_at_247	1892.a3m	116.685
G_ins_at_142	1893.a3m	56.9912
T_ins_at_398	1894.a3m	83.7063
C_ins_at_634	1895.a3m	188.212
G_ins_at_91	1896.a3m	85.1189
A_ins_at_295	1897.a3m	57.772
C_ins_at_120	1898.a3m	69.8598
G_ins_at_96	1899.a3m	81.5887
C_ins_at_597	189.a3m	192.34
C_ins_at_545	18.a3m	163.915
G_ins_at_435	1900.a3m	83.2512
T_ins_at_167	1901.a3m	97.1073
G_ins_at_520	1902.a3m	145.295
A_ins_at_481	1903.a3m	149.339
A_ins_at_222	1904.a3m	62.1559
T_ins_at_702	1905.a3m	218.847
T_ins_at_348	1906.a3m	119.337
A_ins_at_644	1907.a3m	198.506
G_ins_at_357	1908.a3m	107.798
G_ins_at_531	1909.a3m	166.102
A_ins_at_541	190.a3m	162.001
C_ins_at_104	1910.a3m	62.876
A_ins_at_316	1911.a3m	58.5147
T_ins_at_180	1912.a3m	53.7671
C_ins_at_29	1913.a3m	25.7521
A_ins_at_148	1914.a3m	80.168
T_ins_at_686	1915.a3m	213.639
T_ins_at_543	1916.a3m	165.264
G_ins_at_669	1917.a3m	211.615
A_ins_at_179	1918.a3m	64.6405
A_ins_at_352	1919.a3m	122.771
T_ins_at_576	191.a3m	199.406
C_ins_at_462	1920.a3m	154.189
C_ins_at_112	1921.a3m	79.3278
G_ins_at_560	1922.a3m	209.744
C_ins_at_209	1923.a3m	73.4477
C_ins_at_579	1924.a3m	211.567
C_ins_at_243	1925.a3m	116.413
T_ins_at_223	1926.a3m	59.1883
A_ins_at_301	1927.a3m	61.0398
C_ins_at_57	1928.a3m	34.1713
A_ins_at_463	1929.a3m	146.749
G_ins_at_265	192.a3m	107.446
T_ins_at_553	1930.a3m	165.144
T_ins_at_33	1931.a3m	25.5037
G_ins_at_7	1932.a3m	28.9368
A_ins_at_303	1933.a3m	66.6047
A_ins_at_693	1934.a3m	211.785
A_ins_at_333	1935.a3m	64.9662
T_ins_at_499	1936.a3m	124.725
G_ins_at_243	1937.a3m	107.637
A_ins_at_217	1938.a3m	69.8352
C_ins_at_619	1939.a3m	197.877
C_ins_at_293	193.a3m	60.1095
T_ins_at_301	1940.a3m	58.4441
A_ins_at_21	1941.a3m	27.9421
A_ins_at_514	1942.a3m	160.285
C_ins_at_439	1943.a3m	122.425
G_ins_at_655	1944.a3m	209.053
G_ins_at_208	1945.a3m	66.1924
A_ins_at_286	1946.a3m	65.3424
G_ins_at_355	1947.a3m	104.204
C_ins_at_199	1948.a3m	59.3662
G_ins_at_331	1949.a3m	57.2438
A_ins_at_176	194.a3m	60.2392
A_ins_at_304	1950.a3m	61.9263
C_ins_at_143	1951.a3m	50.6731
C_ins_at_165	1952.a3m	85.9862
T_ins_at_275	1953.a3m	92.653
T_ins_at_212	1954.a3m	69.6908
C_ins_at_163	1955.a3m	82.0921
C_ins_at_39	1956.a3m	30.7413
G_ins_at_28	1957.a3m	23.2505
T_ins_at_292	1958.a3m	61.2386
A_ins_at_684	1959.a3m	218.244
T_ins_at_656	195.a3m	193.884
A_ins_at_62	1960.a3m	36.4175
T_ins_at_657	1961.a3m	209.807
C_ins_at_310	1962.a3m	62.7373
A_ins_at_183	1963.a3m	56.3209
C_ins_at_652	1964.a3m	199.143
G_ins_at_60	1965.a3m	35.3402
T_ins_at_222	1966.a3m	58.7196
T_ins_at_78	1967.a3m	78.5649
A_ins_at_509	1968.a3m	165.589
T_ins_at_695	1969.a3m	220.488
T_ins_at_370	196.a3m	104.972
T_ins_at_308	1970.a3m	63.5862
T_ins_at_535	1971.a3m	163.279
G_ins_at_124	1972.a3m	59.5281
C_ins_at_244	1973.a3m	122.486
A_ins_at_442	1974.a3m	142.526
G_ins_at_602	1975.a3m	184.001
G_ins_at_601	1976.a3m	182.34
C_ins_at_220	1977.a3m	62.862
G_ins_at_38	1978.a3m	28.5984
C_ins_at_417	1979.a3m	90.2586
C_ins_at_668	197.a3m	227.654
T_ins_at_289	1980.a3m	81.9913
G_ins_at_340	1981.a3m	117.709
C_ins_at_657	1982.a3m	209.873
G_ins_at_630	1983.a3m	199.622
A_ins_at_563	1984.a3m	197.856
C_ins_at_469	1985.a3m	164.997
C_ins_at_598	1986.a3m	194.854
A_ins_at_12	1987.a3m	5.8748
G_ins_at_257	1988.a3m	104.689
C_ins_at_204	1989.a3m	55.6662
G_ins_at_255	198.a3m	112.229
T_ins_at_470	1990.a3m	149.577
A_ins_at_446	1991.a3m	133.362
C_ins_at_421	1992.a3m	86.7254
T_ins_at_184	1993.a3m	58.8917
G_ins_at_258	1994.a3m	104.961
G_ins_at_416	1995.a3m	86.4725
G_ins_at_274	1996.a3m	85.5836
A_ins_at_240	1997.a3m	103.339
G_ins_at_420	1998.a3m	87.8264
C_ins_at_134	1999.a3m	61.0392
C_ins_at_356	199.a3m	106.559
G_ins_at_352	19.a3m	122.477
C_ins_at_27	1.a3m	26.3131
C_ins_at_290	2000.a3m	62.8729
C_ins_at_350	2001.a3m	122.402
A_ins_at_163	2002.a3m	82.5377
A_ins_at_537	2003.a3m	158.31
C_ins_at_616	2004.a3m	187.865
G_ins_at_636	2005.a3m	195.106
C_ins_at_218	2006.a3m	67.9601
G_ins_at_63	2007.a3m	36.4182
A_ins_at_122	2008.a3m	71.488
C_ins_at_478	2009.a3m	148.086
A_ins_at_476	200.a3m	152.497
C_ins_at_400	2010.a3m	81.2445
G_ins_at_75	2011.a3m	38.887
T_ins_at_312	2012.a3m	59.3308
A_ins_at_472	2013.a3m	162.053
C_ins_at_552	2014.a3m	169.385
C_ins_at_576	2015.a3m	200.069
A_ins_at_403	2016.a3m	79.3336
A_ins_at_48	2017.a3m	30.4864
A_ins_at_382	2018.a3m	87.2265
A_ins_at_101	2019.a3m	77.3176
T_ins_at_207	201.a3m	68.6388
A_ins_at_341	2020.a3m	129.318
G_ins_at_201	2021.a3m	59.2143
A_ins_at_76	2022.a3m	85.7223
G_ins_at_419	2023.a3m	84.4612
T_ins_at_384	2024.a3m	87.3001
G_ins_at_144	2025.a3m	59.4699
G_ins_at_89	2026.a3m	81.0906
G_ins_at_47	2027.a3m	31.8387
A_ins_at_318	2028.a3m	57.408
T_ins_at_420	2029.a3m	89.2408
C_ins_at_651	202.a3m	206.312
T_ins_at_511	2030.a3m	167.908
G_ins_at_299	2031.a3m	63.7509
G_ins_at_494	2032.a3m	161.588
T_ins_at_179	2033.a3m	66.3838
G_ins_at_535	2034.a3m	166.965
C_ins_at_490	2035.a3m	156.948
T_ins_at_136	2036.a3m	63.7105
T_ins_at_526	2037.a3m	162.6
G_ins_at_452	2038.a3m	164.329
C_ins_at_237	2039.a3m	58.8423
T_ins_at_303	203.a3m	67.7642
T_ins_at_6	2040.a3m	28.7873
G_ins_at_196	2041.a3m	58.5247
T_ins_at_589	2042.a3m	179.439
A_ins_at_560	2043.a3m	204.66
T_ins_at_403	2044.a3m	70.8656
A_ins_at_357	2045.a3m	108.972
T_ins_at_645	2046.a3m	206.27
C_ins_at_295	2047.a3m	59.2086
A_ins_at_375	2048.a3m	99.7073
A_ins_at_29	2049.a3m	26.6764
C_ins_at_503	204.a3m	158.704
A_ins_at_146	2050.a3m	66.7477
T_ins_at_554	2051.a3m	162.056
A_ins_at_640	2052.a3m	207.152
T_ins_at_337	2053.a3m	125.946
A_ins_at_610	2054.a3m	189.791
G_ins_at_481	2055.a3m	157.164
G_ins_at_411	2056.a3m	83.5242
C_ins_at_205	2057.a3m	74.2005
T_ins_at_51	2058.a3m	23.263
T_ins_at_540	2059.a3m	161.196
A_ins_at_126	205.a3m	67.2713
G_ins_at_69	2060.a3m	36.4324
C_ins_at_147	2061.a3m	78.8905
C_ins_at_105	2062.a3m	62.8821
C_ins_at_224	2063.a3m	83.534
T_ins_at_71	2064.a3m	34.4418
A_ins_at_219	2065.a3m	62.0952
G_ins_at_114	2066.a3m	76.6062
A_ins_at_499	2067.a3m	156.366
C_ins_at_653	2068.a3m	204.096
C_ins_at_135	2069.a3m	57.3989
G_ins_at_610	206.a3m	193.396
C_ins_at_553	2070.a3m	164.484
A_ins_at_497	2071.a3m	152.514
T_ins_at_664	2072.a3m	203.536
A_ins_at_369	2073.a3m	101.107
C_ins_at_375	2074.a3m	100.196
G_ins_at_529	2075.a3m	176.328
C_ins_at_530	2076.a3m	157.124
T_ins_at_355	2077.a3m	123.356
A_ins_at_285	2078.a3m	64.6253
G_ins_at_286	2079.a3m	56.8616
T_ins_at_489	207.a3m	144.916
G_ins_at_512	2080.a3m	163.97
G_ins_at_539	2081.a3m	159.157
G_ins_at_147	2082.a3m	68.4524
C_ins_at_221	2083.a3m	63.0571
T_ins_at_660	2084.a3m	208.855
G_ins_at_70	2085.a3m	34.596
G_ins_at_225	2086.a3m	64.8335
G_ins_at_248	2087.a3m	108.036
T_ins_at_192	2088.a3m	51.7063
T_ins_at_512	2089.a3m	149
T_ins_at_496	208.a3m	142.049
G_ins_at_365	2090.a3m	122.69
C_ins_at_241	2091.a3m	109.69
G_ins_at_117	2092.a3m	67.6626
C_ins_at_41	2093.a3m	30.8374
C_ins_at_389	2094.a3m	93.0511
A_ins_at_257	2095.a3m	112.767
A_ins_at_65	2096.a3m	54.9829
G_ins_at_516	2097.a3m	150.885
A_ins_at_320	2098.a3m	62.4091
C_ins_at_103	2099.a3m	63.833
G_ins_at_240	209.a3m	103.577
A_ins_at_44	20.a3m	31.1479
T_ins_at_500	2100.a3m	159.345
T_ins_at_442	2101.a3m	143.744
A_ins_at_121	2102.a3m	73.9254
G_ins_at_93	2103.a3m	69.9751
G_ins_at_304	2104.a3m	64.2923
T_ins_at_593	2105.a3m	192.343
G_ins_at_252	2106.a3m	113.682
C_ins_at_461	2107.a3m	149.786
C_ins_at_599	2108.a3m	193.125
T_ins_at_402	2109.a3m	80.7409
T_ins_at_340	210.a3m	123.005
C_ins_at_567	2110.a3m	214.912
A_ins_at_323	2111.a3m	56.7308
G_ins_at_367	2112.a3m	104.724
A_ins_at_17	2113.a3m	23.404
G_ins_at_224	2114.a3m	65.2335
C_ins_at_404	2115.a3m	85.6799
C_ins_at_471	2116.a3m	164.458
G_ins_at_176	2117.a3m	66.71
C_ins_at_102	2118.a3m	62.357
T_ins_at_658	2119.a3m	218.859
A_ins_at_232	211.a3m	62.4239
G_ins_at_578	2120.a3m	197.164
A_ins_at_517	2121.a3m	151.314
G_ins_at_663	2122.a3m	201.534
C_ins_at_618	2123.a3m	198.818
T_ins_at_21	2124.a3m	27.368
A_ins_at_602	2125.a3m	185.16
C_ins_at_116	2126.a3m	73.7664
G_ins_at_404	2127.a3m	81.5516
C_ins_at_628	2128.a3m	218.108
G_ins_at_141	2129.a3m	57.2154
A_ins_at_562	212.a3m	204.346
C_ins_at_670	2130.a3m	214.396
C_ins_at_509	2131.a3m	157.792
G_ins_at_24	2132.a3m	31.3976
A_ins_at_675	2133.a3m	226.895
C_ins_at_572	2134.a3m	193.426
T_ins_at_139	2135.a3m	67.0133
T_ins_at_193	2136.a3m	53.3786
T_ins_at_250	2137.a3m	106.979
G_ins_at_149	2138.a3m	96.118
A_ins_at_626	2139.a3m	183.73
A_ins_at_159	213.a3m	77.4299
C_ins_at_535	2140.a3m	160.233
T_ins_at_287	2141.a3m	79.4082
T_ins_at_380	2142.a3m	89.1843
A_ins_at_348	2143.a3m	62.1974
T_ins_at_454	2144.a3m	93.0982
T_ins_at_346	2145.a3m	128.413
G_ins_at_87	2146.a3m	82.0932
A_ins_at_410	2147.a3m	84.8036
T_ins_at_632	2148.a3m	199.879
C_ins_at_602	2149.a3m	195.844
C_ins_at_559	214.a3m	205.107
C_ins_at_371	2150.a3m	104.745
C_ins_at_38	2151.a3m	19.1005
G_ins_at_350	2152.a3m	116.239
T_ins_at_670	2153.a3m	235.543
G_ins_at_68	2154.a3m	35.7243
A_ins_at_470	2155.a3m	159.857
A_ins_at_625	2156.a3m	185.493
T_ins_at_269	2157.a3m	95.1043
G_ins_at_202	2158.a3m	61.7879
T_ins_at_175	2159.a3m	58.2487
A_ins_at_103	215.a3m	69.2209
G_ins_at_49	2160.a3m	31.0397
G_ins_at_235	2161.a3m	60.1323
G_ins_at_12	2162.a3m	5.85522
G_ins_at_204	2163.a3m	55.8404
T_ins_at_38	2164.a3m	30.7356
C_ins_at_113	2165.a3m	73.6889
A_ins_at_691	2166.a3m	213.669
A_ins_at_572	2167.a3m	210.226
C_ins_at_384	2168.a3m	87.0233
G_ins_at_180	2169.a3m	53.8788
T_ins_at_408	216.a3m	87.1609
T_ins_at_654	2170.a3m	206.435
C_ins_at_42	2171.a3m	32.9383
A_ins_at_262	2172.a3m	102.749
C_ins_at_5	2173.a3m	28.9277
C_ins_at_341	2174.a3m	119.419
T_ins_at_148	2175.a3m	64.2494
C_ins_at_415	2176.a3m	83.6539
G_ins_at_455	2177.a3m	150.491
C_ins_at_449	2178.a3m	155.617
T_ins_at_91	2179.a3m	88.8731
C_ins_at_360	217.a3m	98.25
C_ins_at_501	2180.a3m	172.65
G_ins_at_184	2181.a3m	56.9554
A_ins_at_394	2182.a3m	82.7259
T_ins_at_390	2183.a3m	87.8447
G_ins_at_618	2184.a3m	187.675
T_ins_at_682	2185.a3m	199.691
T_ins_at_268	2186.a3m	72.5195
G_ins_at_207	2187.a3m	79.8328
G_ins_at_427	2188.a3m	80.8987
T_ins_at_41	2189.a3m	32.2529
G_ins_at_35	218.a3m	25.738
C_ins_at_562	2190.a3m	203.109
G_ins_at_510	2191.a3m	155.97
C_ins_at_270	2192.a3m	100.055
A_ins_at_677	2193.a3m	223.098
A_ins_at_672	2194.a3m	221.953
G_ins_at_10	2195.a3m	21.8276
T_ins_at_261	2196.a3m	112.807
C_ins_at_296	2197.a3m	60.7439
T_ins_at_379	2198.a3m	71.1268
G_ins_at_506	2199.a3m	152.034
G_ins_at_17	219.a3m	26.3751
G_ins_at_534	21.a3m	162.76
C_ins_at_549	2200.a3m	167.764
G_ins_at_554	2201.a3m	167.765
C_ins_at_339	2202.a3m	117.64
A_ins_at_557	2203.a3m	159.351
T_ins_at_262	2204.a3m	65.5873
T_ins_at_330	2205.a3m	64.2677
G_ins_at_642	2206.a3m	207.563
A_ins_at_18	2207.a3m	23.4275
G_ins_at_284	2208.a3m	83.8618
G_ins_at_1	2209.a3m	24.7495
G_ins_at_79	220.a3m	72.3624
G_ins_at_250	2210.a3m	110.887
A_ins_at_554	2211.a3m	157.091
A_ins_at_171	2212.a3m	80.4987
C_ins_at_354	2213.a3m	120.767
A_ins_at_93	2214.a3m	72.1024
A_ins_at_213	2215.a3m	72.68
C_ins_at_89	2216.a3m	72.8679
T_ins_at_574	2217.a3m	152.116
C_ins_at_346	2218.a3m	122.808
A_ins_at_615	2219.a3m	201.972
C_ins_at_230	221.a3m	76.1868
A_ins_at_123	2220.a3m	70.1166
C_ins_at_566	2221.a3m	196.941
G_ins_at_497	2222.a3m	159.171
A_ins_at_705	2223.a3m	224.439
C_ins_at_497	2224.a3m	152.245
T_ins_at_555	2225.a3m	159.895
T_ins_at_613	2226.a3m	180.363
A_ins_at_380	2227.a3m	87.7303
G_ins_at_688	2228.a3m	210.682
G_ins_at_518	2229.a3m	159.156
C_ins_at_434	222.a3m	86.1351
C_ins_at_173	2230.a3m	65.1713
A_ins_at_244	2231.a3m	108.983
G_ins_at_514	2232.a3m	150.928
C_ins_at_593	2233.a3m	197.891
T_ins_at_228	2234.a3m	60.0438
G_ins_at_58	2235.a3m	30.6185
T_ins_at_186	2236.a3m	58.0753
A_ins_at_315	2237.a3m	56.5474
A_ins_at_249	2238.a3m	66.8914
G_ins_at_581	2239.a3m	184.484
C_ins_at_222	223.a3m	60.0923
G_ins_at_297	2240.a3m	64.1369
T_ins_at_704	2241.a3m	217.152
T_ins_at_322	2242.a3m	55.9661
A_ins_at_158	2243.a3m	72.8115
C_ins_at_13	2244.a3m	27.0773
T_ins_at_357	2245.a3m	106.902
T_ins_at_100	2246.a3m	79.384
G_ins_at_654	2247.a3m	206.068
T_ins_at_369	2248.a3m	103.666
G_ins_at_446	2249.a3m	125.212
G_ins_at_254	224.a3m	114.575
C_ins_at_550	2250.a3m	166.763
G_ins_at_460	2251.a3m	150.865
T_ins_at_265	2252.a3m	103.913
T_ins_at_201	2253.a3m	60.6573
A_ins_at_663	2254.a3m	201.377
G_ins_at_116	2255.a3m	78.7157
T_ins_at_548	2256.a3m	164.337
A_ins_at_167	2257.a3m	99.3056
T_ins_at_70	2258.a3m	34.6753
A_ins_at_102	2259.a3m	77.215
A_ins_at_661	225.a3m	192.739
A_ins_at_251	2260.a3m	111.208
T_ins_at_64	2261.a3m	34.466
T_ins_at_425	2262.a3m	88.2192
A_ins_at_235	2263.a3m	62.8842
A_ins_at_37	2264.a3m	37.0348
A_ins_at_10	2265.a3m	25.5075
A_ins_at_226	2266.a3m	59.5646
T_ins_at_673	2267.a3m	206.536
A_ins_at_11	2268.a3m	7.99168
A_ins_at_608	2269.a3m	174.896
G_ins_at_389	226.a3m	98.6108
T_ins_at_263	2270.a3m	107.543
G_ins_at_445	2271.a3m	147.076
A_ins_at_397	2272.a3m	83.5736
T_ins_at_332	2273.a3m	63.5598
A_ins_at_479	2274.a3m	154.069
G_ins_at_88	2275.a3m	82.0359
A_ins_at_600	2276.a3m	195.362
A_ins_at_638	2277.a3m	210.071
A_ins_at_4	2278.a3m	26.1211
G_ins_at_118	2279.a3m	71.4587
C_ins_at_284	227.a3m	94.1266
T_ins_at_601	2280.a3m	197.666
C_ins_at_258	2281.a3m	105.476
G_ins_at_170	2282.a3m	102.231
T_ins_at_247	2283.a3m	105.178
T_ins_at_414	2284.a3m	83.7906
C_ins_at_318	2285.a3m	58.4294
T_ins_at_610	2286.a3m	158.489
C_ins_at_648	2287.a3m	190.288
C_ins_at_464	2288.a3m	153.581
C_ins_at_94	2289.a3m	79.1076
A_ins_at_198	228.a3m	59.6035
T_ins_at_176	2290.a3m	54.1373
T_ins_at_102	2291.a3m	62.9982
G_ins_at_508	2292.a3m	151.292
G_ins_at_59	2293.a3m	33.5084
C_ins_at_488	2294.a3m	145.666
T_ins_at_345	2295.a3m	128.94
G_ins_at_368	2296.a3m	97.3156
T_ins_at_57	2297.a3m	35.5759
A_ins_at_667	2298.a3m	204.725
C_ins_at_6	2299.a3m	28.9395
G_ins_at_343	229.a3m	121.56
G_ins_at_421	22.a3m	87.9082
T_ins_at_188	2300.a3m	56.4969
C_ins_at_217	2301.a3m	73.6903
A_ins_at_680	2302.a3m	202.776
C_ins_at_485	2303.a3m	159.064
T_ins_at_305	2304.a3m	62.9195
T_ins_at_588	2305.a3m	177.561
G_ins_at_339	2306.a3m	118.111
T_ins_at_185	2307.a3m	59.2223
C_ins_at_269	2308.a3m	93.1115
A_ins_at_371	2309.a3m	97.1081
A_ins_at_84	230.a3m	78.7395
A_ins_at_455	2310.a3m	136.716
G_ins_at_477	2311.a3m	152.426
C_ins_at_44	2312.a3m	31.2739
C_ins_at_175	2313.a3m	77.1534
C_ins_at_178	2314.a3m	53.4017
C_ins_at_504	2315.a3m	156.777
G_ins_at_98	2316.a3m	85.8714
A_ins_at_192	2317.a3m	51.8908
G_ins_at_624	2318.a3m	194.473
T_ins_at_513	2319.a3m	148.777
G_ins_at_162	231.a3m	81.2431
G_ins_at_542	2320.a3m	152.816
C_ins_at_108	2321.a3m	68.2001
G_ins_at_115	2322.a3m	77.588
G_ins_at_3	2323.a3m	23.4837
G_ins_at_163	2324.a3m	73.5028
G_ins_at_672	2325.a3m	222.933
A_ins_at_270	2326.a3m	94.8671
T_ins_at_310	2327.a3m	58.8347
T_ins_at_88	2328.a3m	74.1693
C_ins_at_88	2329.a3m	74.7336
C_ins_at_114	232.a3m	75.5644
G_ins_at_597	2330.a3m	189.637
G_ins_at_439	2331.a3m	140.99
G_ins_at_95	2332.a3m	85.9897
A_ins_at_494	2333.a3m	149.509
C_ins_at_250	2334.a3m	109.883
C_ins_at_128	2335.a3m	65.0462
C_ins_at_166	2336.a3m	86.0852
G_ins_at_168	2337.a3m	99.1934
C_ins_at_26	2338.a3m	32.0491
C_ins_at_21	2339.a3m	27.5889
C_ins_at_695	233.a3m	217.179
G_ins_at_16	2340.a3m	27.4769
C_ins_at_556	2341.a3m	159.576
G_ins_at_6	2342.a3m	28.919
T_ins_at_356	2343.a3m	111.898
G_ins_at_657	2344.a3m	209.202
G_ins_at_486	2345.a3m	151.163
A_ins_at_6	2346.a3m	28.8154
A_ins_at_381	2347.a3m	88.0976
A_ins_at_657	2348.a3m	208.502
C_ins_at_15	2349.a3m	26.9268
A_ins_at_588	234.a3m	176.358
G_ins_at_565	2350.a3m	199.945
G_ins_at_146	2351.a3m	79.8645
G_ins_at_536	2352.a3m	164.241
G_ins_at_700	2353.a3m	233.023
T_ins_at_629	2354.a3m	201.342
C_ins_at_256	2355.a3m	113.938
G_ins_at_190	2356.a3m	56.3477
A_ins_at_136	2357.a3m	57.946
T_ins_at_375	2358.a3m	98.8253
T_ins_at_65	2359.a3m	40.6599
G_ins_at_373	235.a3m	116.116
T_ins_at_163	2360.a3m	81.641
A_ins_at_390	2361.a3m	91.1227
T_ins_at_99	2362.a3m	78.7721
C_ins_at_459	2363.a3m	141.032
A_ins_at_697	2364.a3m	217.797
C_ins_at_655	2365.a3m	203.661
C_ins_at_506	2366.a3m	159.465
G_ins_at_157	2367.a3m	84.3678
A_ins_at_350	2368.a3m	118.119
C_ins_at_48	2369.a3m	31.647
A_ins_at_633	236.a3m	210.751
C_ins_at_690	2370.a3m	213.308
G_ins_at_101	2371.a3m	72.6232
A_ins_at_353	2372.a3m	60.1656
T_ins_at_590	2373.a3m	196.761
A_ins_at_487	2374.a3m	150.273
C_ins_at_456	2375.a3m	136.821
C_ins_at_698	2376.a3m	223.831
A_ins_at_522	2377.a3m	152.416
G_ins_at_20	2378.a3m	27.0621
G_ins_at_211	2379.a3m	76.3972
G_ins_at_464	237.a3m	150.02
C_ins_at_437	2380.a3m	140.755
A_ins_at_254	2381.a3m	103.341
G_ins_at_55	2382.a3m	30.2767
T_ins_at_77	2383.a3m	77.1234
A_ins_at_449	2384.a3m	137.007
G_ins_at_470	2385.a3m	157.207
C_ins_at_184	2386.a3m	65.2613
G_ins_at_438	2387.a3m	140.033
T_ins_at_104	2388.a3m	61.2542
T_ins_at_681	2389.a3m	209.26
A_ins_at_191	238.a3m	56.0682
A_ins_at_20	2390.a3m	21.9146
G_ins_at_566	2391.a3m	182.643
T_ins_at_59	2392.a3m	27.5441
A_ins_at_662	2393.a3m	198.987
A_ins_at_645	2394.a3m	208.72
T_ins_at_319	2395.a3m	58.8811
T_ins_at_423	2396.a3m	88.8154
A_ins_at_484	2397.a3m	148.128
G_ins_at_179	2398.a3m	58.649
T_ins_at_509	2399.a3m	169.304
C_ins_at_685	239.a3m	218.677
A_ins_at_267	23.a3m	91.5891
T_ins_at_244	2400.a3m	106.326
C_ins_at_502	2401.a3m	159.274
C_ins_at_419	2402.a3m	85.2982
G_ins_at_502	2403.a3m	158.786
C_ins_at_300	2404.a3m	57.5227
T_ins_at_326	2405.a3m	60.1551
T_ins_at_641	2406.a3m	178.387
A_ins_at_492	2407.a3m	162.456
T_ins_at_602	2408.a3m	179.292
G_ins_at_551	2409.a3m	167.132
T_ins_at_232	240.a3m	65.9979
C_ins_at_406	2410.a3m	84.7091
G_ins_at_11	2411.a3m	8.44227
A_ins_at_374	2412.a3m	104.604
G_ins_at_424	2413.a3m	81.6647
C_ins_at_606	2414.a3m	183.564
C_ins_at_136	2415.a3m	59.4951
G_ins_at_572	2416.a3m	207.229
A_ins_at_465	2417.a3m	155.494
C_ins_at_453	2418.a3m	156.745
C_ins_at_620	2419.a3m	206.984
A_ins_at_41	241.a3m	21.4571
G_ins_at_9	2420.a3m	26.7783
T_ins_at_135	2421.a3m	57.3419
T_ins_at_200	2422.a3m	62.2922
C_ins_at_131	2423.a3m	69.9978
C_ins_at_251	2424.a3m	108.684
T_ins_at_434	2425.a3m	84.5151
G_ins_at_545	2426.a3m	165.957
G_ins_at_492	2427.a3m	166.412
C_ins_at_524	2428.a3m	154.31
T_ins_at_586	2429.a3m	202.225
C_ins_at_305	242.a3m	61.1341
G_ins_at_45	2430.a3m	27.6896
G_ins_at_453	2431.a3m	148.406
T_ins_at_32	2432.a3m	25.5607
C_ins_at_526	2433.a3m	160.215
A_ins_at_431	2434.a3m	84.5328
T_ins_at_30	2435.a3m	26.4882
G_ins_at_686	2436.a3m	218.83
T_ins_at_559	2437.a3m	158.199
G_ins_at_496	2438.a3m	158.108
G_ins_at_576	2439.a3m	194.384
T_ins_at_542	243.a3m	164.554
G_ins_at_385	2440.a3m	92.6159
G_ins_at_292	2441.a3m	57.9537
A_ins_at_347	2442.a3m	61.0937
C_ins_at_266	2443.a3m	103.571
A_ins_at_166	2444.a3m	95.9438
A_ins_at_545	2445.a3m	167.389
T_ins_at_48	2446.a3m	31.4463
T_ins_at_281	2447.a3m	69.5364
T_ins_at_592	2448.a3m	155.48
G_ins_at_271	2449.a3m	93.6626
C_ins_at_247	244.a3m	102.925
C_ins_at_263	2450.a3m	104.484
C_ins_at_63	2451.a3m	26.823
A_ins_at_319	2452.a3m	60.0616
T_ins_at_240	2453.a3m	110.353
G_ins_at_244	2454.a3m	117.508
G_ins_at_573	2455.a3m	193.314
T_ins_at_347	2456.a3m	130.51
A_ins_at_402	2457.a3m	80.798
G_ins_at_487	2458.a3m	154.555
G_ins_at_444	2459.a3m	127.75
G_ins_at_695	245.a3m	225.769
C_ins_at_420	2460.a3m	90.0042
T_ins_at_114	2461.a3m	77.1595
C_ins_at_172	2462.a3m	60.2143
C_ins_at_687	2463.a3m	210.934
A_ins_at_280	2464.a3m	87.4828
G_ins_at_449	2465.a3m	134.672
G_ins_at_393	2466.a3m	78.7123
C_ins_at_357	2467.a3m	106.081
T_ins_at_101	2468.a3m	81.4882
C_ins_at_123	2469.a3m	58.7528
G_ins_at_191	246.a3m	62.7784
A_ins_at_86	2470.a3m	78.8408
C_ins_at_378	2471.a3m	109.796
A_ins_at_648	2472.a3m	193.278
T_ins_at_169	2473.a3m	79.3191
T_ins_at_150	2474.a3m	72.9011
C_ins_at_534	2475.a3m	158.669
C_ins_at_249	2476.a3m	111.457
G_ins_at_50	2477.a3m	31.6169
G_ins_at_517	2478.a3m	153.128
T_ins_at_115	2479.a3m	60.731
T_ins_at_468	247.a3m	165.208
T_ins_at_206	2480.a3m	82.3815
T_ins_at_270	2481.a3m	99.242
G_ins_at_640	2482.a3m	204.435
G_ins_at_458	2483.a3m	139.387
A_ins_at_505	2484.a3m	167.062
G_ins_at_501	2485.a3m	165.534
G_ins_at_559	2486.a3m	210.593
A_ins_at_349	2487.a3m	137.176
C_ins_at_155	2488.a3m	71.9672
C_ins_at_546	2489.a3m	160.464
C_ins_at_627	248.a3m	219.942
C_ins_at_144	2490.a3m	61.0031
G_ins_at_549	2491.a3m	166.129
T_ins_at_282	2492.a3m	94.3362
C_ins_at_130	2493.a3m	68.6053
T_ins_at_377	2494.a3m	106.868
T_ins_at_687	2495.a3m	209.014
T_ins_at_44	2496.a3m	35.7561
T_ins_at_274	2497.a3m	94.8317
C_ins_at_225	2498.a3m	62.1078
C_ins_at_458	2499.a3m	140.636
C_ins_at_543	249.a3m	166.731
G_ins_at_80	24.a3m	77.8178
C_ins_at_59	2500.a3m	33.1548
T_ins_at_210	2501.a3m	67.4646
C_ins_at_402	2502.a3m	79.5376
T_ins_at_476	2503.a3m	158.004
A_ins_at_458	2504.a3m	146.696
C_ins_at_554	2505.a3m	167.492
C_ins_at_591	2506.a3m	185.055
G_ins_at_336	2507.a3m	141.123
G_ins_at_216	2508.a3m	74.2603
T_ins_at_52	2509.a3m	31.0621
T_ins_at_415	250.a3m	75.0425
A_ins_at_440	2510.a3m	145.552
A_ins_at_564	2511.a3m	207.076
A_ins_at_689	2512.a3m	223.922
T_ins_at_693	2513.a3m	213.346
G_ins_at_360	2514.a3m	95.8402
C_ins_at_428	2515.a3m	86.0317
T_ins_at_483	2516.a3m	152.249
C_ins_at_379	2517.a3m	98.1198
G_ins_at_351	2518.a3m	117.31
A_ins_at_416	2519.a3m	81.5878
C_ins_at_186	251.a3m	58.2382
C_ins_at_45	2520.a3m	31.707
G_ins_at_408	2521.a3m	84.1095
C_ins_at_455	2522.a3m	150.687
C_ins_at_700	2523.a3m	222.291
G_ins_at_447	2524.a3m	139.319
T_ins_at_34	2525.a3m	10.7773
T_ins_at_578	2526.a3m	198.681
T_ins_at_304	2527.a3m	61.2796
G_ins_at_620	2528.a3m	186.414
T_ins_at_108	2529.a3m	67.9592
G_ins_at_266	252.a3m	90.7683
T_ins_at_394	2530.a3m	71.355
A_ins_at_151	2531.a3m	87.2804
C_ins_at_684	2532.a3m	215.606
A_ins_at_185	2533.a3m	56.8423
C_ins_at_62	2534.a3m	27.1628
A_ins_at_313	2535.a3m	60.6724
G_ins_at_84	2536.a3m	78.751
T_ins_at_182	2537.a3m	53.1774
A_ins_at_266	2538.a3m	103.969
A_ins_at_215	2539.a3m	73.3763
T_ins_at_605	253.a3m	187.116
G_ins_at_237	2540.a3m	59.9194
T_ins_at_642	2541.a3m	216.857
A_ins_at_75	2542.a3m	35.7945
G_ins_at_676	2543.a3m	204.159
G_ins_at_471	2544.a3m	166.15
C_ins_at_481	2545.a3m	153.294
G_ins_at_519	2546.a3m	141.268
G_ins_at_380	2547.a3m	98.0141
A_ins_at_704	2548.a3m	221.735
C_ins_at_150	2549.a3m	71.1644
G_ins_at_354	254.a3m	111.001
A_ins_at_474	2550.a3m	171.338
A_ins_at_412	2551.a3m	80.8066
G_ins_at_521	2552.a3m	151.57
C_ins_at_86	2553.a3m	77.8326
A_ins_at_363	2554.a3m	114.901
T_ins_at_26	2555.a3m	27.8304
A_ins_at_568	2556.a3m	198.969
C_ins_at_152	2557.a3m	76.8035
C_ins_at_362	2558.a3m	99.8663
T_ins_at_137	2559.a3m	63.5154
G_ins_at_347	255.a3m	119.595
C_ins_at_680	2560.a3m	198.992
G_ins_at_230	2561.a3m	56.873
C_ins_at_32	2562.a3m	25.7455
T_ins_at_382	2563.a3m	68.2684
G_ins_at_293	2564.a3m	64.5812
T_ins_at_311	2565.a3m	59.5113
C_ins_at_369	2566.a3m	97.5236
A_ins_at_404	2567.a3m	78.5353
A_ins_at_365	2568.a3m	101.339
A_ins_at_28	2569.a3m	26.6862
G_ins_at_622	256.a3m	210.342
C_ins_at_330	2570.a3m	62.7125
G_ins_at_570	2571.a3m	196.435
C_ins_at_214	2572.a3m	72.9735
C_ins_at_523	2573.a3m	154.526
T_ins_at_318	2574.a3m	57.6003
A_ins_at_131	2575.a3m	63.4178
G_ins_at_461	2576.a3m	145.135
T_ins_at_80	2577.a3m	79.8652
C_ins_at_294	2578.a3m	62.8444
C_ins_at_611	2579.a3m	197.65
C_ins_at_216	257.a3m	73.862
C_ins_at_115	2580.a3m	67.1644
G_ins_at_260	2581.a3m	113.182
A_ins_at_576	2582.a3m	197.773
T_ins_at_144	2583.a3m	58.9201
A_ins_at_132	2584.a3m	68.7122
C_ins_at_313	2585.a3m	60.8051
T_ins_at_229	2586.a3m	60.099
T_ins_at_465	2587.a3m	153.495
T_ins_at_412	2588.a3m	87.0073
G_ins_at_22	2589.a3m	26.9812
T_ins_at_614	258.a3m	192.06
T_ins_at_338	2590.a3m	117.298
G_ins_at_283	2591.a3m	91.7073
C_ins_at_607	2592.a3m	180.147
A_ins_at_655	2593.a3m	194.511
T_ins_at_661	2594.a3m	187.537
G_ins_at_307	2595.a3m	57.2996
G_ins_at_289	2596.a3m	66.2496
C_ins_at_396	2597.a3m	84.9954
C_ins_at_117	2598.a3m	62.0176
T_ins_at_635	2599.a3m	200.331
A_ins_at_203	259.a3m	59.4151
G_ins_at_247	25.a3m	103.969
C_ins_at_436	2600.a3m	143.907
T_ins_at_393	2601.a3m	80.2059
A_ins_at_272	2602.a3m	101.63
G_ins_at_348	2603.a3m	120.609
A_ins_at_83	2604.a3m	76.5903
C_ins_at_317	2605.a3m	62.1282
T_ins_at_497	2606.a3m	146.873
A_ins_at_582	2607.a3m	181.975
G_ins_at_463	2608.a3m	147.42
G_ins_at_543	2609.a3m	157.832
C_ins_at_327	260.a3m	59.4141
C_ins_at_138	2610.a3m	68.6502
C_ins_at_129	2611.a3m	72.1715
T_ins_at_544	2612.a3m	165.238
G_ins_at_287	2613.a3m	65.1416
G_ins_at_111	2614.a3m	62.6691
T_ins_at_306	2615.a3m	63.2371
G_ins_at_693	2616.a3m	209.099
G_ins_at_379	2617.a3m	94.9706
T_ins_at_170	2618.a3m	80.3643
A_ins_at_398	2619.a3m	84.7242
C_ins_at_536	261.a3m	160.283
A_ins_at_283	2620.a3m	89.4065
T_ins_at_85	2621.a3m	81.7456
T_ins_at_252	2622.a3m	105.784
A_ins_at_565	2623.a3m	196.317
C_ins_at_609	2624.a3m	182.119
A_ins_at_508	2625.a3m	165.965
C_ins_at_533	2626.a3m	171.328
G_ins_at_363	2627.a3m	117.258
G_ins_at_538	2628.a3m	159.152
G_ins_at_175	2629.a3m	67.2286
C_ins_at_240	262.a3m	110.224
T_ins_at_279	2630.a3m	93.0444
A_ins_at_544	2631.a3m	160.206
G_ins_at_369	2632.a3m	97.5232
T_ins_at_246	2633.a3m	106.703
A_ins_at_97	2634.a3m	74.5822
T_ins_at_591	2635.a3m	182.696
T_ins_at_17	2636.a3m	27.6249
A_ins_at_681	2637.a3m	202.648
G_ins_at_229	2638.a3m	62.0477
C_ins_at_179	2639.a3m	54.0932
T_ins_at_283	263.a3m	87.0515
T_ins_at_181	2640.a3m	53.8841
G_ins_at_426	2641.a3m	84.0153
C_ins_at_161	2642.a3m	72.7115
A_ins_at_685	2643.a3m	217.984
T_ins_at_616	2644.a3m	203.263
A_ins_at_364	2645.a3m	114.511
A_ins_at_430	2646.a3m	84.3985
C_ins_at_601	2647.a3m	191.979
G_ins_at_466	2648.a3m	149.244
A_ins_at_155	2649.a3m	78.6903
A_ins_at_214	264.a3m	73.7891
G_ins_at_459	2650.a3m	138.501
A_ins_at_573	2651.a3m	193.867
G_ins_at_614	2652.a3m	193.63
T_ins_at_359	2653.a3m	100.628
T_ins_at_213	2654.a3m	73.1657
T_ins_at_484	2655.a3m	121.378
G_ins_at_644	2656.a3m	206.997
G_ins_at_41	2657.a3m	23.1476
T_ins_at_432	2658.a3m	89.0566
T_ins_at_474	2659.a3m	165.04
A_ins_at_157	265.a3m	74.8752
G_ins_at_414	2660.a3m	86.3029
G_ins_at_234	2661.a3m	60.3835
A_ins_at_289	2662.a3m	63.6131
C_ins_at_52	2663.a3m	23.2632
A_ins_at_578	2664.a3m	187.69
C_ins_at_603	2665.a3m	182.802
T_ins_at_624	2666.a3m	195.169
C_ins_at_10	2667.a3m	22.5533
G_ins_at_603	2668.a3m	181.874
G_ins_at_26	2669.a3m	28.4796
G_ins_at_52	266.a3m	29.181
C_ins_at_393	2670.a3m	78.0927
G_ins_at_40	2671.a3m	23.1613
G_ins_at_653	2672.a3m	198.397
C_ins_at_100	2673.a3m	75.3335
T_ins_at_464	2674.a3m	154.05
A_ins_at_595	2675.a3m	186.271
C_ins_at_386	2676.a3m	92.8478
T_ins_at_120	2677.a3m	73.8052
A_ins_at_190	2678.a3m	56.4548
A_ins_at_344	2679.a3m	113.534
C_ins_at_325	267.a3m	57.5129
T_ins_at_457	2680.a3m	140.419
A_ins_at_275	2681.a3m	85.6666
G_ins_at_524	2682.a3m	158.213
T_ins_at_225	2683.a3m	63.3206
T_ins_at_20	2684.a3m	29.0334
A_ins_at_533	2685.a3m	168.287
A_ins_at_268	2686.a3m	92.6093
G_ins_at_94	2687.a3m	68.7398
T_ins_at_177	2688.a3m	55.158
A_ins_at_119	2689.a3m	64.4697
C_ins_at_477	268.a3m	156.087
G_ins_at_621	2690.a3m	209.527
T_ins_at_273	2691.a3m	95.411
A_ins_at_147	2692.a3m	75.7024
A_ins_at_538	2693.a3m	161.795
C_ins_at_499	2694.a3m	155.067
A_ins_at_73	2695.a3m	36.6824
G_ins_at_251	2696.a3m	105.658
G_ins_at_277	2697.a3m	87.6972
A_ins_at_543	2698.a3m	164.878
G_ins_at_231	2699.a3m	58.9983
G_ins_at_491	269.a3m	149.63
A_ins_at_649	26.a3m	201.974
A_ins_at_415	2700.a3m	85.0495
A_ins_at_448	2701.a3m	145.592
A_ins_at_276	2702.a3m	90.7369
G_ins_at_215	2703.a3m	77.5519
C_ins_at_33	2704.a3m	25.7434
A_ins_at_701	2705.a3m	220.985
A_ins_at_502	2706.a3m	165.898
A_ins_at_360	2707.a3m	99.4845
A_ins_at_436	2708.a3m	144.79
A_ins_at_495	2709.a3m	150.899
T_ins_at_450	270.a3m	153.805
G_ins_at_430	2710.a3m	83.2093
G_ins_at_413	2711.a3m	87.6173
G_ins_at_555	2712.a3m	160.133
A_ins_at_445	2713.a3m	127.423
T_ins_at_700	2714.a3m	216.318
A_ins_at_366	2715.a3m	101.701
C_ins_at_671	2716.a3m	214.484
C_ins_at_279	2717.a3m	89.0116
A_ins_at_243	2718.a3m	108.966
C_ins_at_323	2719.a3m	63.7633
T_ins_at_467	271.a3m	144.356
A_ins_at_35	2720.a3m	28.7722
G_ins_at_32	2721.a3m	28.6981
A_ins_at_651	2722.a3m	205.466
G_ins_at_182	2723.a3m	56.8845
G_ins_at_46	2724.a3m	27.6925
A_ins_at_351	2725.a3m	120.384
G_ins_at_631	2726.a3m	201.38
A_ins_at_420	2727.a3m	92.2722
G_ins_at_209	2728.a3m	73.3071
C_ins_at_194	2729.a3m	59.7213
C_ins_at_584	272.a3m	185.879
A_ins_at_173	2730.a3m	89.9109
T_ins_at_297	2731.a3m	67.2418
A_ins_at_306	2732.a3m	61.6811
C_ins_at_301	2733.a3m	56.5805
G_ins_at_132	2734.a3m	68.6181
G_ins_at_639	2735.a3m	206.736
C_ins_at_106	2736.a3m	59.9262
C_ins_at_31	2737.a3m	32.453
T_ins_at_533	2738.a3m	170.344
G_ins_at_13	2739.a3m	20.5197
T_ins_at_98	273.a3m	67.2701
A_ins_at_187	2740.a3m	55.2937
G_ins_at_641	2741.a3m	213.941
T_ins_at_132	2742.a3m	68.5441
A_ins_at_683	2743.a3m	201.102
G_ins_at_338	2744.a3m	141.824
C_ins_at_67	2745.a3m	40.7704
C_ins_at_87	2746.a3m	84.905
T_ins_at_577	2747.a3m	150.625
A_ins_at_512	2748.a3m	157.589
C_ins_at_349	2749.a3m	126.727
G_ins_at_483	274.a3m	152.112
C_ins_at_176	2750.a3m	58.1806
C_ins_at_246	2751.a3m	105.176
G_ins_at_183	2752.a3m	56.2181
T_ins_at_84	2753.a3m	78.6732
C_ins_at_629	2754.a3m	219.907
T_ins_at_532	2755.a3m	164.094
C_ins_at_235	2756.a3m	62.3116
C_ins_at_139	2757.a3m	57.1031
G_ins_at_415	2758.a3m	86.0949
C_ins_at_694	2759.a3m	230.975
C_ins_at_213	275.a3m	73.6955
C_ins_at_40	2760.a3m	39.3544
C_ins_at_122	2761.a3m	65.4215
T_ins_at_615	2762.a3m	202.923
C_ins_at_565	2763.a3m	207.114
T_ins_at_219	2764.a3m	62.7981
T_ins_at_435	2765.a3m	83.978
T_ins_at_323	2766.a3m	55.5895
G_ins_at_649	2767.a3m	193.877
T_ins_at_56	2768.a3m	25.6766
T_ins_at_291	2769.a3m	63.3585
A_ins_at_590	276.a3m	192.475
G_ins_at_557	2770.a3m	169.679
C_ins_at_72	2771.a3m	36.5796
T_ins_at_594	2772.a3m	188.454
A_ins_at_525	2773.a3m	157.722
T_ins_at_518	2774.a3m	146.279
T_ins_at_651	2775.a3m	202.816
G_ins_at_227	2776.a3m	59.3044
A_ins_at_612	2777.a3m	187.58
A_ins_at_459	2778.a3m	142.393
C_ins_at_383	2779.a3m	87.1944
C_ins_at_326	277.a3m	59.0018
G_ins_at_633	2780.a3m	210.778
G_ins_at_391	2781.a3m	80.3014
C_ins_at_683	2782.a3m	216.852
G_ins_at_51	2783.a3m	30.4562
T_ins_at_655	2784.a3m	190.497
A_ins_at_205	2785.a3m	74.0343
A_ins_at_686	2786.a3m	221.224
G_ins_at_381	2787.a3m	86.3546
A_ins_at_31	2788.a3m	26.6383
G_ins_at_228	2789.a3m	59.1189
C_ins_at_626	278.a3m	198.862
G_ins_at_666	2790.a3m	209.995
T_ins_at_503	2791.a3m	161.186
C_ins_at_337	2792.a3m	130.938
C_ins_at_315	2793.a3m	55.4379
T_ins_at_3	2794.a3m	23.3505
C_ins_at_407	2795.a3m	81.6771
A_ins_at_260	2796.a3m	101.349
A_ins_at_346	2797.a3m	118.55
G_ins_at_319	2798.a3m	56.7927
T_ins_at_358	2799.a3m	107.63
C_ins_at_177	279.a3m	54.4014
T_ins_at_698	27.a3m	215.261
C_ins_at_693	2800.a3m	214.524
A_ins_at_664	2801.a3m	208.969
C_ins_at_555	2802.a3m	158.705
G_ins_at_143	2803.a3m	57.049
G_ins_at_172	2804.a3m	80.4765
T_ins_at_325	2805.a3m	61.0767
G_ins_at_74	2806.a3m	29.5976
C_ins_at_226	2807.a3m	63.7345
G_ins_at_498	2808.a3m	157.735
A_ins_at_263	2809.a3m	103.982
G_ins_at_394	280.a3m	78.2073
C_ins_at_394	2810.a3m	78.8808
T_ins_at_197	2811.a3m	59.2658
C_ins_at_450	2812.a3m	155.525
T_ins_at_221	2813.a3m	61.0639
C_ins_at_309	2814.a3m	58.0697
G_ins_at_219	2815.a3m	62.2981
T_ins_at_62	2816.a3m	24.941
A_ins_at_549	2817.a3m	165.577
A_ins_at_228	2818.a3m	59.4862
T_ins_at_333	2819.a3m	65.9711
A_ins_at_534	281.a3m	159
C_ins_at_344	282.a3m	113.288
A_ins_at_22	283.a3m	27.8353
A_ins_at_32	284.a3m	27.0008
T_ins_at_617	285.a3m	208.059
G_ins_at_604	286.a3m	182.786
A_ins_at_92	287.a3m	72.5485
T_ins_at_530	288.a3m	174.479
G_ins_at_684	289.a3m	217.098
A_ins_at_597	28.a3m	196.216
A_ins_at_491	290.a3m	143.686
A_ins_at_325	291.a3m	55.4909
G_ins_at_102	292.a3m	75.8842
C_ins_at_676	293.a3m	200.589
T_ins_at_404	294.a3m	81.7149
A_ins_at_498	295.a3m	155.164
G_ins_at_395	296.a3m	87.6384
T_ins_at_13	297.a3m	5.84538
G_ins_at_596	298.a3m	189.972
G_ins_at_205	299.a3m	75.4341
G_ins_at_567	29.a3m	210.577
G_ins_at_462	2.a3m	149.431
T_ins_at_199	300.a3m	60.1428
C_ins_at_640	301.a3m	201.075
C_ins_at_268	302.a3m	99.5047
C_ins_at_595	303.a3m	186.781
A_ins_at_253	304.a3m	110.426
G_ins_at_670	305.a3m	205.871
T_ins_at_573	306.a3m	191.519
A_ins_at_546	307.a3m	154.165
T_ins_at_477	308.a3m	156.501
A_ins_at_392	309.a3m	78.3722
G_ins_at_327	30.a3m	56.1143
A_ins_at_66	310.a3m	40.4763
A_ins_at_400	311.a3m	87.8758
C_ins_at_25	312.a3m	32.7312
C_ins_at_548	313.a3m	164.268
T_ins_at_208	314.a3m	68.5136
T_ins_at_508	315.a3m	166.554
G_ins_at_135	316.a3m	68.3486
A_ins_at_536	317.a3m	167.713
A_ins_at_256	318.a3m	113.2
T_ins_at_580	319.a3m	205.722
G_ins_at_390	31.a3m	88.3425
T_ins_at_481	320.a3m	110.607
A_ins_at_300	321.a3m	59.2292
T_ins_at_630	322.a3m	206.296
A_ins_at_703	323.a3m	215.139
T_ins_at_551	324.a3m	162.584
A_ins_at_604	325.a3m	211.168
C_ins_at_229	326.a3m	61.6113
G_ins_at_337	327.a3m	141.378
G_ins_at_694	328.a3m	228.103
T_ins_at_157	329.a3m	71.089
G_ins_at_282	32.a3m	90.3012
T_ins_at_112	330.a3m	69.0396
A_ins_at_40	331.a3m	35.2283
A_ins_at_337	332.a3m	116.985
A_ins_at_67	333.a3m	39.5651
T_ins_at_2	334.a3m	23.3657
C_ins_at_275	335.a3m	87.5523
C_ins_at_174	336.a3m	67.3514
G_ins_at_592	337.a3m	181.792
T_ins_at_25	338.a3m	33.8045
C_ins_at_109	339.a3m	66.5691
C_ins_at_232	33.a3m	59.756
T_ins_at_396	340.a3m	86.0294
G_ins_at_638	341.a3m	195.332
T_ins_at_209	342.a3m	68.1921
T_ins_at_677	343.a3m	226.72
C_ins_at_351	344.a3m	122.369
C_ins_at_334	345.a3m	137.772
A_ins_at_405	346.a3m	79.8597
A_ins_at_3	347.a3m	23.3919
C_ins_at_373	348.a3m	108.658
T_ins_at_233	349.a3m	64.3054
G_ins_at_437	34.a3m	132.061
T_ins_at_45	350.a3m	33.6897
A_ins_at_409	351.a3m	82.2877
A_ins_at_302	352.a3m	60.371
T_ins_at_663	353.a3m	203.829
G_ins_at_341	354.a3m	124.117
T_ins_at_152	355.a3m	76.9092
A_ins_at_223	356.a3m	62.2363
A_ins_at_145	357.a3m	72.9164
G_ins_at_155	358.a3m	85.6814
T_ins_at_27	359.a3m	27.9936
A_ins_at_506	35.a3m	154.685
C_ins_at_210	360.a3m	68.6854
G_ins_at_575	361.a3m	200.069
C_ins_at_381	362.a3m	100.299
T_ins_at_525	363.a3m	158.368
C_ins_at_392	364.a3m	88.7064
G_ins_at_119	365.a3m	73.2401
A_ins_at_553	366.a3m	155.805
C_ins_at_274	367.a3m	93.4399
A_ins_at_82	368.a3m	74.8788
T_ins_at_397	369.a3m	72.9419
G_ins_at_661	36.a3m	219.334
G_ins_at_456	370.a3m	133.983
C_ins_at_538	371.a3m	160.426
G_ins_at_160	372.a3m	83.7793
G_ins_at_410	373.a3m	78.2524
C_ins_at_405	374.a3m	80.4962
A_ins_at_221	375.a3m	62.781
A_ins_at_79	376.a3m	77.3234
G_ins_at_167	377.a3m	98.2741
T_ins_at_4	378.a3m	23.0695
T_ins_at_153	379.a3m	77.8199
A_ins_at_647	37.a3m	193.283
G_ins_at_425	380.a3m	87.0447
G_ins_at_590	381.a3m	182.601
G_ins_at_129	382.a3m	70.7601
T_ins_at_344	383.a3m	125.447
A_ins_at_331	384.a3m	63.0235
A_ins_at_169	385.a3m	95.5341
C_ins_at_443	386.a3m	131.919
C_ins_at_541	387.a3m	166.167
A_ins_at_399	388.a3m	85.0688
C_ins_at_306	389.a3m	63.2453
A_ins_at_94	38.a3m	76.9098
A_ins_at_598	390.a3m	214.24
A_ins_at_343	391.a3m	139.431
A_ins_at_361	392.a3m	113.93
A_ins_at_417	393.a3m	83.3559
C_ins_at_252	394.a3m	106.749
T_ins_at_392	395.a3m	80.2851
T_ins_at_11	396.a3m	22.4982
C_ins_at_355	397.a3m	105.941
A_ins_at_699	398.a3m	223.383
C_ins_at_527	399.a3m	162.088
C_ins_at_171	39.a3m	75.3775
G_ins_at_703	3.a3m	246.497
C_ins_at_68	400.a3m	38.4262
A_ins_at_444	401.a3m	130.971
A_ins_at_141	402.a3m	57.1907
C_ins_at_699	403.a3m	224.904
T_ins_at_231	404.a3m	58.4698
G_ins_at_611	405.a3m	190.697
T_ins_at_47	406.a3m	28.5275
T_ins_at_519	407.a3m	144.241
A_ins_at_630	408.a3m	201.191
A_ins_at_603	409.a3m	188.991
A_ins_at_376	40.a3m	103.233
T_ins_at_628	410.a3m	217.26
G_ins_at_275	411.a3m	105.382
T_ins_at_28	412.a3m	29.3061
A_ins_at_139	413.a3m	60.1361
C_ins_at_46	414.a3m	24.9068
A_ins_at_678	415.a3m	204.237
T_ins_at_545	416.a3m	162.593
A_ins_at_570	417.a3m	195.224
G_ins_at_291	418.a3m	63.2919
A_ins_at_74	419.a3m	35.4491
G_ins_at_691	41.a3m	212.069
T_ins_at_662	420.a3m	208.906
C_ins_at_164	421.a3m	81.6187
T_ins_at_105	422.a3m	62.9743
C_ins_at_574	423.a3m	191.471
C_ins_at_444	424.a3m	126.884
T_ins_at_473	425.a3m	153.601
A_ins_at_438	426.a3m	132.056
G_ins_at_533	427.a3m	154.656
G_ins_at_90	428.a3m	72.9751
C_ins_at_43	429.a3m	32.4863
C_ins_at_675	42.a3m	226.062
A_ins_at_624	430.a3m	189.865
G_ins_at_133	431.a3m	66.737
T_ins_at_368	432.a3m	101.22
G_ins_at_403	433.a3m	78.409
T_ins_at_173	434.a3m	67.2109
C_ins_at_55	435.a3m	23.5202
G_ins_at_130	436.a3m	67.7092
G_ins_at_39	437.a3m	30.7971
A_ins_at_49	438.a3m	29.4378
G_ins_at_279	439.a3m	89.3371
C_ins_at_343	43.a3m	115.61
T_ins_at_437	440.a3m	136.564
T_ins_at_230	441.a3m	60.0641
T_ins_at_565	442.a3m	214.893
G_ins_at_151	443.a3m	108.386
C_ins_at_705	444.a3m	226.398
C_ins_at_560	445.a3m	200.866
C_ins_at_537	446.a3m	159.342
C_ins_at_703	447.a3m	219.058
C_ins_at_647	448.a3m	196.064
G_ins_at_67	449.a3m	37.8934
C_ins_at_352	44.a3m	120.675
T_ins_at_386	450.a3m	88.7323
A_ins_at_700	451.a3m	224.087
G_ins_at_264	452.a3m	99.4254
A_ins_at_569	453.a3m	190.788
A_ins_at_580	454.a3m	184.014
G_ins_at_583	455.a3m	175.138
A_ins_at_152	456.a3m	93.3777
C_ins_at_50	457.a3m	33.8238
A_ins_at_321	458.a3m	56.077
T_ins_at_92	459.a3m	83.699
C_ins_at_489	45.a3m	147.46
A_ins_at_386	460.a3m	90.605
A_ins_at_202	461.a3m	63.7686
G_ins_at_125	462.a3m	76.0705
G_ins_at_344	463.a3m	122.195
T_ins_at_647	464.a3m	205.28
A_ins_at_130	465.a3m	66.6788
C_ins_at_201	466.a3m	62.0842
C_ins_at_292	467.a3m	60.5096
T_ins_at_320	468.a3m	54.634
G_ins_at_623	469.a3m	189.808
T_ins_at_504	46.a3m	158.723
G_ins_at_675	470.a3m	202.302
T_ins_at_697	471.a3m	211.505
G_ins_at_436	472.a3m	153.913
T_ins_at_365	473.a3m	109.23
A_ins_at_439	474.a3m	135.39
G_ins_at_448	475.a3m	137.484
T_ins_at_506	476.a3m	155.726
T_ins_at_550	477.a3m	154.518
T_ins_at_339	478.a3m	116.768
A_ins_at_434	479.a3m	88.7314
T_ins_at_701	47.a3m	234.712
C_ins_at_24	480.a3m	26.5005
T_ins_at_360	481.a3m	97.5124
G_ins_at_48	482.a3m	31.3104
G_ins_at_540	483.a3m	156.422
T_ins_at_83	484.a3m	70.4517
C_ins_at_564	485.a3m	207.362
C_ins_at_238	486.a3m	110.158
G_ins_at_359	487.a3m	99.4324
G_ins_at_607	488.a3m	183.919
T_ins_at_604	489.a3m	185.126
C_ins_at_158	48.a3m	86.9022
A_ins_at_451	490.a3m	149.582
A_ins_at_154	491.a3m	79.1449
T_ins_at_158	492.a3m	71.3533
C_ins_at_34	493.a3m	24.7783
T_ins_at_652	494.a3m	204.332
C_ins_at_633	495.a3m	207.825
T_ins_at_149	496.a3m	89.385
G_ins_at_595	497.a3m	191.46
C_ins_at_544	498.a3m	156.119
C_ins_at_426	499.a3m	86.2975
A_ins_at_43	49.a3m	31.0721
T_ins_at_448	4.a3m	150.898
C_ins_at_347	500.a3m	121.313
A_ins_at_216	501.a3m	73.0406
T_ins_at_74	502.a3m	38.4315
G_ins_at_161	503.a3m	81.8368
A_ins_at_293	504.a3m	60.7272
G_ins_at_259	505.a3m	97.1289
A_ins_at_165	506.a3m	79.5896
T_ins_at_159	507.a3m	71.8902
A_ins_at_579	508.a3m	185.203
A_ins_at_377	509.a3m	94.3276
T_ins_at_572	50.a3m	194.154
C_ins_at_631	510.a3m	181.197
T_ins_at_387	511.a3m	93.0169
A_ins_at_246	512.a3m	105.808
G_ins_at_308	513.a3m	58.0057
G_ins_at_278	514.a3m	83.183
G_ins_at_563	515.a3m	205.798
G_ins_at_387	516.a3m	91.9384
C_ins_at_180	517.a3m	53.3689
G_ins_at_110	518.a3m	62.2707
A_ins_at_312	519.a3m	58.9473
C_ins_at_507	51.a3m	156.124
A_ins_at_64	520.a3m	32.4925
G_ins_at_303	521.a3m	66.131
T_ins_at_165	522.a3m	83.2481
G_ins_at_302	523.a3m	62.4399
G_ins_at_139	524.a3m	52.7875
T_ins_at_309	525.a3m	57.6598
A_ins_at_489	526.a3m	144.149
A_ins_at_186	527.a3m	57.2117
G_ins_at_696	528.a3m	228.125
G_ins_at_433	529.a3m	80.9976
A_ins_at_128	52.a3m	65.0704
G_ins_at_405	530.a3m	79.33
G_ins_at_81	531.a3m	77.488
A_ins_at_500	532.a3m	165.562
G_ins_at_42	533.a3m	32.4499
T_ins_at_103	534.a3m	63.6151
T_ins_at_531	535.a3m	161.566
A_ins_at_70	536.a3m	44.8525
C_ins_at_200	537.a3m	63.8971
T_ins_at_389	538.a3m	93.265
C_ins_at_187	539.a3m	57.1261
A_ins_at_641	53.a3m	207.499
T_ins_at_284	540.a3m	63.9523
T_ins_at_260	541.a3m	108.388
T_ins_at_644	542.a3m	189.575
C_ins_at_484	543.a3m	157.565
G_ins_at_31	544.a3m	24.5909
T_ins_at_42	545.a3m	32.2796
A_ins_at_690	546.a3m	210.669
A_ins_at_587	547.a3m	189.484
C_ins_at_101	548.a3m	75.1074
C_ins_at_624	549.a3m	194.433
T_ins_at_653	54.a3m	220.324
A_ins_at_659	550.a3m	206.402
G_ins_at_612	551.a3m	186.533
G_ins_at_314	552.a3m	61.9988
G_ins_at_27	553.a3m	31.407
G_ins_at_104	554.a3m	62.1681
G_ins_at_268	555.a3m	91.5482
G_ins_at_609	556.a3m	177.209
A_ins_at_269	557.a3m	93.6559
T_ins_at_134	558.a3m	58.6674
G_ins_at_173	559.a3m	74.6501
G_ins_at_238	55.a3m	107.007
G_ins_at_5	560.a3m	23.4875
G_ins_at_628	561.a3m	206.597
A_ins_at_694	562.a3m	231.942
T_ins_at_621	563.a3m	207.941
T_ins_at_399	564.a3m	82.7071
C_ins_at_11	565.a3m	19.977
A_ins_at_39	566.a3m	30.9016
T_ins_at_8	567.a3m	22.4958
A_ins_at_607	568.a3m	179.782
A_ins_at_238	569.a3m	101.418
A_ins_at_287	56.a3m	65.7963
A_ins_at_443	570.a3m	137.274
T_ins_at_374	571.a3m	105.366
T_ins_at_633	572.a3m	204.723
A_ins_at_200	573.a3m	62.3792
G_ins_at_469	574.a3m	147.307
T_ins_at_675	575.a3m	225.205
G_ins_at_362	576.a3m	116.251
G_ins_at_171	577.a3m	74.5034
G_ins_at_399	578.a3m	84.904
A_ins_at_143	579.a3m	70.4792
G_ins_at_92	57.a3m	78.6443
A_ins_at_427	580.a3m	88.7417
T_ins_at_155	581.a3m	85.1788
A_ins_at_528	582.a3m	150.309
A_ins_at_391	583.a3m	79.0215
T_ins_at_416	584.a3m	85.0124
C_ins_at_662	585.a3m	210.301
C_ins_at_388	586.a3m	89.8545
T_ins_at_220	587.a3m	69.6331
A_ins_at_601	588.a3m	191.437
A_ins_at_138	589.a3m	68.0097
A_ins_at_339	58.a3m	118.862
C_ins_at_514	590.a3m	154.782
T_ins_at_127	591.a3m	62.7827
T_ins_at_378	592.a3m	108.374
G_ins_at_242	593.a3m	108.307
C_ins_at_47	594.a3m	24.801
C_ins_at_518	595.a3m	146.518
G_ins_at_14	596.a3m	27.503
C_ins_at_37	597.a3m	28.0049
A_ins_at_218	598.a3m	70.5428
T_ins_at_366	599.a3m	119.249
G_ins_at_468	59.a3m	164.587
G_ins_at_305	5.a3m	61.3996
C_ins_at_632	600.a3m	191.34
G_ins_at_704	601.a3m	218.419
C_ins_at_646	602.a3m	193.813
A_ins_at_206	603.a3m	79.5222
T_ins_at_251	604.a3m	104.996
T_ins_at_521	605.a3m	147.724
G_ins_at_442	606.a3m	160.282
T_ins_at_431	607.a3m	85.8426
T_ins_at_705	608.a3m	222.812
G_ins_at_634	609.a3m	213.869
T_ins_at_520	60.a3m	146.593
T_ins_at_241	610.a3m	61.7061
A_ins_at_34	611.a3m	24.5708
A_ins_at_639	612.a3m	209.34
G_ins_at_239	613.a3m	113
A_ins_at_526	614.a3m	149.58
G_ins_at_193	615.a3m	62.6665
C_ins_at_151	616.a3m	87.1151
G_ins_at_261	617.a3m	100.426
G_ins_at_214	618.a3m	70.913
C_ins_at_558	619.a3m	155.021
C_ins_at_167	61.a3m	86.219
G_ins_at_166	620.a3m	87.4351
G_ins_at_43	621.a3m	32.2973
G_ins_at_552	622.a3m	166.59
C_ins_at_395	623.a3m	81.6981
T_ins_at_124	624.a3m	67.0129
G_ins_at_647	625.a3m	202.731
C_ins_at_198	626.a3m	60.4893
T_ins_at_460	627.a3m	96.7899
A_ins_at_208	628.a3m	67.1398
C_ins_at_361	629.a3m	109.011
G_ins_at_485	62.a3m	147.385
G_ins_at_668	630.a3m	226.729
A_ins_at_646	631.a3m	182.943
C_ins_at_368	632.a3m	116.39
C_ins_at_193	633.a3m	57.757
G_ins_at_198	634.a3m	59.7747
G_ins_at_246	635.a3m	103.862
C_ins_at_672	636.a3m	220.296
T_ins_at_121	637.a3m	46.8882
A_ins_at_189	638.a3m	57.2043
C_ins_at_380	639.a3m	97.2212
A_ins_at_96	63.a3m	81.6144
T_ins_at_354	640.a3m	122.244
C_ins_at_322	641.a3m	60.3073
C_ins_at_23	642.a3m	20.7049
C_ins_at_22	643.a3m	20.6683
G_ins_at_245	644.a3m	106.85
T_ins_at_331	645.a3m	65.1081
C_ins_at_146	646.a3m	75.0575
A_ins_at_188	647.a3m	60.8732
C_ins_at_324	648.a3m	62.6029
G_ins_at_598	649.a3m	190.422
A_ins_at_618	64.a3m	193.972
T_ins_at_327	650.a3m	60.5866
T_ins_at_568	651.a3m	141.307
T_ins_at_215	652.a3m	69.6429
T_ins_at_82	653.a3m	79.3659
T_ins_at_669	654.a3m	223.838
G_ins_at_553	655.a3m	166.564
A_ins_at_259	656.a3m	102.705
T_ins_at_680	657.a3m	215.001
T_ins_at_469	658.a3m	164.197
T_ins_at_452	659.a3m	146.376
C_ins_at_299	65.a3m	66.6372
G_ins_at_249	660.a3m	107.474
T_ins_at_55	661.a3m	31.8309
T_ins_at_650	662.a3m	207.837
T_ins_at_12	663.a3m	27.1619
A_ins_at_379	664.a3m	96.1713
A_ins_at_1	665.a3m	27.2739
T_ins_at_623	666.a3m	194.409
G_ins_at_432	667.a3m	88.6255
T_ins_at_290	668.a3m	59.7277
C_ins_at_701	669.a3m	211.326
T_ins_at_1	66.a3m	27.4091
T_ins_at_502	670.a3m	162.675
C_ins_at_376	671.a3m	98.8786
A_ins_at_69	672.a3m	33.2994
A_ins_at_670	673.a3m	210.157
G_ins_at_199	674.a3m	58.6072
A_ins_at_24	675.a3m	30.9758
C_ins_at_486	676.a3m	153.645
A_ins_at_504	677.a3m	124.577
C_ins_at_265	678.a3m	107.518
G_ins_at_409	679.a3m	82.8042
G_ins_at_21	67.a3m	27.5576
C_ins_at_36	680.a3m	30.1282
C_ins_at_271	681.a3m	94.0682
A_ins_at_437	682.a3m	139.881
G_ins_at_106	683.a3m	69.2863
T_ins_at_75	684.a3m	37.5167
G_ins_at_150	685.a3m	93.1737
T_ins_at_671	686.a3m	222.173
A_ins_at_634	687.a3m	212.43
G_ins_at_569	688.a3m	207.739
T_ins_at_501	689.a3m	169.521
A_ins_at_233	68.a3m	63.2101
C_ins_at_148	690.a3m	77.3104
A_ins_at_432	691.a3m	88.0528
C_ins_at_30	692.a3m	26.3944
C_ins_at_60	693.a3m	32.9507
C_ins_at_80	694.a3m	85.7538
T_ins_at_523	695.a3m	154.506
G_ins_at_680	696.a3m	220.425
G_ins_at_678	697.a3m	203.239
A_ins_at_482	698.a3m	152.057
C_ins_at_207	699.a3m	68.5409
C_ins_at_365	69.a3m	102.336
G_ins_at_558	6.a3m	155.536
C_ins_at_413	700.a3m	81.8076
T_ins_at_639	701.a3m	211.898
A_ins_at_30	702.a3m	26.4642
T_ins_at_352	703.a3m	123.503
G_ins_at_392	704.a3m	77.5522
A_ins_at_637	705.a3m	208.032
C_ins_at_304	706.a3m	66.6123
C_ins_at_398	707.a3m	84.4184
T_ins_at_495	708.a3m	143.257
G_ins_at_356	709.a3m	115.631
A_ins_at_248	70.a3m	65.416
C_ins_at_623	710.a3m	202.22
C_ins_at_71	711.a3m	37.6208
T_ins_at_10	712.a3m	22.4898
T_ins_at_66	713.a3m	35.7325
T_ins_at_517	714.a3m	145.497
A_ins_at_194	715.a3m	58.2147
T_ins_at_351	716.a3m	120.246
A_ins_at_658	717.a3m	194.968
T_ins_at_627	718.a3m	218.785
G_ins_at_689	719.a3m	211.606
T_ins_at_372	71.a3m	105.62
T_ins_at_659	720.a3m	214.339
G_ins_at_71	721.a3m	41.5842
G_ins_at_72	722.a3m	35.7494
T_ins_at_190	723.a3m	55.1959
A_ins_at_467	724.a3m	158.069
T_ins_at_235	725.a3m	62.5658
A_ins_at_452	726.a3m	148.567
T_ins_at_267	727.a3m	91.3343
T_ins_at_599	728.a3m	197.528
T_ins_at_313	729.a3m	58.8075
C_ins_at_8	72.a3m	25.4941
C_ins_at_215	730.a3m	73.2099
G_ins_at_178	731.a3m	55.0946
C_ins_at_75	732.a3m	41.2123
T_ins_at_68	733.a3m	35.6857
A_ins_at_307	734.a3m	66.5555
C_ins_at_463	735.a3m	153.208
G_ins_at_667	736.a3m	221.11
T_ins_at_141	737.a3m	72.9578
A_ins_at_56	738.a3m	27.083
A_ins_at_330	739.a3m	60.8964
C_ins_at_427	73.a3m	88.9805
T_ins_at_422	740.a3m	92.4365
T_ins_at_376	741.a3m	66.6416
G_ins_at_185	742.a3m	57.9514
C_ins_at_551	743.a3m	154.475
G_ins_at_632	744.a3m	199.718
C_ins_at_470	745.a3m	162.313
T_ins_at_395	746.a3m	84.5865
T_ins_at_217	747.a3m	61.8899
C_ins_at_387	748.a3m	94.2766
G_ins_at_188	749.a3m	54.77
T_ins_at_234	74.a3m	63.6545
T_ins_at_178	750.a3m	60.2951
C_ins_at_261	751.a3m	107.928
G_ins_at_682	752.a3m	205.512
T_ins_at_133	753.a3m	63.4566
C_ins_at_170	754.a3m	80.004
T_ins_at_126	755.a3m	67.0571
T_ins_at_383	756.a3m	94.644
A_ins_at_559	757.a3m	203.547
T_ins_at_571	758.a3m	198.748
A_ins_at_441	759.a3m	146.401
T_ins_at_107	75.a3m	67.9561
A_ins_at_38	760.a3m	31.2283
A_ins_at_583	761.a3m	187.547
T_ins_at_691	762.a3m	225.271
T_ins_at_480	763.a3m	155.419
T_ins_at_194	764.a3m	66.788
A_ins_at_673	765.a3m	226.326
G_ins_at_679	766.a3m	196.122
T_ins_at_401	767.a3m	92.3887
A_ins_at_435	768.a3m	86.029
G_ins_at_213	769.a3m	72.2254
A_ins_at_620	76.a3m	190.222
A_ins_at_250	770.a3m	113.422
G_ins_at_564	771.a3m	207.232
G_ins_at_321	772.a3m	56.9609
A_ins_at_229	773.a3m	61.142
G_ins_at_626	774.a3m	197.912
A_ins_at_225	775.a3m	64.977
G_ins_at_562	776.a3m	207.42
G_ins_at_189	777.a3m	56.8998
G_ins_at_324	778.a3m	62.8013
C_ins_at_605	779.a3m	190.81
C_ins_at_348	77.a3m	118.836
A_ins_at_635	780.a3m	194.84
C_ins_at_73	781.a3m	35.9775
G_ins_at_377	782.a3m	104.449
T_ins_at_694	783.a3m	213.444
A_ins_at_592	784.a3m	188.032
T_ins_at_492	785.a3m	160.764
T_ins_at_183	786.a3m	59.8674
A_ins_at_473	787.a3m	168.003
T_ins_at_164	788.a3m	72.7615
A_ins_at_456	789.a3m	135.537
G_ins_at_64	78.a3m	36.4275
T_ins_at_371	790.a3m	94.2314
A_ins_at_418	791.a3m	86.3345
T_ins_at_117	792.a3m	62.8681
G_ins_at_66	793.a3m	40.5517
G_ins_at_687	794.a3m	218.125
G_ins_at_587	795.a3m	199.749
A_ins_at_480	796.a3m	153.173
A_ins_at_385	797.a3m	87.1318
G_ins_at_580	798.a3m	185.563
A_ins_at_577	799.a3m	196.374
C_ins_at_259	79.a3m	105.237
T_ins_at_696	7.a3m	229.068
C_ins_at_569	800.a3m	196.571
A_ins_at_135	801.a3m	67.9084
A_ins_at_274	802.a3m	89.4336
A_ins_at_527	803.a3m	143.906
G_ins_at_112	804.a3m	66.894
T_ins_at_541	805.a3m	153.904
T_ins_at_22	806.a3m	33.9379
A_ins_at_116	807.a3m	68.169
C_ins_at_479	808.a3m	149.971
A_ins_at_373	809.a3m	104.899
A_ins_at_387	80.a3m	90.4535
A_ins_at_196	810.a3m	60.0564
G_ins_at_479	811.a3m	155.906
C_ins_at_20	812.a3m	27.9906
A_ins_at_621	813.a3m	207.254
T_ins_at_582	814.a3m	188.725
A_ins_at_209	815.a3m	62.5718
G_ins_at_186	816.a3m	57.0506
A_ins_at_426	817.a3m	88.8708
G_ins_at_705	818.a3m	223.281
T_ins_at_529	819.a3m	148.584
A_ins_at_485	81.a3m	148.982
C_ins_at_97	820.a3m	73.002
C_ins_at_262	821.a3m	105.98
T_ins_at_607	822.a3m	147.369
A_ins_at_519	823.a3m	142.859
T_ins_at_609	824.a3m	179.711
C_ins_at_303	825.a3m	66.4944
C_ins_at_410	826.a3m	78.8003
C_ins_at_281	827.a3m	91.9907
T_ins_at_288	828.a3m	78.6781
T_ins_at_472	829.a3m	160.835
G_ins_at_685	82.a3m	216.721
G_ins_at_37	830.a3m	28.7948
C_ins_at_435	831.a3m	86.5577
T_ins_at_510	832.a3m	151.512
A_ins_at_87	833.a3m	84.7963
T_ins_at_147	834.a3m	77.0638
G_ins_at_499	835.a3m	171.156
A_ins_at_631	836.a3m	210.142
A_ins_at_90	837.a3m	73.1744
T_ins_at_205	838.a3m	57.2519
T_ins_at_138	839.a3m	67.1898
G_ins_at_329	83.a3m	62.692
T_ins_at_257	840.a3m	108.983
A_ins_at_627	841.a3m	183.282
A_ins_at_695	842.a3m	226.594
T_ins_at_440	843.a3m	140.012
G_ins_at_635	844.a3m	186.204
G_ins_at_556	845.a3m	157.97
G_ins_at_123	846.a3m	71.4445
T_ins_at_119	847.a3m	67.6432
A_ins_at_423	848.a3m	86.8627
A_ins_at_593	849.a3m	186.825
C_ins_at_644	84.a3m	201.023
G_ins_at_44	850.a3m	27.732
T_ins_at_36	851.a3m	26.58
G_ins_at_681	852.a3m	205.439
G_ins_at_197	853.a3m	58.73
A_ins_at_542	854.a3m	160.941
T_ins_at_73	855.a3m	41.989
C_ins_at_660	856.a3m	208.058
T_ins_at_595	857.a3m	150.135
C_ins_at_589	858.a3m	176.345
A_ins_at_290	859.a3m	64.6725
T_ins_at_692	85.a3m	194.991
A_ins_at_291	860.a3m	63.1782
T_ins_at_202	861.a3m	63.4204
A_ins_at_60	862.a3m	37.0995
G_ins_at_25	863.a3m	31.1745
C_ins_at_228	864.a3m	61.5605
C_ins_at_288	865.a3m	76.804
A_ins_at_424	866.a3m	88.7523
A_ins_at_342	867.a3m	125.645
C_ins_at_686	868.a3m	210.513
A_ins_at_112	869.a3m	68.1163
G_ins_at_523	86.a3m	158.425
A_ins_at_80	870.a3m	76.7034
G_ins_at_429	871.a3m	77.3896
G_ins_at_206	872.a3m	76.2165
A_ins_at_245	873.a3m	127.738
G_ins_at_591	874.a3m	182.583
T_ins_at_612	875.a3m	188.164
G_ins_at_465	876.a3m	152.009
T_ins_at_19	877.a3m	26.738
G_ins_at_36	878.a3m	28.809
G_ins_at_317	879.a3m	57.4249
G_ins_at_53	87.a3m	35.1048
A_ins_at_108	880.a3m	67.8631
G_ins_at_285	881.a3m	90.7795
T_ins_at_299	882.a3m	62.6668
G_ins_at_371	883.a3m	108.064
G_ins_at_128	884.a3m	72.1327
C_ins_at_446	885.a3m	152.849
A_ins_at_241	886.a3m	109.753
T_ins_at_324	887.a3m	61.6017
A_ins_at_511	888.a3m	160.906
A_ins_at_153	889.a3m	87.8892
T_ins_at_302	88.a3m	59.9154
A_ins_at_129	890.a3m	70.7421
G_ins_at_656	891.a3m	205.358
A_ins_at_574	892.a3m	204.156
T_ins_at_413	893.a3m	82.8354
A_ins_at_8	894.a3m	23.8133
G_ins_at_561	895.a3m	207.039
C_ins_at_137	896.a3m	65.5015
C_ins_at_688	897.a3m	219.65
C_ins_at_119	898.a3m	75.13
A_ins_at_144	899.a3m	60.5168
T_ins_at_620	89.a3m	202.063
G_ins_at_156	8.a3m	71.4669
G_ins_at_528	900.a3m	153.847
G_ins_at_629	901.a3m	185.55
A_ins_at_115	902.a3m	74.0887
G_ins_at_315	903.a3m	56.6962
C_ins_at_666	904.a3m	218.677
C_ins_at_465	905.a3m	151.78
G_ins_at_608	906.a3m	177.521
A_ins_at_106	907.a3m	89.0068
G_ins_at_544	908.a3m	159.106
T_ins_at_491	909.a3m	161.969
C_ins_at_577	90.a3m	196.049
A_ins_at_161	910.a3m	83.6603
G_ins_at_422	911.a3m	86.644
A_ins_at_281	912.a3m	83.632
A_ins_at_632	913.a3m	207.942
C_ins_at_353	914.a3m	110.388
C_ins_at_260	915.a3m	107.023
T_ins_at_54	916.a3m	23.2995
C_ins_at_650	917.a3m	203.694
C_ins_at_654	918.a3m	202.923
C_ins_at_663	919.a3m	200.5
T_ins_at_424	91.a3m	88.8428
G_ins_at_450	920.a3m	154.564
A_ins_at_540	921.a3m	160.38
A_ins_at_395	922.a3m	86.1076
G_ins_at_402	923.a3m	79.1757
T_ins_at_637	924.a3m	179.61
C_ins_at_248	925.a3m	113.451
G_ins_at_82	926.a3m	78.607
A_ins_at_125	927.a3m	70.8019
A_ins_at_447	928.a3m	140.558
G_ins_at_509	929.a3m	159.08
T_ins_at_463	92.a3m	152.42
G_ins_at_643	930.a3m	206.591
A_ins_at_450	931.a3m	156.821
C_ins_at_512	932.a3m	153.783
A_ins_at_393	933.a3m	79.0646
A_ins_at_336	934.a3m	140.95
G_ins_at_475	935.a3m	172.107
C_ins_at_286	936.a3m	64.2961
G_ins_at_617	937.a3m	182.582
C_ins_at_596	938.a3m	199.253
G_ins_at_105	939.a3m	61.3667
T_ins_at_552	93.a3m	168.067
T_ins_at_226	940.a3m	62.4083
C_ins_at_475	941.a3m	154.857
T_ins_at_611	942.a3m	190.399
T_ins_at_453	943.a3m	150.907
G_ins_at_584	944.a3m	189.822
A_ins_at_81	945.a3m	79.7297
A_ins_at_493	946.a3m	143.579
T_ins_at_317	947.a3m	55.8407
T_ins_at_600	948.a3m	185.228
T_ins_at_703	949.a3m	218.552
C_ins_at_98	94.a3m	67.7052
C_ins_at_423	950.a3m	86.4774
C_ins_at_254	951.a3m	110.94
T_ins_at_560	952.a3m	203.571
C_ins_at_495	953.a3m	144.339
G_ins_at_600	954.a3m	191.359
A_ins_at_370	955.a3m	111.606
C_ins_at_529	956.a3m	170.259
A_ins_at_408	957.a3m	84.563
G_ins_at_619	958.a3m	196.391
C_ins_at_338	959.a3m	117.915
T_ins_at_187	95.a3m	57.7153
G_ins_at_15	960.a3m	27.4064
C_ins_at_575	961.a3m	195.362
C_ins_at_366	962.a3m	120.929
C_ins_at_267	963.a3m	90.1966
T_ins_at_430	964.a3m	80.3338
A_ins_at_273	965.a3m	96.0551
C_ins_at_508	966.a3m	150.46
A_ins_at_636	967.a3m	191.908
A_ins_at_170	968.a3m	90.4121
T_ins_at_264	969.a3m	100.987
G_ins_at_537	96.a3m	156.156
C_ins_at_336	970.a3m	130.884
C_ins_at_132	971.a3m	68.7141
A_ins_at_520	972.a3m	149.858
C_ins_at_159	973.a3m	71.8989
C_ins_at_625	974.a3m	197.742
G_ins_at_100	975.a3m	71.4324
C_ins_at_257	976.a3m	108.042
G_ins_at_500	977.a3m	167.528
T_ins_at_466	978.a3m	137.375
T_ins_at_684	979.a3m	216.102
T_ins_at_9	97.a3m	22.4595
G_ins_at_366	980.a3m	100.72
A_ins_at_25	981.a3m	27.087
C_ins_at_583	982.a3m	181.808
A_ins_at_471	983.a3m	167.197
G_ins_at_349	984.a3m	117.503
C_ins_at_149	985.a3m	77.8227
G_ins_at_412	986.a3m	84.4332
C_ins_at_99	987.a3m	74.3141
C_ins_at_298	988.a3m	63.654
G_ins_at_218	989.a3m	70.6508
G_ins_at_34	98.a3m	25.536
T_ins_at_690	990.a3m	211.422
A_ins_at_425	991.a3m	89.4542
G_ins_at_646	992.a3m	199.049
G_ins_at_480	993.a3m	149.409
A_ins_at_61	994.a3m	26.6987
G_ins_at_383	995.a3m	94.1784
G_ins_at_671	996.a3m	244.137
A_ins_at_407	997.a3m	76.9046
G_ins_at_660	998.a3m	206.504
C_ins_at_649	999.a3m	215.609
T_ins_at_316	99.a3m	63.0299
A_ins_at_669	9.a3m	210.834
