p.T175N	0.a3m	178.165
p.A30D	1000.a3m	164.355
p.I96F	1001.a3m	151.657
p.E12STOP	1002.a3m	10.7424
p.E12D	1003.a3m	160.463
p.P63S	1004.a3m	163.686
p.E45D	1005.a3m	177.404
p.F53S	1006.a3m	167.171
p.M84K	1007.a3m	158.755
p.P150H	1008.a3m	151.661
p.S101P	1009.a3m	169.855
p.L47V	100.a3m	160.409
p.H74Y	1010.a3m	152.682
p.Y61S	1011.a3m	149.213
p.R50I	1012.a3m	160.236
p.N129I	1013.a3m	164.423
p.E39Q	1014.a3m	170.107
p.Q33STOP	1015.a3m	46.831
p.C23F	1016.a3m	154.031
p.Q174STOP	1017.a3m	148.227
p.F177Y	1018.a3m	154.21
p.K179N	1019.a3m	170.454
p.G85V	101.a3m	173.923
p.R147L	1020.a3m	145.372
p.Y4F	1021.a3m	155.582
p.A117G	1022.a3m	148.256
p.I73N	1023.a3m	171.324
p.G85R	1024.a3m	168.409
p.G86D	1025.a3m	164.97
p.G103A	1026.a3m	164.599
p.E112V	1027.a3m	158.796
p.C182Y	1028.a3m	160.025
p.K162N	1029.a3m	163.732
p.E65D	102.a3m	161.314
p.Y77STOP	1030.a3m	60.1362
p.V115A	1031.a3m	169.739
p.G107A	1032.a3m	146.421
p.V38L	1033.a3m	169.387
p.I3M	1034.a3m	157.267
p.P91S	1035.a3m	160.797
p.P157A	1036.a3m	158.161
p.E39K	1037.a3m	170.105
p.P31H	1038.a3m	162.782
p.R114P	1039.a3m	165.504
p.R22G	103.a3m	163.741
p.S156C	1040.a3m	150.472
p.R89G	1041.a3m	164.385
p.Q172H	1042.a3m	150.894
p.T94A	1043.a3m	149.377
p.D27A	1044.a3m	154.136
p.A30S	1045.a3m	167.615
p.L47S	1046.a3m	154.976
p.K132N	1047.a3m	170.712
p.S101Y	1048.a3m	160.932
p.P157T	1049.a3m	167.214
p.Q8E	104.a3m	166.607
p.V113L	1050.a3m	160.509
p.Q174L	1051.a3m	162.982
p.I73L	1052.a3m	175.528
p.E99V	1053.a3m	152.754
p.P91T	1054.a3m	167.273
p.N76T	1055.a3m	166.757
p.D49A	1056.a3m	167.561
p.M78V	1057.a3m	156.977
p.N41H	1058.a3m	169.325
p.R37Q	1059.a3m	174.101
p.S156F	105.a3m	161.028
p.G86C	1060.a3m	150.993
p.P18L	1061.a3m	167.593
p.V44L	1062.a3m	168.312
p.Y4N	1063.a3m	159.206
p.R123Q	1064.a3m	159.102
p.P141R	1065.a3m	165.501
p.T145A	1066.a3m	163.805
p.A117V	1067.a3m	157.203
p.E112G	1068.a3m	172.639
p.N109S	1069.a3m	167.756
p.F169S	106.a3m	186.383
p.T94P	1070.a3m	161.171
p.F111Y	1071.a3m	160.163
p.P63A	1072.a3m	168.45
p.G107V	1073.a3m	159.502
p.L171F	1074.a3m	179.481
p.C83S	1075.a3m	157.311
p.P150T	1076.a3m	163.769
p.P157H	1077.a3m	167.601
p.T145I	1078.a3m	155.361
p.F177V	1079.a3m	165.533
p.E180STOP	107.a3m	150.357
p.L130F	1080.a3m	166.953
p.T170I	1081.a3m	165.065
p.V14E	1082.a3m	166.824
p.S26T	1083.a3m	165.13
p.H20R	1084.a3m	161.137
p.G28R	1085.a3m	164.462
p.Y61H	1086.a3m	158.082
p.S110R	1087.a3m	166.178
p.K133T	1088.a3m	161.624
p.R16G	1089.a3m	161.673
p.R90K	108.a3m	154.47
p.R121T	1090.a3m	161.483
p.S101A	1091.a3m	169.015
p.I3T	1092.a3m	167.535
p.D69N	1093.a3m	168.71
p.N104D	1094.a3m	156.341
p.V13L	1095.a3m	158.344
p.Q6E	1096.a3m	162.562
p.M84T	1097.a3m	166.723
p.S176R	1098.a3m	168.021
p.K133I	1099.a3m	151.3
p.G166V	109.a3m	159.064
p.S110N	10.a3m	161.059
p.K161R	1100.a3m	159.795
p.C17W	1101.a3m	174.875
p.D122E	1102.a3m	165.768
p.C83G	1103.a3m	167.844
p.R147Q	1104.a3m	167.257
p.I73M	1105.a3m	161.391
p.V14G	1106.a3m	169.95
p.I36S	1107.a3m	163.881
p.P150A	1108.a3m	154.456
p.E12V	1109.a3m	170.961
p.S155A	110.a3m	154.436
p.E127Q	1110.a3m	180.838
p.S156P	1111.a3m	155.631
p.C23STOP	1112.a3m	33.2993
p.C118R	1113.a3m	165.722
p.G40STOP	1114.a3m	50.5047
p.C83F	1115.a3m	161.997
p.T72P	1116.a3m	169.041
p.H74P	1117.a3m	158.142
p.E167G	1118.a3m	159.058
p.K132R	1119.a3m	156.856
p.D165E	111.a3m	160.45
p.L98V	1120.a3m	152.752
p.V66D	1121.a3m	158.098
p.G143W	1122.a3m	163.874
p.T11K	1123.a3m	178.076
p.C118G	1124.a3m	162.938
p.H55Y	1125.a3m	167.555
p.S81G	1126.a3m	169.107
p.Q158P	1127.a3m	179.888
p.T11A	1128.a3m	153.756
p.P63L	1129.a3m	170.996
p.A2S	112.a3m	160.574
p.K146E	1130.a3m	170.502
p.M78R	1131.a3m	161.264
p.D49G	1132.a3m	166.287
p.P150L	1133.a3m	154.819
p.E62STOP	1134.a3m	58.6044
p.E128K	1135.a3m	160.857
p.L149R	1136.a3m	176.217
p.S110I	1137.a3m	142.84
p.G120W	1138.a3m	164.17
p.N104I	1139.a3m	168.243
p.S68T	113.a3m	167.627
p.G67R	114.a3m	158.432
p.L106V	115.a3m	152.166
p.S26G	116.a3m	161.394
p.E127G	117.a3m	181.903
p.D173N	118.a3m	156.464
p.N129H	119.a3m	169.113
p.I96N	11.a3m	160.938
p.D122V	120.a3m	160.612
p.R22S	121.a3m	167.376
p.V38M	122.a3m	174.169
p.E12G	123.a3m	164.061
p.L47STOP	124.a3m	58.5954
p.A117P	125.a3m	172.311
p.I3V	126.a3m	154.419
p.E128G	127.a3m	167.646
p.S7T	128.a3m	161.223
p.R123P	129.a3m	148.716
p.S155P	12.a3m	153.897
p.H55D	130.a3m	156.105
p.N51H	131.a3m	169.314
p.G143E	132.a3m	165.292
p.Q172R	133.a3m	153.132
p.N151K	134.a3m	158.025
p.D122H	135.a3m	176.863
p.M84R	136.a3m	155.219
p.E21K	137.a3m	158.463
p.E139D	138.a3m	149.843
p.R50T	139.a3m	162.107
p.H20D	13.a3m	151.779
p.T145N	140.a3m	156.635
p.R15S	141.a3m	168.617
p.Q158STOP	142.a3m	110.942
p.T170S	143.a3m	178.339
p.C83W	144.a3m	164.274
p.M10R	145.a3m	156.932
p.I95M	146.a3m	174.65
p.P141H	147.a3m	169.982
p.I96V	148.a3m	151.877
p.E135STOP	149.a3m	71.9554
p.K162T	14.a3m	154.355
p.I36L	150.a3m	165.242
p.K133E	151.a3m	163.236
p.E65Q	152.a3m	158.304
p.Y46F	153.a3m	167.026
p.N88Y	154.a3m	154.132
p.E180G	155.a3m	155.557
p.V58A	156.a3m	164.988
p.C70Y	157.a3m	151.393
p.E65V	158.a3m	157.128
p.E12A	159.a3m	158.721
p.I3F	15.a3m	171.424
p.E99D	160.a3m	168.081
p.G28A	161.a3m	165.997
p.H137L	162.a3m	150.625
p.D173E	163.a3m	169.425
p.C23W	164.a3m	169.239
p.T11M	165.a3m	157.603
p.T52I	166.a3m	163.251
p.G143R	167.a3m	171.748
p.S101F	168.a3m	163.122
p.Y61C	169.a3m	161.232
p.T97A	16.a3m	162.561
p.S82A	170.a3m	159.461
p.H137Q	171.a3m	153.998
p.R131C	172.a3m	154.167
p.G103R	173.a3m	148.637
p.H138Q	174.a3m	158.182
p.Q172P	175.a3m	177.96
p.I3S	176.a3m	156.948
p.N152D	177.a3m	166.848
p.E128STOP	178.a3m	68.9702
p.T97K	179.a3m	157.589
p.G120V	17.a3m	150.021
p.T125P	180.a3m	161.707
p.T71P	181.a3m	158.859
p.R22L	182.a3m	164.491
p.V44E	183.a3m	170.317
p.E21D	184.a3m	171.935
p.E127A	185.a3m	172.909
p.I95V	186.a3m	159.428
p.E45A	187.a3m	157.243
p.P136T	188.a3m	158.952
p.D69G	189.a3m	160.684
p.H74L	18.a3m	164.869
p.I92V	190.a3m	162.621
p.A2T	191.a3m	155.593
p.P150R	192.a3m	151.813
p.N104S	193.a3m	159.727
p.E62K	194.a3m	166.328
p.N129S	195.a3m	156.98
p.N181T	196.a3m	162.679
p.G166STOP	197.a3m	127.72
p.R43P	198.a3m	166.098
p.G67V	199.a3m	168.178
p.D122G	19.a3m	160.781
p.N181D	1.a3m	162.716
p.K160E	200.a3m	163.543
p.D48N	201.a3m	158.293
p.L98P	202.a3m	156.525
p.N151S	203.a3m	164.245
p.P159L	204.a3m	174.968
p.L171I	205.a3m	151.462
p.C118F	206.a3m	155.842
p.D100G	207.a3m	156.657
p.M78K	208.a3m	163.069
p.E128A	209.a3m	153.945
p.P64A	20.a3m	160.658
p.C70STOP	210.a3m	62.4823
p.E112A	211.a3m	156.251
p.G40E	212.a3m	169.755
p.Q8P	213.a3m	156.372
p.G28V	214.a3m	168.601
p.K146N	215.a3m	163.408
p.N104K	216.a3m	159.191
p.K133N	217.a3m	166.547
p.R54STOP	218.a3m	72.2894
p.K179E	219.a3m	166.674
p.I95F	21.a3m	164.723
p.V66G	220.a3m	155.333
p.P18H	221.a3m	166.063
p.V66A	222.a3m	169.119
p.D49N	223.a3m	167.161
p.S56R	224.a3m	162.857
p.G107E	225.a3m	158.851
p.N151Y	226.a3m	166.029
p.R89Q	227.a3m	157.748
p.D27G	228.a3m	170.467
p.F169Y	229.a3m	154.659
p.P63R	22.a3m	163.935
p.G86V	230.a3m	165.708
p.E128Q	231.a3m	167.191
p.S7STOP	232.a3m	8.10847
p.L149M	233.a3m	156.542
p.C118S	234.a3m	162.956
p.R37L	235.a3m	167.258
p.P91L	236.a3m	149.627
p.Y4S	237.a3m	159.43
p.N80K	238.a3m	169.363
p.R121STOP	239.a3m	61.9074
p.V59E	23.a3m	153.111
p.N51S	240.a3m	161.189
p.C182STOP	241.a3m	169.361
p.F169L	242.a3m	161.383
p.Q178P	243.a3m	151.932
p.G134V	244.a3m	156.619
p.P163A	245.a3m	158.393
p.C116G	246.a3m	161.583
p.R124H	247.a3m	154.185
p.V115F	248.a3m	156.2
p.E139A	249.a3m	158.965
p.R43S	24.a3m	156.787
p.N152K	250.a3m	159.8
p.N152Y	251.a3m	151.92
p.G120R	252.a3m	161.656
p.Q172STOP	253.a3m	151.858
p.H20P	254.a3m	179.498
p.Q172E	255.a3m	161.5
p.C23G	256.a3m	176.597
p.R123L	257.a3m	156.878
p.K132Q	258.a3m	159.362
p.D173V	259.a3m	155.568
p.E112K	25.a3m	155.899
p.D69E	260.a3m	156.913
p.G85A	261.a3m	164.189
p.D100H	262.a3m	164.881
p.S68Y	263.a3m	163.417
p.D25H	264.a3m	159.327
p.K179Q	265.a3m	161.044
p.V57A	266.a3m	158.62
p.Y168F	267.a3m	160.609
p.S68P	268.a3m	160.744
p.R124C	269.a3m	161.174
p.S56I	26.a3m	160.125
p.P63T	270.a3m	164.708
p.R131H	271.a3m	155.772
p.R90G	272.a3m	161.799
p.H20Y	273.a3m	160.342
p.T97S	274.a3m	147.42
p.S156A	275.a3m	150.363
p.E167V	276.a3m	156.039
p.L35F	277.a3m	163.987
p.K160T	278.a3m	158.185
p.T175S	279.a3m	159.286
p.G134A	27.a3m	168.539
p.Q33H	280.a3m	157.838
p.C116W	281.a3m	166.674
p.D49V	282.a3m	149.688
p.M78L	283.a3m	155.491
p.E45K	284.a3m	157.853
p.Y168N	285.a3m	185.115
p.N41I	286.a3m	152.837
p.V66F	287.a3m	159.947
p.S154N	288.a3m	161.215
p.D173A	289.a3m	162.269
p.S156Y	28.a3m	138.246
p.S68C	290.a3m	161.345
p.E135V	291.a3m	159.942
p.K161T	292.a3m	155.003
p.P119R	293.a3m	162.99
p.K160M	294.a3m	157.285
p.C23Y	295.a3m	171.513
p.P119S	296.a3m	162.032
p.S155T	297.a3m	169.36
p.R15K	298.a3m	158.331
p.S26C	299.a3m	165.827
p.E65STOP	29.a3m	53.3804
p.H9N	2.a3m	155.785
p.E139Q	300.a3m	162.801
p.L35I	301.a3m	165.641
p.Y61F	302.a3m	150.608
p.R43H	303.a3m	151.689
p.Q8L	304.a3m	163.837
p.I95L	305.a3m	153.514
p.P163T	306.a3m	167.739
p.D173Y	307.a3m	158.958
p.R123W	308.a3m	175.041
p.E39STOP	309.a3m	61.5458
p.G143V	30.a3m	151.081
p.P31A	310.a3m	175.408
p.P163Q	311.a3m	184.303
p.R89W	312.a3m	162.842
p.T97I	313.a3m	147.908
p.M10L	314.a3m	156.317
p.Q158K	315.a3m	164.86
p.C182R	316.a3m	169.622
p.K5R	317.a3m	153.952
p.C70G	318.a3m	164.098
p.R89L	319.a3m	155.137
p.L29R	31.a3m	160.353
p.L105V	320.a3m	151.541
p.S144T	321.a3m	158.917
p.Y4D	322.a3m	158.153
p.H19Q	323.a3m	168.789
p.T125K	324.a3m	159.666
p.Q178R	325.a3m	154.418
p.H20Q	326.a3m	166.741
p.E126G	327.a3m	170.951
p.E126V	328.a3m	152.09
p.N80D	329.a3m	154.361
p.H138L	32.a3m	171.552
p.K133R	330.a3m	156.308
p.T153S	331.a3m	163.872
p.Q33R	332.a3m	173.738
p.I92N	333.a3m	155.075
p.G67D	334.a3m	160.814
p.P18A	335.a3m	150.102
p.P142Q	336.a3m	155.827
p.T153A	337.a3m	164.648
p.P91R	338.a3m	174.13
p.R50S	339.a3m	164.23
p.E128V	33.a3m	164.861
p.K5Q	340.a3m	155.214
p.F177C	341.a3m	157.636
p.C70R	342.a3m	169.064
p.N152H	343.a3m	171.831
p.R90W	344.a3m	146.109
p.C83R	345.a3m	161.182
p.Q6P	346.a3m	153.412
p.N88S	347.a3m	167.738
p.R15G	348.a3m	172.567
p.P32A	349.a3m	168.139
p.R50K	34.a3m	154.838
p.P60H	350.a3m	159.408
p.P142T	351.a3m	157.892
p.P136S	352.a3m	172.651
p.L42V	353.a3m	164.528
p.I92F	354.a3m	154.438
p.I96L	355.a3m	148.056
p.L130P	356.a3m	166.357
p.R16S	357.a3m	153.242
p.T175I	358.a3m	148.93
p.G40V	359.a3m	154.625
p.P141A	35.a3m	173.258
p.M1I	360.a3m	160.563
p.V44M	361.a3m	156.628
p.C17Y	362.a3m	164.546
p.C116STOP	363.a3m	62.8746
p.P18T	364.a3m	165.053
p.Y168STOP	365.a3m	126.257
p.S155Y	366.a3m	153.435
p.E99STOP	367.a3m	59.1671
p.R50G	368.a3m	169.861
p.V115I	369.a3m	159.542
p.H19P	36.a3m	165.729
p.P136L	370.a3m	167.725
p.S82P	371.a3m	145.766
p.V13G	372.a3m	170.568
p.N80H	373.a3m	163.231
p.Q6H	374.a3m	158.37
p.C79S	375.a3m	155.082
p.I73F	376.a3m	157.056
p.K161N	377.a3m	153.241
p.E62Q	378.a3m	156.84
p.S81I	379.a3m	167.426
p.F53L	37.a3m	157.346
p.D25V	380.a3m	172.117
p.D122N	381.a3m	167.087
p.P31R	382.a3m	166.71
p.N181S	383.a3m	152.738
p.P142L	384.a3m	172.013
p.V59G	385.a3m	157.816
p.E127K	386.a3m	167.791
p.E167Q	387.a3m	162.218
p.Q33E	388.a3m	162.552
p.Y77F	389.a3m	155.57
p.S154T	38.a3m	171.332
p.H34Q	390.a3m	160.075
p.T170P	391.a3m	165.221
p.L98M	392.a3m	165.591
p.I92T	393.a3m	161.597
p.P32R	394.a3m	172.87
p.V59M	395.a3m	157.179
p.S81R	396.a3m	159.97
p.F53V	397.a3m	165.708
p.N181H	398.a3m	169.422
p.D165V	399.a3m	155.614
p.K161Q	39.a3m	160.112
p.A117D	3.a3m	154.732
p.L164M	400.a3m	149.09
p.N129T	401.a3m	165.852
p.G103S	402.a3m	159.444
p.M10K	403.a3m	154.079
p.S24P	404.a3m	158.219
p.N41D	405.a3m	156.737
p.T97R	406.a3m	160.096
p.Y77N	407.a3m	167.856
p.L93R	408.a3m	154.41
p.G86A	409.a3m	148.939
p.P32S	40.a3m	168.355
p.M78T	410.a3m	173.117
p.K5E	411.a3m	166.382
p.L98Q	412.a3m	164.876
p.R108W	413.a3m	164.911
p.N109D	414.a3m	186.258
p.R22C	415.a3m	161.352
p.S102R	416.a3m	159.732
p.N51Y	417.a3m	167.687
p.R37P	418.a3m	159.751
p.A117T	419.a3m	162.417
p.STOP183Q	41.a3m	165.391
p.P141L	420.a3m	169.699
p.Q172K	421.a3m	172.566
p.G28D	422.a3m	157.531
p.K146Q	423.a3m	163.406
p.P159T	424.a3m	155.251
p.R123G	425.a3m	163.294
p.C79G	426.a3m	171.649
p.K161E	427.a3m	151.003
p.L47F	428.a3m	164.291
p.S144C	429.a3m	165.454
p.V113G	42.a3m	154.828
p.D48Y	430.a3m	174.495
p.T170A	431.a3m	167.561
p.E135G	432.a3m	163.562
p.Q33L	433.a3m	181.001
p.S56N	434.a3m	160.28
p.N152I	435.a3m	159.602
p.T71A	436.a3m	168.074
p.E62A	437.a3m	154.71
p.A30P	438.a3m	149.924
p.N80Y	439.a3m	155.476
p.P18R	43.a3m	163.947
p.P163S	440.a3m	165.773
p.V14A	441.a3m	159.742
p.E12K	442.a3m	157.371
p.R15M	443.a3m	166.08
p.D165N	444.a3m	170.599
p.T170N	445.a3m	164.645
p.L93H	446.a3m	171.639
p.L93P	447.a3m	165.529
p.K5STOP	448.a3m	4.27725
p.S26R	449.a3m	163.613
p.H19Y	44.a3m	160.17
p.N129K	450.a3m	154.662
p.G107R	451.a3m	162.764
p.K162STOP	452.a3m	115.353
p.N76H	453.a3m	153.106
p.N41Y	454.a3m	148.051
p.T153P	455.a3m	161.203
p.Y4STOP	456.a3m	7.72967
p.P64H	457.a3m	170.828
p.I36M	458.a3m	173.316
p.I73S	459.a3m	144.158
p.T145S	45.a3m	159.189
p.Y75D	460.a3m	168.421
p.N88T	461.a3m	164.182
p.M1L	462.a3m	153.267
p.T52N	463.a3m	159.469
p.Y46S	464.a3m	175.918
p.K5M	465.a3m	155.28
p.V113A	466.a3m	174.412
p.N88H	467.a3m	153.547
p.R108Q	468.a3m	151.397
p.S101T	469.a3m	164.538
p.P119T	46.a3m	165.528
p.H138Y	470.a3m	160.657
p.E127D	471.a3m	163.486
p.Y75S	472.a3m	163.918
p.C17STOP	473.a3m	20.4963
p.P142A	474.a3m	154.894
p.G67S	475.a3m	158.777
p.F111V	476.a3m	159.394
p.E139V	477.a3m	159.294
p.L164P	478.a3m	157.045
p.V14M	479.a3m	159.257
p.M87R	47.a3m	152.292
p.H137Y	480.a3m	159.858
p.L47M	481.a3m	160.011
p.STOP183S	482.a3m	167.996
p.A2P	483.a3m	153.473
p.K162R	484.a3m	165.083
p.Q174K	485.a3m	165.508
p.N88D	486.a3m	160.374
p.Y168C	487.a3m	180.727
p.L140V	488.a3m	166.683
p.N76I	489.a3m	160.773
p.D48V	48.a3m	168.649
p.R37STOP	490.a3m	58.6861
p.D122Y	491.a3m	160.626
p.T153I	492.a3m	173.194
p.E65G	493.a3m	159.466
p.L171P	494.a3m	171.833
p.D165G	495.a3m	166.403
p.H138N	496.a3m	152.584
p.N80S	497.a3m	161.507
p.R121K	498.a3m	158.564
p.Q174E	499.a3m	148.465
p.D69H	49.a3m	153.777
p.H9L	4.a3m	159.537
p.I92S	500.a3m	156.481
p.D165H	501.a3m	166.322
p.K146R	502.a3m	163.774
p.L106M	503.a3m	156.791
p.Y77S	504.a3m	158.743
p.C118W	505.a3m	146.417
p.F53I	506.a3m	169.104
p.H34P	507.a3m	169.787
p.R16L	508.a3m	174.57
p.S81T	509.a3m	160.459
p.I96S	50.a3m	167.359
p.D25N	510.a3m	171.826
p.Y77D	511.a3m	164.451
p.V38A	512.a3m	159.486
p.D27H	513.a3m	164.498
p.R54L	514.a3m	162.305
p.G103D	515.a3m	161.199
p.C79STOP	516.a3m	56.8424
p.E126A	517.a3m	156.146
p.N41S	518.a3m	159.094
p.T52S	519.a3m	163.483
p.L42W	51.a3m	163.413
p.G166R	520.a3m	157.549
p.R121S	521.a3m	166.64
p.L93F	522.a3m	158.339
p.Y61STOP	523.a3m	56.8019
p.S144I	524.a3m	155.88
p.S155C	525.a3m	160.103
p.F111S	526.a3m	155.72
p.R108P	527.a3m	156.201
p.N181I	528.a3m	150.635
p.T175P	529.a3m	174.069
p.L35R	52.a3m	153.912
p.T11R	530.a3m	164.389
p.C17G	531.a3m	154.843
p.S56T	532.a3m	158.113
p.G40A	533.a3m	167.491
p.Q6R	534.a3m	168.523
p.S26N	535.a3m	156.183
p.D25Y	536.a3m	154.378
p.R90M	537.a3m	153.607
p.H74N	538.a3m	177.257
p.E39G	539.a3m	161.839
p.C17S	53.a3m	159.506
p.G28C	540.a3m	174.678
p.P142R	541.a3m	159.994
p.E39A	542.a3m	152.608
p.C70S	543.a3m	158.244
p.E180D	544.a3m	164.836
p.G107STOP	545.a3m	58.4787
p.T11P	546.a3m	162.964
p.N129Y	547.a3m	159.189
p.T72S	548.a3m	156.053
p.P60R	549.a3m	161.246
p.Q33P	54.a3m	154.976
p.D49E	550.a3m	153.836
p.T125S	551.a3m	153.535
p.V59A	552.a3m	165.114
p.C116F	553.a3m	164.514
p.E167STOP	554.a3m	125.208
p.I95N	555.a3m	168.685
p.K132T	556.a3m	161.482
p.N76Y	557.a3m	152.251
p.D122A	558.a3m	163.928
p.E139G	559.a3m	153.399
p.V38E	55.a3m	179.264
p.P157S	560.a3m	151.368
p.Q174P	561.a3m	164.828
p.P157R	562.a3m	178.25
p.E99A	563.a3m	163.618
p.V57E	564.a3m	164.399
p.Q158L	565.a3m	157.184
p.Q178L	566.a3m	174.812
p.I95S	567.a3m	159.929
p.E99Q	568.a3m	164.732
p.P32H	569.a3m	176.065
p.K160R	56.a3m	174.997
p.I3N	570.a3m	158.656
p.R147P	571.a3m	156.008
p.Y46N	572.a3m	167.582
p.K146STOP	573.a3m	82.8938
p.E135D	574.a3m	155.205
p.L42F	575.a3m	169.013
p.A148P	576.a3m	173.823
p.A2G	577.a3m	175.089
p.S24L	578.a3m	158.943
p.D173G	579.a3m	163.122
p.F111I	57.a3m	159.746
p.D49H	580.a3m	158.836
p.E127V	581.a3m	166.265
p.V59L	582.a3m	167.227
p.P64T	583.a3m	159.9
p.H19N	584.a3m	167.604
p.I92L	585.a3m	167.618
p.R43G	586.a3m	164.642
p.E139STOP	587.a3m	78.5246
p.Q178STOP	588.a3m	143.581
p.S176N	589.a3m	157.262
p.C23R	58.a3m	154.927
p.S144R	590.a3m	162.353
p.P119A	591.a3m	169.231
p.H55Q	592.a3m	169.016
p.R114L	593.a3m	154.569
p.S154G	594.a3m	161.967
p.I95T	595.a3m	163.146
p.L164V	596.a3m	158.374
p.L47W	597.a3m	147.985
p.R89P	598.a3m	173.346
p.V57L	599.a3m	167.432
p.S176T	59.a3m	162.446
p.E65K	5.a3m	165.458
p.D69V	600.a3m	168.328
p.D165A	601.a3m	160.032
p.R22H	602.a3m	173.848
p.R90S	603.a3m	159.302
p.H34L	604.a3m	158.529
p.V66L	605.a3m	150.637
p.S154I	606.a3m	158.815
p.Y46H	607.a3m	166.113
p.P60S	608.a3m	163.256
p.L29P	609.a3m	171.294
p.V58L	60.a3m	157.252
p.G86R	610.a3m	164.059
p.C182F	611.a3m	168
p.R16P	612.a3m	165.848
p.S82Y	613.a3m	157.197
p.L149V	614.a3m	152.611
p.C182W	615.a3m	159.166
p.K132M	616.a3m	168.328
p.E180V	617.a3m	162.538
p.L105I	618.a3m	156.534
p.R121I	619.a3m	166.31
p.D27V	61.a3m	168.613
p.R15T	620.a3m	165.295
p.I73V	621.a3m	161.665
p.Y61D	622.a3m	168.988
p.T71N	623.a3m	164.867
p.S156T	624.a3m	158.87
p.L35P	625.a3m	155.393
p.P159R	626.a3m	183.613
p.P150S	627.a3m	153.038
p.S102T	628.a3m	162.694
p.H19D	629.a3m	166.59
p.D25E	62.a3m	171.228
p.E135K	630.a3m	171.209
p.G134W	631.a3m	160.191
p.I36T	632.a3m	177.094
p.E12Q	633.a3m	162.402
p.N76K	634.a3m	148.629
p.S154C	635.a3m	140.907
p.L130V	636.a3m	155.117
p.L93I	637.a3m	168.915
p.R22P	638.a3m	167.231
p.S154R	639.a3m	143.474
p.S102N	63.a3m	154.742
p.H55L	640.a3m	164.081
p.L35V	641.a3m	157.586
p.V58E	642.a3m	170.063
p.P159A	643.a3m	164.88
p.V14L	644.a3m	167.299
p.L130R	645.a3m	170.107
p.L171H	646.a3m	168.698
p.STOP183Y	647.a3m	170.005
p.L105R	648.a3m	171.311
p.S144N	649.a3m	162.66
p.E126D	64.a3m	170.055
p.H55P	650.a3m	159.611
p.R15W	651.a3m	152.826
p.Y75F	652.a3m	163.394
p.D48A	653.a3m	153.849
p.E167D	654.a3m	159.636
p.A148T	655.a3m	162.639
p.C83STOP	656.a3m	66.3317
p.N104H	657.a3m	152.314
p.H9P	658.a3m	168.116
p.Y77C	659.a3m	171.615
p.K146M	65.a3m	156.366
p.Q178E	660.a3m	158.203
p.P31S	661.a3m	164.825
p.L42STOP	662.a3m	53.76
p.K5T	663.a3m	158.806
p.K179STOP	664.a3m	150.91
p.Q158R	665.a3m	168.072
p.P119L	666.a3m	167.554
p.P60A	667.a3m	159.797
p.P142S	668.a3m	160.61
p.K179R	669.a3m	166.935
p.D173H	66.a3m	172.265
p.E128D	670.a3m	153.081
p.N76D	671.a3m	162.565
p.E21V	672.a3m	166.256
p.C83Y	673.a3m	155.833
p.G67C	674.a3m	167.218
p.V115D	675.a3m	157.826
p.R147STOP	676.a3m	88.1362
p.Y168H	677.a3m	166.995
p.N80T	678.a3m	163.838
p.V13F	679.a3m	165.291
p.H55N	67.a3m	162.458
p.H9D	680.a3m	157.867
p.M87K	681.a3m	184.831
p.M1T	682.a3m	168.75
p.L106P	683.a3m	157.18
p.L130H	684.a3m	162.69
p.L149P	685.a3m	157.985
p.K179I	686.a3m	173.984
p.S144G	687.a3m	162.028
p.K162Q	688.a3m	142.141
p.R54P	689.a3m	165.506
p.R108G	68.a3m	151.152
p.N181K	690.a3m	161.208
p.V115L	691.a3m	154.699
p.C182S	692.a3m	167.433
p.K133Q	693.a3m	153.15
p.E62D	694.a3m	158.781
p.R37G	695.a3m	163.217
p.N51K	696.a3m	156.556
p.A117S	697.a3m	167.122
p.H137R	698.a3m	156.889
p.V13A	699.a3m	161.921
p.F53C	69.a3m	157.753
p.C118Y	6.a3m	155.93
p.C116Y	700.a3m	162.281
p.T145P	701.a3m	156.345
p.L42S	702.a3m	160.495
p.I73T	703.a3m	157.614
p.R121G	704.a3m	163.791
p.G103V	705.a3m	169.222
p.F53Y	706.a3m	153.337
p.K132E	707.a3m	165.162
p.L35H	708.a3m	158.313
p.G40R	709.a3m	168.282
p.F177I	70.a3m	164.626
p.R114H	710.a3m	158.02
p.H137D	711.a3m	156.72
p.V115G	712.a3m	162.297
p.L93V	713.a3m	148.307
p.L140P	714.a3m	164.692
p.M78I	715.a3m	179.452
p.Y4C	716.a3m	173.275
p.H74D	717.a3m	164.815
p.L140R	718.a3m	171.592
p.K160N	719.a3m	153.114
p.H55R	71.a3m	169.272
p.M10I	720.a3m	162.595
p.STOP183K	721.a3m	163.893
p.N181Y	722.a3m	177.095
p.M87V	723.a3m	167.048
p.L171R	724.a3m	191.461
p.P18S	725.a3m	157.756
p.N151I	726.a3m	149.738
p.L140M	727.a3m	166.157
p.S81N	728.a3m	159.39
p.D27N	729.a3m	159.593
p.E126STOP	72.a3m	65.6891
p.T52A	730.a3m	160.44
p.D48G	731.a3m	166.631
p.T94N	732.a3m	164.815
p.F169I	733.a3m	172.387
p.K133STOP	734.a3m	72.8156
p.E45STOP	735.a3m	63.4122
p.R16H	736.a3m	173.27
p.P157L	737.a3m	160.49
p.STOP183L	738.a3m	174.932
p.I36V	739.a3m	156.47
p.C182G	73.a3m	156.177
p.L130I	740.a3m	166.682
p.M87I	741.a3m	165.113
p.E99G	742.a3m	170.031
p.D100A	743.a3m	167
p.C79F	744.a3m	178.231
p.E39V	745.a3m	158.906
p.R114C	746.a3m	157.113
p.T72N	747.a3m	161.031
p.M1V	748.a3m	158.366
p.P32T	749.a3m	166.83
p.S102G	74.a3m	153.467
p.E62G	750.a3m	167.469
p.E21Q	751.a3m	154.852
p.N41T	752.a3m	152.746
p.E167K	753.a3m	151.196
p.F177L	754.a3m	165.523
p.R131S	755.a3m	149.817
p.N151D	756.a3m	168.904
p.S155F	757.a3m	157.629
p.S7L	758.a3m	160.006
p.T71S	759.a3m	155.996
p.Y46D	75.a3m	167.838
p.C118STOP	760.a3m	61.9698
p.M84L	761.a3m	170.248
p.Q158E	762.a3m	163.849
p.E65A	763.a3m	159.373
p.L164R	764.a3m	173.023
p.M10V	765.a3m	150.794
p.R131L	766.a3m	152.8
p.H34D	767.a3m	171.183
p.G166A	768.a3m	161.722
p.E127STOP	769.a3m	73.1844
p.M84V	76.a3m	165.838
p.D48H	770.a3m	159.987
p.H137P	771.a3m	160.22
p.S7P	772.a3m	160.2
p.I3L	773.a3m	170.022
p.M87L	774.a3m	159.007
p.C116S	775.a3m	171.461
p.I36N	776.a3m	168.376
p.S176C	777.a3m	175.639
p.D69A	778.a3m	165.771
p.P136R	779.a3m	142.645
p.V38G	77.a3m	157.605
p.P159S	780.a3m	160.872
p.V44A	781.a3m	166.958
p.R54G	782.a3m	158.818
p.Q178H	783.a3m	168.658
p.L29V	784.a3m	158.688
p.N129D	785.a3m	149.768
p.I96T	786.a3m	176.332
p.E180K	787.a3m	159.65
p.T11S	788.a3m	163.766
p.P163L	789.a3m	169.203
p.Q6STOP	78.a3m	6.31695
p.A2D	790.a3m	162.531
p.S7A	791.a3m	161.811
p.L164Q	792.a3m	159.272
p.A148E	793.a3m	157.653
p.P63Q	794.a3m	154.461
p.P136H	795.a3m	150.591
p.D100E	796.a3m	166.56
p.V44G	797.a3m	168.25
p.I96M	798.a3m	169.732
p.G85D	799.a3m	163.128
p.P91H	79.a3m	157.639
p.Y75STOP	7.a3m	65.0206
p.D27Y	800.a3m	159.06
p.P32L	801.a3m	153.632
p.N104T	802.a3m	160.78
p.M1R	803.a3m	158.376
p.P60T	804.a3m	169.369
p.G134R	805.a3m	151.379
p.F169C	806.a3m	172.657
p.L171V	807.a3m	161.991
p.S82C	808.a3m	161.532
p.Q178K	809.a3m	166.785
p.R124G	80.a3m	153.492
p.Y46C	810.a3m	154.457
p.H137N	811.a3m	164.934
p.C17F	812.a3m	164.591
p.E180A	813.a3m	153.62
p.R124L	814.a3m	157.205
p.H20N	815.a3m	167.96
p.N80I	816.a3m	147.028
p.Y61N	817.a3m	152.807
p.H19R	818.a3m	158.809
p.E21G	819.a3m	161.93
p.P119H	81.a3m	161.307
p.H9Q	820.a3m	158.382
p.R131G	821.a3m	160.353
p.Y75N	822.a3m	170.165
p.S110C	823.a3m	166.634
p.A2V	824.a3m	174.411
p.C79W	825.a3m	174.191
p.D100Y	826.a3m	162.606
p.H19L	827.a3m	157.578
p.P31L	828.a3m	160.721
p.V58G	829.a3m	163.385
p.T153N	82.a3m	164.999
p.Q8R	830.a3m	160.91
p.M84I	831.a3m	170.543
p.F177S	832.a3m	163.084
p.S176G	833.a3m	157.623
p.R114G	834.a3m	164.255
p.D100N	835.a3m	153.497
p.Y75H	836.a3m	141.944
p.T72A	837.a3m	166.509
p.C70W	838.a3m	145.061
p.D25G	839.a3m	158.601
p.P64R	83.a3m	167.669
p.H9Y	840.a3m	161.099
p.N109Y	841.a3m	167.5
p.P141T	842.a3m	169.496
p.P60L	843.a3m	170.748
p.H34N	844.a3m	164.523
p.K160Q	845.a3m	159.717
p.H138D	846.a3m	153.638
p.S101C	847.a3m	166.686
p.G143A	848.a3m	157.618
p.D25A	849.a3m	169.402
p.A30T	84.a3m	163.822
p.P136A	850.a3m	154.014
p.S102I	851.a3m	163.235
p.T71I	852.a3m	160.166
p.P163R	853.a3m	168.867
p.T94I	854.a3m	161.144
p.K162I	855.a3m	142.87
p.E45Q	856.a3m	162.998
p.E45G	857.a3m	154.145
p.R16C	858.a3m	167.132
p.V58M	859.a3m	151.537
p.Q6L	85.a3m	169.775
p.S24A	860.a3m	153.585
p.P141S	861.a3m	177.165
p.R108L	862.a3m	151.428
p.N88I	863.a3m	165.161
p.S81C	864.a3m	165.847
p.H138R	865.a3m	160.207
p.G166E	866.a3m	167.171
p.R43C	867.a3m	166.457
p.T125I	868.a3m	157.764
p.S82T	869.a3m	163.165
p.T94S	86.a3m	156.304
p.K179T	870.a3m	166.104
p.E39D	871.a3m	164.855
p.P31T	872.a3m	178.206
p.R90T	873.a3m	162.255
p.S56C	874.a3m	168.183
p.E62V	875.a3m	158.874
p.E21STOP	876.a3m	32.3595
p.L106R	877.a3m	156.685
p.S110G	878.a3m	157.977
p.G120A	879.a3m	159.166
p.Q8STOP	87.a3m	5.59425
p.Q8K	880.a3m	156.135
p.S26I	881.a3m	164.571
p.Y168S	882.a3m	201.104
p.K161M	883.a3m	153.511
p.V13D	884.a3m	169.779
p.D48E	885.a3m	155.431
p.F111L	886.a3m	165.409
p.G103C	887.a3m	171.406
p.S82F	888.a3m	165.455
p.G67A	889.a3m	164.403
p.C79Y	88.a3m	168.041
p.G28S	890.a3m	170.272
p.K161STOP	891.a3m	113.137
p.G85S	892.a3m	167.299
p.E112D	893.a3m	160.009
p.D100V	894.a3m	163.333
p.P159Q	895.a3m	170.949
p.R147G	896.a3m	156.354
p.Y46STOP	897.a3m	66.4765
p.A148G	898.a3m	161.163
p.V57G	899.a3m	172.827
p.R124P	89.a3m	165.76
p.H138P	8.a3m	147.634
p.Y75C	900.a3m	164.261
p.P64S	901.a3m	168.878
p.L98R	902.a3m	180.93
p.K132STOP	903.a3m	73.1406
p.L149Q	904.a3m	170.982
p.T125R	905.a3m	146.868
p.N109T	906.a3m	156.129
p.N51D	907.a3m	163.441
p.F169V	908.a3m	181.614
p.L105P	909.a3m	170.882
p.R114S	90.a3m	158.619
p.I92M	910.a3m	174.032
p.T52P	911.a3m	158.667
p.H9R	912.a3m	161.29
p.S24STOP	913.a3m	35.733
p.L29M	914.a3m	165.757
p.L140Q	915.a3m	155.12
p.A148V	916.a3m	161.593
p.V13I	917.a3m	152.576
p.Q6K	918.a3m	160.897
p.R131P	919.a3m	177.055
p.Y4H	91.a3m	166.857
p.E112Q	920.a3m	150.103
p.N109H	921.a3m	169.367
p.D49Y	922.a3m	168.924
p.N51I	923.a3m	160.483
p.E21A	924.a3m	148.636
p.P91A	925.a3m	160.345
p.E167A	926.a3m	154.334
p.Q174H	927.a3m	164.948
p.A30G	928.a3m	165.457
p.Y77H	929.a3m	168.417
p.H74Q	92.a3m	166.073
p.C70F	930.a3m	159.718
p.N104Y	931.a3m	161.419
p.V113M	932.a3m	158.717
p.R54Q	933.a3m	157.351
p.A30V	934.a3m	167.574
p.N76S	935.a3m	162.764
p.V57M	936.a3m	157.811
p.Q174R	937.a3m	157.763
p.V66I	938.a3m	162.224
p.V113E	939.a3m	156.033
p.C23S	93.a3m	167.713
p.Q172L	940.a3m	165.36
p.N151T	941.a3m	166.227
p.L105Q	942.a3m	161.126
p.S110T	943.a3m	150.266
p.E135A	944.a3m	152.305
p.E126Q	945.a3m	162.786
p.K160STOP	946.a3m	116.674
p.N109I	947.a3m	158.972
p.C116R	948.a3m	175.477
p.G85C	949.a3m	169.506
p.D165Y	94.a3m	156.147
p.S68F	950.a3m	166.494
p.Q8H	951.a3m	163.432
p.H74R	952.a3m	152.7
p.A148S	953.a3m	163.328
p.Y168D	954.a3m	170.65
p.T125A	955.a3m	165.729
p.E99K	956.a3m	157.002
p.D27E	957.a3m	175.921
p.N152S	958.a3m	162.567
p.E45V	959.a3m	152.853
p.K5N	95.a3m	161.202
p.N51T	960.a3m	179.632
p.K162E	961.a3m	159.527
p.Q33K	962.a3m	160.105
p.N41K	963.a3m	162.359
p.R43L	964.a3m	158.7
p.S176I	965.a3m	165.667
p.T175A	966.a3m	173.041
p.L29Q	967.a3m	153.691
p.I36F	968.a3m	169.745
p.L42M	969.a3m	157.935
p.L106Q	96.a3m	160.133
p.H34R	970.a3m	166.142
p.S102C	971.a3m	169.764
p.C79R	972.a3m	157.535
p.R124S	973.a3m	155.003
p.T97P	974.a3m	162.86
p.S24T	975.a3m	150.945
p.S68A	976.a3m	164.036
p.E112STOP	977.a3m	64.2022
p.F111C	978.a3m	173.641
p.R50STOP	979.a3m	65.5752
p.E139K	97.a3m	164.083
p.G134E	980.a3m	177.941
p.C17R	981.a3m	175.163
p.N109K	982.a3m	159.762
p.K146T	983.a3m	156.059
p.G86S	984.a3m	152.169
p.T72I	985.a3m	161.251
p.G120E	986.a3m	163.19
p.STOP183E	987.a3m	167.771
p.E180Q	988.a3m	159.697
p.Q158H	989.a3m	160.746
p.H34Y	98.a3m	173.626
p.N152T	990.a3m	158.263
p.M1K	991.a3m	167.121
p.M87T	992.a3m	153.639
p.N88K	993.a3m	155.007
p.H20L	994.a3m	165.817
p.N151H	995.a3m	150.72
p.S56G	996.a3m	167.978
p.D69Y	997.a3m	155.312
p.M10T	998.a3m	174.381
p.E126K	999.a3m	170.86
p.P64L	99.a3m	176.758
p.E135Q	9.a3m	167.473
