p.G286STOP	0.a3m	187.974
p.H139L	1000.a3m	305.644
p.A314P	1001.a3m	332.065
p.E300G	1002.a3m	291.348
p.M94T	1003.a3m	293.196
p.E185D	1004.a3m	298.741
p.H326D	1005.a3m	294.963
p.R170S	1006.a3m	310.409
p.L155I	1007.a3m	294.753
p.Q105STOP	1008.a3m	119.204
p.L225R	1009.a3m	317.455
p.V58L	100.a3m	278.39
p.H341P	1010.a3m	310.693
p.I11M	1011.a3m	302.746
p.L260P	1012.a3m	276.601
p.G321A	1013.a3m	290.6
p.E319A	1014.a3m	295.012
p.S88T	1015.a3m	281.174
p.H76D	1016.a3m	283.566
p.N272H	1017.a3m	291.649
p.D354G	1018.a3m	327.061
p.V134M	1019.a3m	334.217
p.N272Y	101.a3m	325.856
p.T217R	1020.a3m	293.096
p.A122G	1021.a3m	299.411
p.R303P	1022.a3m	295.295
p.S56T	1023.a3m	311.09
p.L4STOP	1024.a3m	8.95518
p.S222R	1025.a3m	295.779
p.F231V	1026.a3m	292.057
p.S55T	1027.a3m	292.332
p.H140L	1028.a3m	334.502
p.T192N	1029.a3m	298.8
p.P183A	102.a3m	300.662
p.P138L	1030.a3m	296.011
p.V118D	1031.a3m	306
p.K281T	1032.a3m	286.048
p.M301R	1033.a3m	286.294
p.P48L	1034.a3m	327.982
p.T172S	1035.a3m	289.059
p.N229S	1036.a3m	290.827
p.T111I	1037.a3m	332.283
p.S88P	1038.a3m	311.449
p.C203STOP	1039.a3m	173.159
p.K282STOP	103.a3m	188.764
p.P320S	1040.a3m	282.716
p.Q126K	1041.a3m	295.502
p.P151S	1042.a3m	282.47
p.T116A	1043.a3m	311.309
p.P151H	1044.a3m	309.388
p.R26STOP	1045.a3m	28.3769
p.E304G	1046.a3m	290.961
p.P256H	1047.a3m	320.954
p.D9E	1048.a3m	288.392
p.T111K	1049.a3m	309.701
p.I293S	104.a3m	312.629
p.P43Q	1050.a3m	300.241
p.A316T	1051.a3m	289.88
p.A325G	1052.a3m	300.179
p.Q13L	1053.a3m	306.432
p.V179L	1054.a3m	271.725
p.D220A	1055.a3m	285.917
p.P262R	1056.a3m	306.071
p.I216L	1057.a3m	276.537
p.G115R	1058.a3m	271.663
p.A120P	1059.a3m	312.051
p.G317V	105.a3m	288.099
p.P283L	1060.a3m	325.432
p.K100E	1061.a3m	290.998
p.S188C	1062.a3m	295.743
p.R71P	1063.a3m	298.491
p.T265N	1064.a3m	319.004
p.A45P	1065.a3m	329.193
p.A268V	1066.a3m	293.779
p.K252M	1067.a3m	307.359
p.D285N	1068.a3m	332.543
p.E232K	1069.a3m	308.252
p.V235A	106.a3m	291.72
p.S327F	1070.a3m	294.717
p.K93E	1071.a3m	333.693
p.L309M	1072.a3m	295.117
p.P270T	1073.a3m	309.647
p.P25T	1074.a3m	307.502
p.M345V	1075.a3m	337.636
p.H257R	1076.a3m	278.232
p.F302V	1077.a3m	297.202
p.C102Y	1078.a3m	274.557
p.P351H	1079.a3m	291.053
p.E247K	107.a3m	334.134
p.D145A	1080.a3m	292.948
p.S57C	1081.a3m	275.883
p.T191S	1082.a3m	335.17
p.K347N	1083.a3m	306.167
p.A40T	1084.a3m	282.575
p.P32H	1085.a3m	317.369
p.E182V	1086.a3m	296.637
p.T111A	1087.a3m	323.761
p.E165K	1088.a3m	285.82
p.D3H	1089.a3m	297.793
p.T273N	108.a3m	319.178
p.L91I	1090.a3m	313.843
p.L162STOP	1091.a3m	186.138
p.G321E	1092.a3m	290.336
p.P36A	1093.a3m	328.487
p.E159V	1094.a3m	295.547
p.P277H	1095.a3m	348.983
p.L250V	1096.a3m	288.74
p.D109H	1097.a3m	305.671
p.K252E	1098.a3m	299.892
p.M204R	1099.a3m	284.842
p.R163C	109.a3m	303.671
p.N229D	10.a3m	300.461
p.D147V	1100.a3m	321.187
p.E259D	1101.a3m	295.864
p.C143F	1102.a3m	272.931
p.A314V	1103.a3m	314.559
p.R298H	1104.a3m	287.139
p.T84S	1105.a3m	295.384
p.D313H	1106.a3m	312.387
p.R296H	1107.a3m	288.403
p.P184H	1108.a3m	296.809
p.P59L	1109.a3m	282.139
p.R71S	110.a3m	299.865
p.R174Q	1110.a3m	307.313
p.Y197H	1111.a3m	301.784
p.Q61STOP	1112.a3m	91.3572
p.R136H	1113.a3m	289.615
p.E232D	1114.a3m	268.817
p.E17V	1115.a3m	287.561
p.E219D	1116.a3m	304.796
p.S176N	1117.a3m	280.429
p.D2G	1118.a3m	282.732
p.R303STOP	1119.a3m	246.381
p.I215M	111.a3m	279.279
p.A39S	1120.a3m	283.197
p.Y87D	1121.a3m	310.273
p.S353T	1122.a3m	336.236
p.N161S	1123.a3m	351.143
p.V58D	1124.a3m	301.446
p.W107S	1125.a3m	339.235
p.E219G	1126.a3m	309.487
p.P21Q	1127.a3m	310.377
p.F231C	1128.a3m	287.335
p.S222T	1129.a3m	300.519
p.A99S	112.a3m	314.202
p.P152T	1130.a3m	323.771
p.K81R	1131.a3m	297.578
p.F15L	1132.a3m	294.462
p.H329P	1133.a3m	296.683
p.S56P	1134.a3m	319.789
p.H154N	1135.a3m	295.921
p.P114T	1136.a3m	303.487
p.P184T	1137.a3m	341.651
p.G254A	1138.a3m	281.5
p.Q128H	1139.a3m	282.83
p.S276C	113.a3m	310.717
p.R303G	1140.a3m	303.231
p.N196K	1141.a3m	322.755
p.A80P	1142.a3m	322.346
p.G322W	1143.a3m	310.05
p.S230I	1144.a3m	328.782
p.H140N	1145.a3m	318.555
p.R241G	1146.a3m	309.881
p.T338I	1147.a3m	335.756
p.T217I	1148.a3m	331.74
p.I193F	1149.a3m	281.452
p.P283Q	114.a3m	273.321
p.S353A	1150.a3m	285.567
p.S88C	1151.a3m	300.776
p.S146I	1152.a3m	296.768
p.G335D	1153.a3m	304.229
p.R267Q	1154.a3m	297.995
p.N200H	1155.a3m	310.217
p.M198V	1156.a3m	290.504
p.I156N	1157.a3m	299.623
p.P114S	1158.a3m	318.553
p.K342I	1159.a3m	314.389
p.I123M	115.a3m	293.562
p.D147Y	1160.a3m	311.86
p.V235D	1161.a3m	295.07
p.E255STOP	1162.a3m	134.741
p.D313N	1163.a3m	303.619
p.L75F	1164.a3m	300.058
p.E287STOP	1165.a3m	213.546
p.M27R	1166.a3m	281.024
p.L162S	1167.a3m	303.758
p.A237G	1168.a3m	284.339
p.R251P	1169.a3m	301.447
p.I212F	116.a3m	296.952
p.G148D	1170.a3m	319.228
p.K343STOP	1171.a3m	291.954
p.E247STOP	1172.a3m	144.696
p.N229I	1173.a3m	304.052
p.P19S	1174.a3m	317.382
p.E132Q	1175.a3m	323.443
p.S82Y	1176.a3m	297.237
p.E182K	1177.a3m	285.709
p.R251H	1178.a3m	288.812
p.L149V	1179.a3m	297.922
p.E165A	117.a3m	317.333
p.F346S	1180.a3m	292.184
p.G240V	1181.a3m	310.699
p.D9Y	1182.a3m	303.821
p.P103T	1183.a3m	294.298
p.R267STOP	1184.a3m	170.037
p.P112H	1185.a3m	318.976
p.P43R	1186.a3m	308.756
p.R135M	1187.a3m	304.155
p.C102R	1188.a3m	320.326
p.N92Y	1189.a3m	300.602
p.Q105L	118.a3m	293.199
p.A80D	1190.a3m	277.312
p.G263E	1191.a3m	357.127
p.E259G	1192.a3m	310.601
p.P270L	1193.a3m	289.772
p.Y64F	1194.a3m	290.554
p.E159Q	1195.a3m	313.256
p.K312Q	1196.a3m	324.029
p.R234C	1197.a3m	322.232
p.A99P	1198.a3m	309.578
p.S221C	1199.a3m	301.287
p.R209G	119.a3m	303.601
p.N224T	11.a3m	296.143
p.D220N	1200.a3m	275.94
p.S276Y	1201.a3m	299.356
p.V133I	1202.a3m	308.132
p.R142S	1203.a3m	285.666
p.G66D	1204.a3m	291.054
p.N272S	1205.a3m	319.451
p.G223R	1206.a3m	296.465
p.R119S	1207.a3m	291.118
p.I215S	1208.a3m	305.06
p.Q292STOP	1209.a3m	239.784
p.G322E	120.a3m	296.377
p.N196D	1210.a3m	301.442
p.F231L	1211.a3m	292.482
p.A120G	1212.a3m	296.732
p.P25A	1213.a3m	288.094
p.L225P	1214.a3m	306.779
p.S127P	1215.a3m	301.758
p.E12Q	1216.a3m	289.754
p.T84N	1217.a3m	293.544
p.G295E	1218.a3m	291.825
p.L344R	1219.a3m	290.917
p.I293T	121.a3m	302.284
p.R117C	1220.a3m	300.951
p.N306H	1221.a3m	301.134
p.R234L	1222.a3m	285.41
p.C102G	1223.a3m	301.286
p.N196H	1224.a3m	291.204
p.E141D	1225.a3m	296.16
p.P48T	1226.a3m	339.309
p.S110P	1227.a3m	304.473
p.N271Y	1228.a3m	289.114
p.G295W	1229.a3m	298.799
p.G66C	122.a3m	284.834
p.A31P	1230.a3m	281.127
p.P261R	1231.a3m	319.049
p.N229Y	1232.a3m	324.759
p.P89R	1233.a3m	300.908
p.E246D	1234.a3m	300.263
p.E232Q	1235.a3m	303.952
p.N171D	1236.a3m	276.618
p.Y68H	1237.a3m	282.686
p.A44V	1238.a3m	298.917
p.V179G	1239.a3m	291.036
p.P41A	123.a3m	294.198
p.E255Q	1240.a3m	312.94
p.T63S	1241.a3m	289.449
p.L250R	1242.a3m	307.534
p.P256L	1243.a3m	325.279
p.P113A	1244.a3m	288.679
p.I216M	1245.a3m	303.678
p.M198R	1246.a3m	312.698
p.L167F	1247.a3m	305.833
p.A49P	1248.a3m	285.041
p.D18V	1249.a3m	295.633
p.N161H	124.a3m	299.359
p.D147H	1250.a3m	304.75
p.Y197STOP	1251.a3m	180.099
p.L226P	1252.a3m	298.694
p.C143STOP	1253.a3m	148.309
p.G160E	1254.a3m	295.641
p.R294G	1255.a3m	306.684
p.P46T	1256.a3m	296.357
p.S339F	1257.a3m	266.636
p.E287A	1258.a3m	298.549
p.D109Y	1259.a3m	297.208
p.N224I	125.a3m	304.819
p.D352E	1260.a3m	281.733
p.T348P	1261.a3m	302.875
p.H76P	1262.a3m	302.796
p.Q336K	1263.a3m	332.921
p.L330R	1264.a3m	295.528
p.W52L	1265.a3m	307.853
p.P211L	1266.a3m	302.39
p.G20D	1267.a3m	304.518
p.L91V	1268.a3m	302.661
p.G69V	1269.a3m	309.454
p.R294P	126.a3m	293.54
p.S339A	1270.a3m	299.17
p.Q315E	1271.a3m	300.06
p.E304D	1272.a3m	281.097
p.A24S	1273.a3m	289.616
p.M130L	1274.a3m	277.75
p.T217S	1275.a3m	315.734
p.P113L	1276.a3m	287.658
p.K331STOP	1277.a3m	243.199
p.E246Q	1278.a3m	299.729
p.P25R	1279.a3m	317.506
p.S55P	127.a3m	334.531
p.G187S	1280.a3m	327.697
p.E23D	1281.a3m	320.691
p.C102S	1282.a3m	316.644
p.T217P	1283.a3m	291.916
p.R119P	1284.a3m	257.296
p.L155H	1285.a3m	304.457
p.S56F	1286.a3m	308.102
p.A45S	1287.a3m	295.951
p.L91R	1288.a3m	308.143
p.T86M	1289.a3m	325.221
p.P112R	128.a3m	308.316
p.L213R	1290.a3m	281.339
p.R241S	1291.a3m	295.158
p.S201G	1292.a3m	288.641
p.N249K	1293.a3m	298.176
p.Y64N	1294.a3m	315.51
p.G205A	1295.a3m	276.202
p.R210M	1296.a3m	296.909
p.G335S	1297.a3m	278.269
p.Y197N	1298.a3m	306.358
p.G205V	1299.a3m	303.013
p.V133L	129.a3m	324.633
p.F74C	12.a3m	311.33
p.K266Q	1300.a3m	286.07
p.D109A	1301.a3m	283.474
p.S274G	1302.a3m	312.063
p.P180H	1303.a3m	290.273
p.D22H	1304.a3m	322.912
p.A45V	1305.a3m	308.522
p.D2V	1306.a3m	292.61
p.S327Y	1307.a3m	301.154
p.K318E	1308.a3m	304.817
p.T79I	1309.a3m	280.429
p.H194L	130.a3m	309.768
p.D169Y	1310.a3m	302.763
p.A122D	1311.a3m	316.194
p.K253Q	1312.a3m	311.779
p.R241I	1313.a3m	307.817
p.V34M	1314.a3m	306.269
p.G73D	1315.a3m	283.213
p.P151R	1316.a3m	305.38
p.H129P	1317.a3m	288.952
p.T191P	1318.a3m	283.688
p.W14L	1319.a3m	305.426
p.K125N	131.a3m	277.827
p.H154P	1320.a3m	314.712
p.Q315R	1321.a3m	304.104
p.M207K	1322.a3m	306.926
p.H175L	1323.a3m	290.919
p.D352V	1324.a3m	296.91
p.S188P	1325.a3m	304.755
p.C137STOP	1326.a3m	165.13
p.D10E	1327.a3m	290.069
p.A314T	1328.a3m	277.149
p.R163S	1329.a3m	297.466
p.A237S	132.a3m	307.516
p.S60Y	1330.a3m	298.558
p.F74Y	1331.a3m	294.853
p.A44E	1332.a3m	294.434
p.H257D	1333.a3m	312.087
p.V134A	1334.a3m	307.503
p.L72Q	1335.a3m	322.052
p.A39P	1336.a3m	297.632
p.Q61P	1337.a3m	292.09
p.E17K	1338.a3m	301.688
p.P103H	1339.a3m	277.972
p.A325V	133.a3m	298.578
p.V108D	1340.a3m	306.24
p.I216V	1341.a3m	301.157
p.K347T	1342.a3m	329.145
p.S337F	1343.a3m	285.103
p.M1T	1344.a3m	294.967
p.W52G	1345.a3m	300.533
p.S222N	1346.a3m	298.483
p.R157L	1347.a3m	298.034
p.S67R	1348.a3m	291.786
p.L106P	1349.a3m	279.774
p.A150P	134.a3m	306.028
p.R340P	1350.a3m	291.791
p.D168E	1351.a3m	299.196
p.F346V	1352.a3m	288.838
p.L149P	1353.a3m	301.388
p.S264T	1354.a3m	316.992
p.E185G	1355.a3m	291.519
p.N161I	1356.a3m	294.666
p.A268S	1357.a3m	284.56
p.H326Y	1358.a3m	321.422
p.R119H	1359.a3m	294.658
p.E248STOP	135.a3m	133.377
p.A316G	1360.a3m	291.752
p.R298G	1361.a3m	327.427
p.A39E	1362.a3m	271.009
p.E255K	1363.a3m	292.522
p.V118G	1364.a3m	302.435
p.P351R	1365.a3m	274.466
p.Y124D	1366.a3m	310.614
p.R26G	1367.a3m	312.977
p.P59H	1368.a3m	291.833
p.P279R	1369.a3m	325.576
p.I123L	136.a3m	293.064
p.Q336R	1370.a3m	307.186
p.R298L	1371.a3m	305.627
p.L311H	1372.a3m	287.204
p.P36S	1373.a3m	347.443
p.G317A	1374.a3m	298.779
p.R26S	1375.a3m	300.406
p.R136P	1376.a3m	315.773
p.T86R	1377.a3m	290.754
p.S222G	1378.a3m	302.971
p.A314S	1379.a3m	278.836
p.V233A	137.a3m	307.658
p.T191I	1380.a3m	286.889
p.D285H	1381.a3m	318.188
p.C190W	1382.a3m	291.502
p.N249T	1383.a3m	328.09
p.P279A	1384.a3m	312.624
p.C143W	1385.a3m	311.266
p.T191A	1386.a3m	269.258
p.R174L	1387.a3m	317.659
p.S275C	1388.a3m	312.219
p.M204I	1389.a3m	303.18
p.S339P	138.a3m	310.302
p.K318N	1390.a3m	318.266
p.M27T	1391.a3m	278.144
p.E349K	1392.a3m	299.814
p.G335R	1393.a3m	295.156
p.L250P	1394.a3m	286.224
p.S60C	1395.a3m	305.855
p.M207I	1396.a3m	290.294
p.A90V	1397.a3m	298.681
p.G223D	1398.a3m	304.9
p.W107L	1399.a3m	292.372
p.A308V	139.a3m	321.611
p.L167STOP	13.a3m	179.473
p.L291P	1400.a3m	316.153
p.Q128STOP	1401.a3m	151.713
p.E141V	1402.a3m	312.602
p.V178G	1403.a3m	339.436
p.P28R	1404.a3m	285.677
p.P277R	1405.a3m	286.18
p.F289V	1406.a3m	305.598
p.F70V	1407.a3m	292.228
p.K343I	1408.a3m	309.85
p.P114H	1409.a3m	318.592
p.I156V	140.a3m	286.5
p.P256S	1410.a3m	339.861
p.R294C	1411.a3m	302.066
p.G254V	1412.a3m	283.237
p.A268G	1413.a3m	287.07
p.T338A	1414.a3m	327.933
p.D189G	1415.a3m	316.082
p.K281R	1416.a3m	288.324
p.Q153K	1417.a3m	297.586
p.M207V	1418.a3m	305.254
p.Q97L	1419.a3m	314.779
p.L4V	141.a3m	299.644
p.G240A	1420.a3m	285.924
p.E232A	1421.a3m	294.239
p.K81STOP	1422.a3m	104.809
p.M1V	1423.a3m	306.986
p.P32T	1424.a3m	287.524
p.A49V	1425.a3m	297.318
p.H341Y	1426.a3m	309.444
p.S230R	1427.a3m	283.795
p.M130K	1428.a3m	311.788
p.H129D	1429.a3m	291.658
p.P46R	142.a3m	300.296
p.P351L	1430.a3m	310.409
p.K342Q	1431.a3m	298.236
p.T245P	1432.a3m	314.264
p.H258P	1433.a3m	284.846
p.G115C	1434.a3m	311.073
p.K100M	1435.a3m	311.649
p.E297D	1436.a3m	285.252
p.S67N	1437.a3m	288.488
p.Q65K	1438.a3m	320.655
p.S323R	1439.a3m	297.875
p.P41R	143.a3m	291.072
p.V158E	1440.a3m	302.879
p.L54P	1441.a3m	295.577
p.L291H	1442.a3m	303.315
p.K318Q	1443.a3m	320.687
p.C203F	1444.a3m	295.718
p.D352A	1445.a3m	296.208
p.D145V	1446.a3m	312.567
p.T338P	1447.a3m	287.967
p.S146R	1448.a3m	282.19
p.E349G	1449.a3m	282.426
p.V134G	144.a3m	294.652
p.G206R	1450.a3m	338.865
p.Q336P	1451.a3m	324.173
p.A120T	1452.a3m	303.328
p.P262Q	1453.a3m	299.309
p.A308S	1454.a3m	289.758
p.E185STOP	1455.a3m	197.606
p.Q292L	1456.a3m	295.492
p.T172A	1457.a3m	279.973
p.H258N	1458.a3m	282.587
p.Q61R	1459.a3m	283.806
p.C190R	145.a3m	281.238
p.P211H	1460.a3m	294.652
p.I215T	1461.a3m	305.608
p.Y166D	1462.a3m	295.044
p.I193S	1463.a3m	312.569
p.V134E	1464.a3m	286.327
p.H129N	1465.a3m	289.153
p.S188Y	1466.a3m	310.914
p.D313Y	1467.a3m	306.465
p.A314D	1468.a3m	283.601
p.A49G	1469.a3m	332.033
p.E132D	146.a3m	300.96
p.C102STOP	1470.a3m	118.03
p.N271I	1471.a3m	307.958
p.L6P	1472.a3m	297.094
p.G205D	1473.a3m	298.593
p.E248K	1474.a3m	285.4
p.D18E	1475.a3m	316.611
p.N171T	1476.a3m	279.394
p.S7P	1477.a3m	323.161
p.S57P	1478.a3m	296.96
p.F95Y	1479.a3m	283.475
p.P277S	147.a3m	310.585
p.L309S	1480.a3m	299.156
p.Y195D	1481.a3m	300.334
p.K125E	1482.a3m	305.08
p.S221A	1483.a3m	300.628
p.M27V	1484.a3m	307.774
p.P38A	1485.a3m	308.477
p.P43L	1486.a3m	286.357
p.S176C	1487.a3m	297.22
p.D285V	1488.a3m	294.054
p.G240W	1489.a3m	299.276
p.I193V	148.a3m	317.766
p.N161T	1490.a3m	300.662
p.T63A	1491.a3m	294.801
p.G20S	1492.a3m	289.852
p.S51F	1493.a3m	295.067
p.A99G	1494.a3m	280.757
p.D242V	1495.a3m	285.453
p.V233L	1496.a3m	288.865
p.D145N	1497.a3m	311.997
p.R209P	1498.a3m	286.512
p.A31D	1499.a3m	330.905
p.P33R	149.a3m	276.96
p.E17D	14.a3m	303.9
p.D147E	1500.a3m	308.988
p.A150T	1501.a3m	296.614
p.K312R	1502.a3m	289.954
p.A90D	1503.a3m	298.598
p.W52S	1504.a3m	307.432
p.G20V	1505.a3m	286.626
p.G240E	1506.a3m	297.366
p.C190G	1507.a3m	306.753
p.D352G	1508.a3m	332.669
p.S328G	1509.a3m	285.546
p.V133A	150.a3m	303.486
p.P8R	1510.a3m	298.727
p.D10Y	1511.a3m	300.848
p.A308G	1512.a3m	289.364
p.P21L	1513.a3m	310.712
p.R210S	1514.a3m	317.637
p.K334T	1515.a3m	297.956
p.K331N	1516.a3m	301.972
p.V158L	1517.a3m	317.891
p.K266N	1518.a3m	296.222
p.V108I	1519.a3m	304.371
p.A30T	151.a3m	290.83
p.S353L	1520.a3m	287.2
p.T245R	1521.a3m	306.189
p.K318M	1522.a3m	283.885
p.R234P	1523.a3m	312.299
p.R241K	1524.a3m	295.169
p.P112T	1525.a3m	304.901
p.S7A	1526.a3m	290.58
p.D168G	1527.a3m	308.268
p.D109G	1528.a3m	288.319
p.K333Q	1529.a3m	306.329
p.A35G	152.a3m	286.898
p.E319K	1530.a3m	327.391
p.L260R	1531.a3m	301.224
p.R174STOP	1532.a3m	204.261
p.E165V	1533.a3m	292.896
p.H329N	1534.a3m	272.875
p.L269V	1535.a3m	300.254
p.P151T	1536.a3m	311.799
p.Q278E	1537.a3m	311.678
p.A47P	1538.a3m	293.402
p.A35S	1539.a3m	309.705
p.D10H	153.a3m	288.283
p.Y166S	1540.a3m	296.6
p.D168H	1541.a3m	299.558
p.V233E	1542.a3m	320.737
p.V158M	1543.a3m	329.498
p.L305M	1544.a3m	346.933
p.Y166C	1545.a3m	299.633
p.T192A	1546.a3m	309.743
p.P32L	1547.a3m	292.656
p.I123V	1548.a3m	287.797
p.E17STOP	1549.a3m	16.1053
p.M345R	154.a3m	291.857
p.R170G	1550.a3m	300.726
p.S327T	1551.a3m	282.898
p.A325D	1552.a3m	327.693
p.K333E	1553.a3m	309.782
p.P138A	1554.a3m	331.413
p.K62Q	1555.a3m	294.624
p.M1R	1556.a3m	308.066
p.R163P	1557.a3m	314.401
p.P112S	1558.a3m	301.739
p.H257L	1559.a3m	305.087
p.STOP355W	155.a3m	314.813
p.A80V	1560.a3m	306.157
p.L213F	1561.a3m	295.115
p.E307D	1562.a3m	284.528
p.L213V	1563.a3m	298.155
p.R244P	1564.a3m	301.931
p.H194R	1565.a3m	316.415
p.H194Q	1566.a3m	295.034
p.H326P	1567.a3m	285.911
p.G350W	1568.a3m	336.645
p.C199R	1569.a3m	340.325
p.L4W	156.a3m	281.037
p.G78R	1570.a3m	331.455
p.S82C	1571.a3m	288.871
p.N92S	1572.a3m	283.675
p.L167W	1573.a3m	293.393
p.F95V	1574.a3m	301.327
p.V177M	1575.a3m	304.868
p.L155F	1576.a3m	284.347
p.A39T	1577.a3m	294.813
p.Q128L	1578.a3m	307.565
p.E159D	1579.a3m	313.174
p.G295V	157.a3m	299.566
p.H329D	1580.a3m	316.606
p.E23Q	1581.a3m	301.137
p.E349STOP	1582.a3m	293.018
p.M130T	1583.a3m	324.342
p.P262S	1584.a3m	294.489
p.S201N	1585.a3m	305.824
p.K342T	1586.a3m	295.837
p.R119L	1587.a3m	275.33
p.S110C	1588.a3m	293.295
p.A40P	1589.a3m	275.135
p.S201C	158.a3m	288.92
p.M204K	1590.a3m	300.781
p.P113Q	1591.a3m	288.491
p.D169V	1592.a3m	304.585
p.Q97STOP	1593.a3m	121.886
p.L225V	1594.a3m	313.473
p.G263A	1595.a3m	275.15
p.R136C	1596.a3m	311.821
p.P43T	1597.a3m	344.245
p.S88F	1598.a3m	299.242
p.F74I	1599.a3m	276.38
p.E307STOP	159.a3m	211.569
p.L260M	15.a3m	301.305
p.R170I	1600.a3m	296.062
p.D22E	1601.a3m	303.02
p.N224S	1602.a3m	317.047
p.S146G	1603.a3m	303.608
p.A45T	1604.a3m	289.929
p.T265P	1605.a3m	317.878
p.S275Y	1606.a3m	293.054
p.L167S	1607.a3m	289.446
p.V58G	1608.a3m	312.652
p.R243W	1609.a3m	312.262
p.P138R	160.a3m	304.763
p.C236STOP	1610.a3m	141.144
p.Y87F	1611.a3m	298.71
p.Y124F	1612.a3m	308.201
p.S176G	1613.a3m	285.439
p.K333N	1614.a3m	291.775
p.Y64C	1615.a3m	295.67
p.F346L	1616.a3m	292.993
p.Y181C	1617.a3m	308.506
p.Q105E	1618.a3m	331.339
p.S323C	1619.a3m	302.989
p.D242E	161.a3m	279.031
p.S202C	1620.a3m	323.085
p.A122P	1621.a3m	281.168
p.Q315L	1622.a3m	299.991
p.L330Q	1623.a3m	289.278
p.R117L	1624.a3m	279.511
p.D147N	1625.a3m	285.897
p.S328T	1626.a3m	278.386
p.M27K	1627.a3m	272.97
p.M130V	1628.a3m	298.171
p.E319V	1629.a3m	324.341
p.L91F	162.a3m	301.094
p.K100STOP	1630.a3m	126.765
p.Q65E	1631.a3m	310.242
p.R324S	1632.a3m	278.581
p.T348R	1633.a3m	318.517
p.V133F	1634.a3m	316.688
p.P239H	1635.a3m	306.38
p.D9A	1636.a3m	291.684
p.Q153E	1637.a3m	288.246
p.M5R	1638.a3m	323.21
p.P184L	1639.a3m	308.203
p.P283R	163.a3m	302.968
p.A237V	1640.a3m	332.787
p.L225Q	1641.a3m	285.463
p.E182STOP	1642.a3m	209.15
p.H140R	1643.a3m	327.063
p.M5V	1644.a3m	307.897
p.E29V	1645.a3m	293.101
p.T79R	1646.a3m	298.742
p.P21A	1647.a3m	297.214
p.S144P	1648.a3m	296.336
p.K347R	1649.a3m	298.348
p.P183R	164.a3m	312.722
p.N161D	1650.a3m	283.427
p.D109E	1651.a3m	282.197
p.D352N	1652.a3m	278.678
p.E247V	1653.a3m	304.844
p.F74L	1654.a3m	279.496
p.R174P	1655.a3m	289.189
p.G115D	1656.a3m	279.867
p.I216S	1657.a3m	301.243
p.D22A	1658.a3m	319.005
p.K334STOP	1659.a3m	252.591
p.P183T	165.a3m	280.615
p.S222I	1660.a3m	305.608
p.S332Y	1661.a3m	279.114
p.C96S	1662.a3m	303.556
p.H154Q	1663.a3m	329.783
p.D145Y	1664.a3m	295.651
p.G223C	1665.a3m	274.489
p.S264N	1666.a3m	312.27
p.P184A	1667.a3m	296.733
p.A99T	1668.a3m	307.341
p.K318STOP	1669.a3m	230.786
p.Y181N	166.a3m	294.785
p.Q97K	1670.a3m	301.747
p.K347STOP	1671.a3m	281.188
p.S221Y	1672.a3m	320.809
p.S51T	1673.a3m	299.822
p.D352Y	1674.a3m	312.798
p.C85G	1675.a3m	310.198
p.S201T	1676.a3m	281.269
p.S274C	1677.a3m	309.309
p.N161Y	1678.a3m	291.5
p.P28Q	1679.a3m	295.185
p.G160R	167.a3m	312.496
p.A314G	1680.a3m	305.699
p.D22V	1681.a3m	301.317
p.C238F	1682.a3m	297.552
p.P103S	1683.a3m	285.122
p.G227STOP	1684.a3m	164.364
p.R71H	1685.a3m	314.702
p.Q97P	1686.a3m	302.606
p.H326N	1687.a3m	298.843
p.N208S	1688.a3m	292.575
p.S67C	1689.a3m	273.096
p.L6M	168.a3m	311.556
p.P211T	1690.a3m	304.108
p.E141K	1691.a3m	325.448
p.S82T	1692.a3m	319.96
p.T265S	1693.a3m	299.7
p.E182Q	1694.a3m	289.964
p.E246G	1695.a3m	302.132
p.Y197F	1696.a3m	303.558
p.H258L	1697.a3m	311.158
p.A325P	1698.a3m	287.403
p.Q65STOP	1699.a3m	92.8025
p.I193L	169.a3m	326.169
p.K253N	16.a3m	315.518
p.C236Y	1700.a3m	306.263
p.T16I	1701.a3m	306.892
p.S56C	1702.a3m	297.844
p.C199STOP	1703.a3m	173.48
p.A37P	1704.a3m	308.372
p.R174G	1705.a3m	300.178
p.R294L	1706.a3m	306.912
p.L72V	1707.a3m	298.087
p.F70C	1708.a3m	309.115
p.T111S	1709.a3m	264.213
p.S339C	170.a3m	291.092
p.L106R	1710.a3m	299.107
p.A120D	1711.a3m	324.654
p.E165D	1712.a3m	310.325
p.T290I	1713.a3m	288.983
p.L269P	1714.a3m	316.427
p.T214N	1715.a3m	285.943
p.A99D	1716.a3m	305.492
p.C96R	1717.a3m	325.783
p.E300STOP	1718.a3m	237.019
p.E248Q	1719.a3m	292.264
p.P261L	171.a3m	286.885
p.E219Q	1720.a3m	343.662
p.C85W	1721.a3m	309.33
p.P211A	1722.a3m	302.506
p.V186D	1723.a3m	306.656
p.H76Y	1724.a3m	316.453
p.W52STOP	1725.a3m	53.4563
p.T101P	1726.a3m	323.102
p.K280N	1727.a3m	306.088
p.R163G	1728.a3m	304.806
p.D18Y	1729.a3m	313.808
p.Q65H	172.a3m	317.257
p.F173Y	1730.a3m	285.07
p.R296L	1731.a3m	289.52
p.S337Y	1732.a3m	321.813
p.I293F	1733.a3m	290.44
p.K253R	1734.a3m	294.252
p.I212T	1735.a3m	295.317
p.V104E	1736.a3m	302.964
p.Q97H	1737.a3m	293.391
p.F299C	1738.a3m	300.975
p.S82F	1739.a3m	291.197
p.C238R	173.a3m	326.934
p.M5K	1740.a3m	305.96
p.R251L	1741.a3m	286.983
p.D220E	1742.a3m	298.544
p.F15I	1743.a3m	278.026
p.E165G	1744.a3m	286.55
p.R26T	1745.a3m	304.786
p.T16A	1746.a3m	288.98
p.P152S	1747.a3m	289.094
p.V235F	1748.a3m	314.144
p.L344I	1749.a3m	314.613
p.R142P	174.a3m	307.335
p.P25S	1750.a3m	282.088
p.P28A	1751.a3m	313.74
p.Q128E	1752.a3m	295.316
p.K100N	1753.a3m	290.732
p.G321V	1754.a3m	296.523
p.R157P	1755.a3m	279.622
p.P41S	1756.a3m	330.53
p.N249Y	1757.a3m	314.127
p.L260V	1758.a3m	298.181
p.C199G	1759.a3m	304.784
p.L106Q	175.a3m	335.678
p.D189Y	1760.a3m	283.926
p.L98R	1761.a3m	331.041
p.W14C	1762.a3m	296.039
p.F289Y	1763.a3m	275.539
p.N171H	1764.a3m	282.806
p.D354N	1765.a3m	319.418
p.P279T	1766.a3m	293.79
p.L149Q	1767.a3m	280.799
p.C199W	1768.a3m	322.377
p.E185A	1769.a3m	310.946
p.D18A	176.a3m	313.219
p.A90S	1770.a3m	318.093
p.E349D	1771.a3m	321.991
p.G335C	1772.a3m	280.828
p.F231I	1773.a3m	306.678
p.R163H	1774.a3m	297.437
p.V118F	1775.a3m	291.876
p.S202A	1776.a3m	297.279
p.N271H	1777.a3m	308.098
p.N306D	1778.a3m	281.989
p.M204T	1779.a3m	296.171
p.M345T	177.a3m	304.416
p.D354V	1780.a3m	293.39
p.T79A	1781.a3m	288.612
p.P28T	1782.a3m	284.456
p.K280T	1783.a3m	290.343
p.I123S	1784.a3m	295.156
p.G205S	1785.a3m	304.27
p.P50R	1786.a3m	306.826
p.T273P	1787.a3m	287.508
p.I123N	1788.a3m	282.349
p.K253T	1789.a3m	268.435
p.S230T	178.a3m	307.129
p.S327C	1790.a3m	303.722
p.Y124N	1791.a3m	302.36
p.W14STOP	1792.a3m	12.3013
p.S323N	1793.a3m	285.321
p.L305Q	1794.a3m	330.428
p.F231S	1795.a3m	306.285
p.K253E	1796.a3m	281.156
p.K312M	1797.a3m	297.494
p.E23STOP	1798.a3m	20.9527
p.S127STOP	1799.a3m	145.42
p.K81Q	179.a3m	321.975
p.L75S	17.a3m	307.784
p.L6R	1800.a3m	294.862
p.A30G	1801.a3m	297.138
p.P152L	1802.a3m	292.349
p.N272K	1803.a3m	288.609
p.I11N	1804.a3m	284.501
p.K334M	1805.a3m	297.025
p.H129Q	1806.a3m	289.716
p.K312T	1807.a3m	290.459
p.S88A	1808.a3m	322.226
p.D313A	1809.a3m	296.184
p.L54M	180.a3m	291.332
p.V58F	1810.a3m	282.364
p.N208T	1811.a3m	272.797
p.T245A	1812.a3m	302.322
p.W107R	1813.a3m	306.239
p.E23K	1814.a3m	313.751
p.F289C	1815.a3m	283.892
p.A30V	1816.a3m	283.062
p.Y166N	1817.a3m	297.694
p.V164L	1818.a3m	289.342
p.A35T	1819.a3m	312.943
p.L6Q	181.a3m	302.486
p.P239R	1820.a3m	339.401
p.H257Y	1821.a3m	289.213
p.N272I	1822.a3m	288.265
p.E132STOP	1823.a3m	149.218
p.A268E	1824.a3m	307.409
p.D9G	1825.a3m	343.887
p.R324T	1826.a3m	306.868
p.Y68C	1827.a3m	303.614
p.G69R	1828.a3m	287.284
p.L291R	1829.a3m	293.506
p.F15C	182.a3m	293.564
p.T245I	1830.a3m	296.8
p.L218P	1831.a3m	305.512
p.S110T	1832.a3m	311.441
p.E23V	1833.a3m	286.27
p.P59T	1834.a3m	298.877
p.V133G	1835.a3m	291.226
p.Q315P	1836.a3m	294.018
p.G187A	1837.a3m	303.132
p.P50H	1838.a3m	310.713
p.S276T	1839.a3m	301.827
p.E319D	183.a3m	302.234
p.P112A	1840.a3m	295.683
p.P59A	1841.a3m	318.632
p.K282I	1842.a3m	297.571
p.L54R	1843.a3m	290.761
p.I215V	1844.a3m	303.436
p.S202Y	1845.a3m	306.17
p.P180T	1846.a3m	278.822
p.D3Y	1847.a3m	318.061
p.S56Y	1848.a3m	314.596
p.Q128K	1849.a3m	284.984
p.G240R	184.a3m	287.137
p.E246A	1850.a3m	310.833
p.K331M	1851.a3m	301.874
p.L250F	1852.a3m	286.717
p.Y181STOP	1853.a3m	200.074
p.L291F	1854.a3m	334.661
p.P33L	1855.a3m	308.648
p.N249H	1856.a3m	303.971
p.S56A	1857.a3m	294.169
p.K282N	1858.a3m	293.664
p.V164E	1859.a3m	313.766
p.E132A	185.a3m	302.636
p.S7C	1860.a3m	297.241
p.A122V	1861.a3m	304.443
p.K343R	1862.a3m	279.774
p.H154L	1863.a3m	337.236
p.S51A	1864.a3m	304.022
p.G148A	1865.a3m	313.231
p.P103A	1866.a3m	288.076
p.C238Y	1867.a3m	306.549
p.P33A	1868.a3m	296.823
p.I156F	1869.a3m	289.233
p.STOP355R	186.a3m	289.823
p.F299V	1870.a3m	305.472
p.V133D	1871.a3m	306.689
p.S353P	1872.a3m	326.525
p.I212S	1873.a3m	287.847
p.W107C	1874.a3m	334.913
p.D169A	1875.a3m	311.473
p.P320A	1876.a3m	292.497
p.S176I	1877.a3m	285.088
p.K334Q	1878.a3m	291.09
p.E307G	1879.a3m	303.011
p.Q61H	187.a3m	291.215
p.L155R	1880.a3m	305.589
p.I215F	1881.a3m	283.404
p.A49S	1882.a3m	312.828
p.E310G	1883.a3m	304.924
p.E310D	1884.a3m	306.475
p.D354Y	1885.a3m	295.562
p.F173V	1886.a3m	284.984
p.T192P	1887.a3m	301.885
p.Q153P	1888.a3m	340.073
p.G73V	1889.a3m	321.589
p.V177L	188.a3m	302.664
p.E255A	1890.a3m	294.204
p.T172I	1891.a3m	331.306
p.L72P	1892.a3m	323.35
p.Q105R	1893.a3m	291.285
p.M207R	1894.a3m	308.367
p.H139Q	1895.a3m	319.909
p.R324G	1896.a3m	330.937
p.T290A	1897.a3m	284.7
p.P152R	1898.a3m	303.266
p.P48A	1899.a3m	280.333
p.S274I	189.a3m	299.258
p.N249I	18.a3m	301.367
p.E259A	1900.a3m	285.488
p.R228Q	1901.a3m	315.904
p.L305P	1902.a3m	317.13
p.T348I	1903.a3m	307.197
p.V186A	1904.a3m	293.672
p.M345L	1905.a3m	290.228
p.M121T	1906.a3m	310.38
p.R135W	1907.a3m	298.596
p.T116S	1908.a3m	301.407
p.P43A	1909.a3m	315.737
p.P50A	190.a3m	301.495
p.R340S	1910.a3m	291.253
p.S57F	1911.a3m	293.371
p.L91H	1912.a3m	331.707
p.P279S	1913.a3m	269.815
p.C102W	1914.a3m	271.987
p.M1K	1915.a3m	284.901
p.D354E	1916.a3m	300.444
p.R298C	1917.a3m	294.109
p.Q13STOP	1918.a3m	11.1662
p.D220Y	1919.a3m	304.496
p.E319Q	191.a3m	313.022
p.P59R	1920.a3m	304.439
p.G148V	1921.a3m	321.713
p.E159A	1922.a3m	302.329
p.A44T	1923.a3m	291.603
p.Y288C	1924.a3m	293.452
p.L218R	1925.a3m	314.558
p.M301L	1926.a3m	297.88
p.A80S	1927.a3m	304.93
p.S328I	1928.a3m	307.701
p.T79K	1929.a3m	298.262
p.L155P	192.a3m	327.668
p.T217A	1930.a3m	302.828
p.S337C	1931.a3m	312.85
p.D242G	1932.a3m	286.938
p.D2E	1933.a3m	290.297
p.C137R	1934.a3m	296.373
p.E255D	1935.a3m	297.628
p.K266T	1936.a3m	297.576
p.P262L	1937.a3m	285.398
p.E29D	1938.a3m	319.893
p.D313G	1939.a3m	273.18
p.M130R	193.a3m	314.86
p.L4M	1940.a3m	310.225
p.H326Q	1941.a3m	290.356
p.A30D	1942.a3m	287.538
p.S77A	1943.a3m	314.59
p.K62N	1944.a3m	333.079
p.R228G	1945.a3m	335.241
p.A49T	1946.a3m	304.992
p.H341L	1947.a3m	290.323
p.D352H	1948.a3m	281.653
p.E12STOP	1949.a3m	12.2088
p.P48R	194.a3m	302.698
p.A40S	1950.a3m	309.615
p.E310K	1951.a3m	314.815
p.A37V	1952.a3m	313.177
p.E12D	1953.a3m	309.723
p.A24T	1954.a3m	272.101
p.G254E	1955.a3m	289.65
p.V104A	1956.a3m	279.442
p.Y68S	1957.a3m	335.517
p.V104M	1958.a3m	302.587
p.K333R	1959.a3m	294.516
p.R142C	195.a3m	297.482
p.V178M	1960.a3m	291.171
p.K125R	1961.a3m	343.448
p.S275T	1962.a3m	293.653
p.R340G	1963.a3m	321.824
p.I293M	1964.a3m	295.078
p.R324K	1965.a3m	288.625
p.P256T	1966.a3m	290.811
p.C199S	1967.a3m	305.855
p.K282T	1968.a3m	322.525
p.F15V	1969.a3m	292.444
p.A308T	196.a3m	292.16
p.L344V	1970.a3m	318.17
p.L330V	1971.a3m	305.581
p.E29STOP	1972.a3m	37.0702
p.G223S	1973.a3m	296.826
p.P151L	1974.a3m	319.448
p.P261S	1975.a3m	299.016
p.S67I	1976.a3m	289.405
p.E297Q	1977.a3m	302.958
p.E349A	1978.a3m	277.954
p.I212N	1979.a3m	295.9
p.M198K	197.a3m	294.972
p.Q153STOP	1980.a3m	169.445
p.H154Y	1981.a3m	301.833
p.N271S	1982.a3m	294.246
p.I11L	1983.a3m	293.402
p.M301I	1984.a3m	292.73
p.K252R	1985.a3m	330.409
p.M204L	1986.a3m	301.659
p.Y68F	1987.a3m	284.407
p.Y87N	1988.a3m	286.857
p.L250I	1989.a3m	319.784
p.G286V	198.a3m	294.319
p.H194D	1990.a3m	289.891
p.C199F	1991.a3m	321.368
p.T84P	1992.a3m	303.388
p.S332A	1993.a3m	290.521
p.K100T	1994.a3m	274.989
p.P19Q	1995.a3m	281.717
p.M94I	1996.a3m	285.145
p.Q292K	1997.a3m	297.727
p.T84I	1998.a3m	296.256
p.R71G	1999.a3m	312.11
p.H139P	199.a3m	314.054
p.F95C	19.a3m	294.722
p.G115S	1.a3m	313.733
p.Y64D	2000.a3m	294.102
p.L311I	2001.a3m	309.423
p.C85R	2002.a3m	309.737
p.H326L	2003.a3m	296.132
p.S337P	2004.a3m	308.565
p.S230N	2005.a3m	321.135
p.Q105P	2006.a3m	274.578
p.S202P	2007.a3m	300.45
p.S144A	2008.a3m	296.231
p.G322A	2009.a3m	300.905
p.L106V	200.a3m	295.542
p.P277L	2010.a3m	281.595
p.P184R	2011.a3m	293.589
p.E246V	2012.a3m	303.537
p.F289S	2013.a3m	304.43
p.H76L	2014.a3m	288.158
p.T86A	2015.a3m	314.172
p.E319STOP	2016.a3m	215.322
p.F346C	2017.a3m	304.801
p.K342R	2018.a3m	305.646
p.D2N	2019.a3m	282.885
p.P28S	201.a3m	291.057
p.E304V	2020.a3m	301.255
p.G73C	2021.a3m	311.246
p.E307A	2022.a3m	290.198
p.H258Q	2023.a3m	305.966
p.L260Q	2024.a3m	310.726
p.C236S	2025.a3m	284.722
p.T86P	2026.a3m	308.338
p.P46H	2027.a3m	300.701
p.E247A	2028.a3m	300.519
p.A30S	2029.a3m	308.169
p.L250H	202.a3m	318.154
p.S144L	2030.a3m	301.393
p.M121L	2031.a3m	289.05
p.Y288N	2032.a3m	298.519
p.P112L	2033.a3m	274.175
p.K62E	2034.a3m	299.623
p.V235I	2035.a3m	306.144
p.E165STOP	2036.a3m	184.645
p.Q105H	2037.a3m	274.392
p.A150V	2038.a3m	293.195
p.M5I	2039.a3m	301.695
p.D3A	203.a3m	289.302
p.Q292H	2040.a3m	300.931
p.R209Q	2041.a3m	302.966
p.E185V	2042.a3m	292.093
p.C143S	2043.a3m	307.551
p.Y195F	2044.a3m	295.342
p.E307K	2045.a3m	293.71
p.K312N	2046.a3m	274.749
p.S55L	2047.a3m	307.835
p.F289L	2048.a3m	307.041
p.Y124S	2049.a3m	291.865
p.S328N	204.a3m	312.9
p.M207T	2050.a3m	294.603
p.G66R	2051.a3m	319.292
p.G187D	2052.a3m	295.002
p.H257N	2053.a3m	280.614
p.P53H	2054.a3m	285.63
p.H154D	2055.a3m	293.467
p.K282Q	2056.a3m	330.816
p.Q65R	2057.a3m	317.748
p.G335A	2058.a3m	288.08
p.H76R	2059.a3m	275.738
p.E12G	205.a3m	306.507
p.L162M	2060.a3m	292.265
p.W14S	2061.a3m	314.473
p.A122T	2062.a3m	329.065
p.R296G	2063.a3m	304.194
p.V118A	2064.a3m	305.156
p.T101S	2065.a3m	282.003
p.S77P	2066.a3m	295.174
p.A268T	2067.a3m	298.321
p.K343N	2068.a3m	290.719
p.K282R	2069.a3m	315.391
p.P351T	206.a3m	291.844
p.S274R	2070.a3m	288.281
p.S146T	2071.a3m	279.614
p.A90P	2072.a3m	285.136
p.D242A	2073.a3m	294.892
p.Y124STOP	2074.a3m	129.732
p.F302C	2075.a3m	296.388
p.D242Y	2076.a3m	341.401
p.S110F	2077.a3m	282.437
p.L344F	2078.a3m	306.33
p.P25L	2079.a3m	307.841
p.E247D	207.a3m	308.84
p.P183S	2080.a3m	305.771
p.S144STOP	2081.a3m	173.554
p.S275P	2082.a3m	319.391
p.R228L	2083.a3m	303.36
p.S77C	2084.a3m	295.959
p.STOP355L	2085.a3m	300.71
p.A35D	2086.a3m	298.677
p.T131S	2087.a3m	334.775
p.G160A	2088.a3m	297.302
p.H140P	2089.a3m	294.98
p.P8Q	208.a3m	297.807
p.A80T	2090.a3m	284.883
p.Q153H	2091.a3m	305.957
p.I215N	2092.a3m	282.444
p.T214A	2093.a3m	326.478
p.T192I	2094.a3m	291.101
p.A24P	2095.a3m	285.15
p.T86K	2096.a3m	289.624
p.E247Q	2097.a3m	344.604
p.K318T	2098.a3m	281.096
p.N229K	2099.a3m	305.815
p.G78V	209.a3m	291.07
p.N208H	20.a3m	334.407
p.M345K	2100.a3m	290.125
p.R244H	2101.a3m	326.817
p.C236G	2102.a3m	310.535
p.F173I	2103.a3m	300.893
p.E159STOP	2104.a3m	172.445
p.H341N	2105.a3m	310.058
p.F74S	2106.a3m	309.743
p.Q97E	2107.a3m	315.861
p.M94R	2108.a3m	300.054
p.S264R	2109.a3m	282.482
p.P261H	210.a3m	290.6
p.H175N	2110.a3m	314.54
p.N200I	2111.a3m	286.055
p.P50L	2112.a3m	320.936
p.K331T	2113.a3m	283.999
p.STOP355C	2114.a3m	311.123
p.E255G	2115.a3m	304.146
p.F299Y	2116.a3m	291.481
p.P53S	2117.a3m	301.266
p.S176R	2118.a3m	282.935
p.G78E	2119.a3m	324.411
p.M5T	211.a3m	343.329
p.D189E	2120.a3m	277.738
p.P50S	2121.a3m	317.605
p.E259Q	2122.a3m	289.136
p.Y197D	2123.a3m	307.908
p.F302L	2124.a3m	304.178
p.E182G	2125.a3m	287.556
p.G227R	2126.a3m	342.671
p.D313E	2127.a3m	298.625
p.I212M	2128.a3m	287.637
p.T16P	2129.a3m	336.321
p.D354H	212.a3m	283.144
p.G227A	2130.a3m	313.273
p.A47E	2131.a3m	353.883
p.M5L	2132.a3m	279.571
p.Q128P	2133.a3m	285.8
p.S188F	2134.a3m	299.516
p.S127A	2135.a3m	331.45
p.I216N	2136.a3m	279.123
p.S328R	2137.a3m	335.343
p.Q315K	2138.a3m	304.517
p.H129R	2139.a3m	299.288
p.S332F	213.a3m	298.467
p.E248G	2140.a3m	298.51
p.V177E	2141.a3m	291.302
p.G227V	2142.a3m	321.062
p.T172P	2143.a3m	307.224
p.N171K	2144.a3m	298.223
p.K93N	2145.a3m	315
p.N224D	2146.a3m	291.603
p.K333STOP	2147.a3m	241.537
p.L284V	2148.a3m	306.345
p.L311R	2149.a3m	307.175
p.S7T	214.a3m	314.823
p.E12V	2150.a3m	302.414
p.K252Q	2151.a3m	293.145
p.L6V	2152.a3m	292.895
p.K280E	2153.a3m	294.206
p.E307V	2154.a3m	289.592
p.Q126STOP	2155.a3m	136.13
p.R210T	2156.a3m	281.701
p.T101N	2157.a3m	281.815
p.A39V	2158.a3m	296.802
p.A31S	2159.a3m	294.368
p.F302I	215.a3m	291.684
p.S51Y	2160.a3m	299.405
p.L330P	2161.a3m	278.009
p.A47T	2162.a3m	280.916
p.T338N	2163.a3m	308.354
p.P277T	2164.a3m	298.417
p.L98V	2165.a3m	281.077
p.V179E	2166.a3m	326.539
p.N208K	2167.a3m	307.859
p.Y87C	2168.a3m	302.101
p.E304Q	2169.a3m	282.917
p.G205C	216.a3m	301.925
p.P261T	2170.a3m	296.033
p.R267P	2171.a3m	303.305
p.E247G	2172.a3m	304.034
p.G254W	2173.a3m	311.908
p.A35P	2174.a3m	291.34
p.E310Q	2175.a3m	305.994
p.Q126L	2176.a3m	282.257
p.G206S	2177.a3m	286.441
p.V34L	2178.a3m	314.68
p.S7F	2179.a3m	289.127
p.G295A	217.a3m	314.755
p.G20C	2180.a3m	286.422
p.L149R	2181.a3m	299.062
p.A37T	2182.a3m	288.175
p.M94K	2183.a3m	297.289
p.P38L	2184.a3m	323.209
p.A39G	2185.a3m	306.367
p.N200K	2186.a3m	293.583
p.P8A	2187.a3m	279.785
p.L226V	2188.a3m	302.818
p.A150D	2189.a3m	300.148
p.Q336STOP	218.a3m	246.538
p.P279L	2190.a3m	304.556
p.E246K	2191.a3m	314.691
p.C102F	2192.a3m	320.187
p.E232STOP	2193.a3m	155.168
p.D18H	2194.a3m	293.123
p.P277A	219.a3m	321.197
p.G20A	21.a3m	322.594
p.E310V	220.a3m	292.105
p.R157Q	221.a3m	315.982
p.S222C	222.a3m	287.993
p.M121R	223.a3m	307.596
p.S327P	224.a3m	316.74
p.L75W	225.a3m	303.204
p.N272D	226.a3m	330.259
p.E248A	227.a3m	310.36
p.D9N	228.a3m	322.702
p.STOP355G	229.a3m	289.094
p.D189N	22.a3m	276.157
p.E287G	230.a3m	295.714
p.E29A	231.a3m	295.512
p.T131M	232.a3m	290.7
p.C137G	233.a3m	298.736
p.E141Q	234.a3m	312.893
p.L218Q	235.a3m	289.533
p.R267L	236.a3m	317.938
p.I156M	237.a3m	298.387
p.L269R	238.a3m	290.059
p.H154R	239.a3m	309.066
p.Q128R	23.a3m	320.173
p.I216F	240.a3m	291.263
p.G206V	241.a3m	302.526
p.P270H	242.a3m	274.446
p.G322R	243.a3m	303.225
p.Y64S	244.a3m	298.992
p.S67G	245.a3m	274.666
p.H175R	246.a3m	294.314
p.P180A	247.a3m	308.944
p.K342STOP	248.a3m	281.64
p.L75STOP	249.a3m	99.8019
p.N306K	24.a3m	311.823
p.P270R	250.a3m	294.239
p.Q336H	251.a3m	308.356
p.P36H	252.a3m	282.738
p.I123T	253.a3m	328.332
p.Y68N	254.a3m	293.059
p.M121I	255.a3m	316.419
p.R157G	256.a3m	303.381
p.K281N	257.a3m	300.535
p.S110A	258.a3m	291.14
p.S51P	259.a3m	292.866
p.E219STOP	25.a3m	149.53
p.S230G	260.a3m	344.974
p.C190S	261.a3m	312.792
p.H129Y	262.a3m	272.802
p.Y288F	263.a3m	299.631
p.N92K	264.a3m	295.45
p.K253STOP	265.a3m	150.136
p.D242N	266.a3m	296.699
p.P8T	267.a3m	288.505
p.H257P	268.a3m	300.565
p.S88Y	269.a3m	292.814
p.Q292P	26.a3m	307.508
p.I11T	270.a3m	298.974
p.L291I	271.a3m	287.394
p.R117G	272.a3m	307.432
p.V58A	273.a3m	296.062
p.C238W	274.a3m	314.015
p.I11F	275.a3m	286.203
p.R135S	276.a3m	300.219
p.N171Y	277.a3m	301.264
p.H326R	278.a3m	308.013
p.E12A	279.a3m	332.682
p.E300K	27.a3m	285.839
p.Q13K	280.a3m	333.589
p.F95S	281.a3m	287.921
p.T217K	282.a3m	319.785
p.L213P	283.a3m	277.147
p.P53T	284.a3m	296.481
p.Q126P	285.a3m	285.607
p.P113R	286.a3m	305.404
p.H194Y	287.a3m	302.705
p.T191N	288.a3m	289.349
p.G205R	289.a3m	296.937
p.Q97R	28.a3m	310.205
p.M207L	290.a3m	264.735
p.E165Q	291.a3m	306.664
p.L284Q	292.a3m	294.902
p.STOP355S	293.a3m	285.435
p.P53L	294.a3m	268.965
p.K347E	295.a3m	289.394
p.Q153R	296.a3m	312.766
p.E287V	297.a3m	305.822
p.F299L	298.a3m	304.484
p.Y64H	299.a3m	311.57
p.P89T	29.a3m	313.333
p.L72M	2.a3m	319.578
p.E287K	300.a3m	297.605
p.V34A	301.a3m	331.481
p.S82A	302.a3m	287.858
p.Q278STOP	303.a3m	186.674
p.Y87STOP	304.a3m	112.274
p.T290P	305.a3m	304.766
p.K343E	306.a3m	289.272
p.H341Q	307.a3m	293.18
p.R26I	308.a3m	286.02
p.K252T	309.a3m	301.17
p.A90G	30.a3m	270.542
p.R251S	310.a3m	312.106
p.H341R	311.a3m	292.893
p.P180L	312.a3m	307.424
p.A120V	313.a3m	303.83
p.V108A	314.a3m	320.417
p.A44G	315.a3m	314.074
p.P239L	316.a3m	309.147
p.Q13H	317.a3m	296.442
p.I212V	318.a3m	301.555
p.L218V	319.a3m	298.309
p.P48Q	31.a3m	286.179
p.N272T	320.a3m	293.158
p.Y195N	321.a3m	313.949
p.P138S	322.a3m	324.572
p.E307Q	323.a3m	331.027
p.F231Y	324.a3m	301.672
p.E182A	325.a3m	315.067
p.R142L	326.a3m	299.767
p.S339Y	327.a3m	318.494
p.G206D	328.a3m	292.13
p.S202T	329.a3m	297.881
p.V177A	32.a3m	302.47
p.V118I	330.a3m	367.708
p.H139N	331.a3m	289.081
p.E304STOP	332.a3m	239.316
p.E349Q	333.a3m	298.936
p.L305R	334.a3m	300.251
p.D169N	335.a3m	300.889
p.G227E	336.a3m	297.233
p.G187C	337.a3m	319.484
p.P256A	338.a3m	288.591
p.E159G	339.a3m	298.044
p.F70S	33.a3m	302.641
p.Q278H	340.a3m	278.152
p.P239S	341.a3m	332.762
p.K280M	342.a3m	298.79
p.K253I	343.a3m	284.543
p.Q13E	344.a3m	314.7
p.C190Y	345.a3m	319.495
p.Q126R	346.a3m	301.841
p.S276F	347.a3m	307.76
p.C96Y	348.a3m	302.112
p.Q292R	349.a3m	340.69
p.F70I	34.a3m	337.882
p.G322V	350.a3m	319.566
p.T111P	351.a3m	294.06
p.E17Q	352.a3m	315.212
p.S323G	353.a3m	278.332
p.E297G	354.a3m	323.141
p.R135K	355.a3m	298.409
p.P8S	356.a3m	311.581
p.A40G	357.a3m	293.262
p.R71C	358.a3m	299.098
p.R296C	359.a3m	302.666
p.R244G	35.a3m	315.332
p.A308D	360.a3m	283.102
p.R228P	361.a3m	312.56
p.P38Q	362.a3m	307.807
p.L98P	363.a3m	292.095
p.K318R	364.a3m	300.513
p.P19L	365.a3m	318.416
p.L305V	366.a3m	299.232
p.P113T	367.a3m	299.433
p.E29Q	368.a3m	306.27
p.P180R	369.a3m	277.994
p.R324M	36.a3m	276.376
p.K62T	370.a3m	310.079
p.S264G	371.a3m	317.803
p.M301T	372.a3m	297.382
p.D285E	373.a3m	307.976
p.D145E	374.a3m	289.156
p.S230C	375.a3m	328.095
p.V34E	376.a3m	294.653
p.R303Q	377.a3m	305.416
p.N208D	378.a3m	278.174
p.C238STOP	379.a3m	145.733
p.Q126E	37.a3m	277.742
p.E17A	380.a3m	316.079
p.L309V	381.a3m	311.143
p.Q278P	382.a3m	307.862
p.P50T	383.a3m	288.131
p.H140Q	384.a3m	307.546
p.E259V	385.a3m	298.211
p.N229T	386.a3m	303.904
p.Q61L	387.a3m	288.909
p.D10N	388.a3m	287.962
p.V164A	389.a3m	287.416
p.G78W	38.a3m	311.658
p.E132G	390.a3m	323.067
p.Y195STOP	391.a3m	203.218
p.N200Y	392.a3m	276.91
p.L91P	393.a3m	299.286
p.P48S	394.a3m	300.019
p.C203R	395.a3m	295.941
p.R26K	396.a3m	278.679
p.C85S	397.a3m	290.128
p.Y124C	398.a3m	272.013
p.S201I	399.a3m	289.916
p.C143Y	39.a3m	318.534
p.I193N	3.a3m	316.889
p.N92H	400.a3m	283.85
p.V233M	401.a3m	291.483
p.G321R	402.a3m	292.791
p.R210K	403.a3m	307.763
p.V134L	404.a3m	288.806
p.S110Y	405.a3m	308.243
p.G223V	406.a3m	295.468
p.W52R	407.a3m	317.855
p.Y68D	408.a3m	282.789
p.Y124H	409.a3m	312.92
p.P33H	40.a3m	293.079
p.I156T	410.a3m	307.58
p.G350E	411.a3m	321.892
p.F70Y	412.a3m	284.991
p.A44S	413.a3m	291.687
p.E132V	414.a3m	287.601
p.L149M	415.a3m	302.732
p.A45G	416.a3m	285.414
p.R209L	417.a3m	286.037
p.A31V	418.a3m	349.701
p.R163L	419.a3m	295.127
p.K312STOP	41.a3m	232.555
p.D3V	420.a3m	280.192
p.L162W	421.a3m	305.113
p.T172N	422.a3m	275.894
p.V186G	423.a3m	300.098
p.F15Y	424.a3m	335.186
p.D9V	425.a3m	337.842
p.L213I	426.a3m	290.207
p.V108G	427.a3m	288.142
p.C96F	428.a3m	301.474
p.Y181S	429.a3m	310.26
p.N196T	42.a3m	302.812
p.I216T	430.a3m	296.517
p.K100R	431.a3m	294.185
p.S353STOP	432.a3m	306.398
p.E23A	433.a3m	307.178
p.G206A	434.a3m	310.825
p.V177G	435.a3m	314.77
p.G148C	436.a3m	308.974
p.S221F	437.a3m	301.558
p.M204V	438.a3m	312.024
p.V108L	439.a3m	302.066
p.L167M	43.a3m	306.781
p.P261A	440.a3m	304.981
p.Y166H	441.a3m	313.906
p.L291V	442.a3m	291.667
p.P270S	443.a3m	308.935
p.D189A	444.a3m	298.082
p.Y166STOP	445.a3m	180.605
p.A31G	446.a3m	272.41
p.N208I	447.a3m	293.972
p.E287Q	448.a3m	302.403
p.D2Y	449.a3m	280.474
p.N200T	44.a3m	308.42
p.T131R	450.a3m	290.356
p.L309F	451.a3m	296.142
p.D220V	452.a3m	295.756
p.A325T	453.a3m	286.383
p.G115A	454.a3m	328.848
p.W14R	455.a3m	290.424
p.P38R	456.a3m	294.916
p.E185K	457.a3m	309.542
p.K281M	458.a3m	318.186
p.Q61K	459.a3m	290.254
p.S339T	45.a3m	330.31
p.N171I	460.a3m	300.538
p.L54Q	461.a3m	295.266
p.N161K	462.a3m	305.416
p.H329L	463.a3m	316.51
p.H175Q	464.a3m	291.412
p.K347Q	465.a3m	284.403
p.G78A	466.a3m	283.297
p.V58I	467.a3m	283.689
p.D22G	468.a3m	298.983
p.S323I	469.a3m	290.654
p.S60T	46.a3m	277.27
p.W52C	470.a3m	305.735
p.P152A	471.a3m	297.538
p.L225I	472.a3m	301.513
p.L284P	473.a3m	306.625
p.L218M	474.a3m	299.297
p.S275F	475.a3m	290.862
p.W107STOP	476.a3m	122.777
p.R117S	477.a3m	295.687
p.E259STOP	478.a3m	145.67
p.S57A	479.a3m	297.915
p.K81M	47.a3m	303.866
p.A49D	480.a3m	283.383
p.K342N	481.a3m	325.238
p.G69S	482.a3m	333.385
p.L4S	483.a3m	306.229
p.D3G	484.a3m	298.34
p.Q278K	485.a3m	295.067
p.Q336L	486.a3m	323.814
p.C143G	487.a3m	299.76
p.F15S	488.a3m	323.791
p.L226M	489.a3m	300.856
p.I212L	48.a3m	266.772
p.K266M	490.a3m	297.774
p.P138T	491.a3m	318.405
p.I156S	492.a3m	302.051
p.C143R	493.a3m	286.76
p.V108F	494.a3m	273.362
p.T214S	495.a3m	286.728
p.A237T	496.a3m	313.635
p.D285A	497.a3m	280.456
p.T42S	498.a3m	299.982
p.K81E	499.a3m	312.527
p.H140Y	49.a3m	315.47
p.E248V	4.a3m	305.527
p.N306T	500.a3m	301.949
p.P351A	501.a3m	290.067
p.E23G	502.a3m	305.045
p.K266R	503.a3m	303.23
p.K125T	504.a3m	291.124
p.T214P	505.a3m	294.902
p.G160V	506.a3m	302.847
p.F346I	507.a3m	297.09
p.C96G	508.a3m	303.355
p.V83A	509.a3m	291.504
p.P180S	50.a3m	302.558
p.S60A	510.a3m	283.823
p.P138H	511.a3m	297.786
p.F70L	512.a3m	310.88
p.R296P	513.a3m	299.35
p.S202F	514.a3m	324.404
p.F299S	515.a3m	279.74
p.P89L	516.a3m	312.58
p.Y87S	517.a3m	324.834
p.A44P	518.a3m	299.503
p.T63N	519.a3m	282.913
p.Y197C	51.a3m	308.525
p.R210W	520.a3m	321.225
p.L4F	521.a3m	304.481
p.L162V	522.a3m	324.041
p.G317E	523.a3m	302.249
p.Q65P	524.a3m	322.458
p.P36L	525.a3m	325.574
p.D220G	526.a3m	302.988
p.I293L	527.a3m	299.085
p.A37G	528.a3m	280.043
p.N92I	529.a3m	292.528
p.D285Y	52.a3m	310.025
p.G206C	530.a3m	294.428
p.Q278R	531.a3m	287.179
p.T16S	532.a3m	283.778
p.K125M	533.a3m	294.246
p.F173S	534.a3m	296.711
p.M345I	535.a3m	297.975
p.M121K	536.a3m	298.305
p.E310A	537.a3m	293.081
p.K281Q	538.a3m	306.829
p.T348A	539.a3m	299.253
p.N200S	53.a3m	289.485
p.L344P	540.a3m	290.58
p.Q278L	541.a3m	305.376
p.P21T	542.a3m	319.426
p.P53R	543.a3m	305.082
p.T16N	544.a3m	279.178
p.G263V	545.a3m	294.167
p.H76N	546.a3m	308.117
p.P89H	547.a3m	316.885
p.E310STOP	548.a3m	233.65
p.C85STOP	549.a3m	112.437
p.S60P	54.a3m	302.985
p.G73R	550.a3m	292.141
p.Y195S	551.a3m	287.212
p.V83G	552.a3m	299.948
p.V186I	553.a3m	294.223
p.D168Y	554.a3m	298.13
p.D285G	555.a3m	331.936
p.R170T	556.a3m	303.359
p.C137F	557.a3m	297.513
p.P21S	558.a3m	330.108
p.V118L	559.a3m	310.965
p.P32S	55.a3m	292.15
p.P211R	560.a3m	316.137
p.R228W	561.a3m	306.917
p.R117P	562.a3m	289.697
p.R243P	563.a3m	296.857
p.P283S	564.a3m	302.985
p.G286A	565.a3m	292.072
p.V164M	566.a3m	310.738
p.R142H	567.a3m	298.612
p.H175Y	568.a3m	305.495
p.C137Y	569.a3m	303.841
p.S328C	56.a3m	322.451
p.Q126H	570.a3m	298.125
p.K334R	571.a3m	297.826
p.P41H	572.a3m	284.499
p.D354A	573.a3m	319.374
p.Q315STOP	574.a3m	223.003
p.A47G	575.a3m	316.558
p.Y195C	576.a3m	330.026
p.P38T	577.a3m	302.892
p.P19T	578.a3m	314.166
p.K312E	579.a3m	309.236
p.P114A	57.a3m	313.789
p.V164G	580.a3m	295.375
p.D189H	581.a3m	299.907
p.C203S	582.a3m	340.314
p.E219A	583.a3m	289.135
p.A90T	584.a3m	284.407
p.P103R	585.a3m	303.228
p.E141G	586.a3m	312.292
p.G69D	587.a3m	271.786
p.M198T	588.a3m	304.1
p.E300V	589.a3m	321.429
p.D147A	58.a3m	297.125
p.E29G	590.a3m	309.711
p.M130I	591.a3m	281.795
p.E219K	592.a3m	335.16
p.S201R	593.a3m	300.631
p.Y68STOP	594.a3m	99.2267
p.S144T	595.a3m	296.145
p.E255V	596.a3m	290.017
p.T245K	597.a3m	297.942
p.V178A	598.a3m	331.763
p.P114R	599.a3m	286.955
p.L311P	59.a3m	306.234
p.G295R	5.a3m	320.413
p.P279Q	600.a3m	293.039
p.R209W	601.a3m	315.728
p.P19A	602.a3m	319.657
p.F302S	603.a3m	280.913
p.T116I	604.a3m	315.451
p.M94L	605.a3m	306.709
p.L284R	606.a3m	304.503
p.S221P	607.a3m	278.314
p.R136L	608.a3m	319.127
p.K334E	609.a3m	291.941
p.E297V	60.a3m	298.975
p.I193M	610.a3m	293.02
p.A47S	611.a3m	298.569
p.T42I	612.a3m	275.731
p.T265I	613.a3m	304.71
p.W14G	614.a3m	334.217
p.Y64STOP	615.a3m	89.0232
p.C85Y	616.a3m	289.395
p.S264C	617.a3m	309.017
p.A24V	618.a3m	344.515
p.E304A	619.a3m	289.364
p.C203W	61.a3m	300.476
p.D18N	620.a3m	286.665
p.F299I	621.a3m	306.049
p.K333I	622.a3m	311.987
p.E17G	623.a3m	302.906
p.D10A	624.a3m	320.049
p.E232G	625.a3m	298.722
p.S77T	626.a3m	273.548
p.E297STOP	627.a3m	234.991
p.V104L	628.a3m	294.854
p.I293V	629.a3m	306.591
p.Y181D	62.a3m	294.996
p.P239T	630.a3m	335.676
p.S276P	631.a3m	292.041
p.T245S	632.a3m	298.167
p.P262T	633.a3m	277.566
p.M27L	634.a3m	275.829
p.E349V	635.a3m	282.522
p.H257Q	636.a3m	280.64
p.G263R	637.a3m	309.904
p.C137W	638.a3m	323.536
p.R243Q	639.a3m	300.105
p.K93T	63.a3m	307.468
p.R170K	640.a3m	289.572
p.R251G	641.a3m	302.935
p.E132K	642.a3m	284.905
p.D169G	643.a3m	294.621
p.N171S	644.a3m	305.384
p.A120S	645.a3m	300.647
p.S188T	646.a3m	291.945
p.R294S	647.a3m	292.698
p.A45D	648.a3m	300.094
p.V186L	649.a3m	313.928
p.D3N	64.a3m	288.314
p.A122S	650.a3m	340.785
p.L213H	651.a3m	299.62
p.Q13R	652.a3m	300.113
p.K343T	653.a3m	301.106
p.R340C	654.a3m	299.148
p.T214I	655.a3m	294.856
p.D313V	656.a3m	300.356
p.P32A	657.a3m	314.388
p.C96STOP	658.a3m	124.059
p.T79S	659.a3m	307.093
p.A308P	65.a3m	328.785
p.A24G	660.a3m	289.444
p.A99V	661.a3m	293.188
p.H175D	662.a3m	298.377
p.T63I	663.a3m	278.318
p.S57Y	664.a3m	300.405
p.S332C	665.a3m	292.292
p.S264I	666.a3m	304.604
p.K331R	667.a3m	286.397
p.R296S	668.a3m	326.303
p.L269Q	669.a3m	299.924
p.A24D	66.a3m	283.683
p.G350R	670.a3m	294.566
p.M1I	671.a3m	293.448
p.L75V	672.a3m	291.437
p.T338S	673.a3m	328.716
p.K331E	674.a3m	298.095
p.R324W	675.a3m	286.127
p.K252N	676.a3m	292.561
p.C190STOP	677.a3m	193.198
p.P262A	678.a3m	301.26
p.S77Y	679.a3m	268.609
p.P114L	67.a3m	295.085
p.P211S	680.a3m	298.425
p.S337T	681.a3m	282.589
p.S82P	682.a3m	322.441
p.L75M	683.a3m	299.03
p.H341D	684.a3m	295.247
p.R251C	685.a3m	305.317
p.M198L	686.a3m	292.611
p.C238G	687.a3m	306.071
p.G187V	688.a3m	338.798
p.E246STOP	689.a3m	141.817
p.E297K	68.a3m	296.306
p.G335V	690.a3m	317.106
p.A150G	691.a3m	321.576
p.L344H	692.a3m	284.539
p.T63P	693.a3m	280.807
p.N306I	694.a3m	312.458
p.T86S	695.a3m	316.044
p.P256R	696.a3m	281.016
p.F74V	697.a3m	297.537
p.K93R	698.a3m	323.195
p.P89A	699.a3m	292.545
p.N271T	69.a3m	308.176
p.H329Q	6.a3m	302.458
p.R340H	700.a3m	300.136
p.N306S	701.a3m	302.629
p.Y288STOP	702.a3m	208.051
p.P239A	703.a3m	329.872
p.A316S	704.a3m	301.017
p.R142G	705.a3m	313.321
p.T131P	706.a3m	288.693
p.P41L	707.a3m	288.328
p.G115V	708.a3m	292.114
p.S60F	709.a3m	294.401
p.P103L	70.a3m	334.87
p.P53A	710.a3m	291.469
p.K333T	711.a3m	291.317
p.M121V	712.a3m	325.568
p.A35V	713.a3m	296.493
p.D145H	714.a3m	291.938
p.P46L	715.a3m	271.827
p.L98M	716.a3m	289.376
p.N224H	717.a3m	301.756
p.S275A	718.a3m	291.901
p.N208Y	719.a3m	290.459
p.R136G	71.a3m	286.804
p.Y288S	720.a3m	288.08
p.P46S	721.a3m	293.212
p.H258D	722.a3m	297.046
p.Y181F	723.a3m	321.806
p.T42A	724.a3m	287.519
p.P320T	725.a3m	308.773
p.P32R	726.a3m	344.911
p.G350V	727.a3m	321.658
p.F346Y	728.a3m	307.457
p.P89S	729.a3m	279.666
p.F95L	72.a3m	313.149
p.T273S	730.a3m	299.996
p.S274T	731.a3m	320.447
p.C203Y	732.a3m	332.19
p.H139D	733.a3m	305.816
p.P320R	734.a3m	322.375
p.S77F	735.a3m	286.197
p.H175P	736.a3m	296.84
p.L269M	737.a3m	300.953
p.C137S	738.a3m	307.075
p.P320Q	739.a3m	313.117
p.S337A	73.a3m	288.121
p.K266STOP	740.a3m	168.573
p.K100Q	741.a3m	315.377
p.L72R	742.a3m	299.209
p.S51C	743.a3m	291.14
p.N229H	744.a3m	283.32
p.D145G	745.a3m	291.134
p.G223A	746.a3m	318.043
p.N196S	747.a3m	331.479
p.S276A	748.a3m	286.642
p.E159K	749.a3m	283.584
p.N249S	74.a3m	307.06
p.A316P	750.a3m	313.548
p.R294H	751.a3m	300.698
p.R244L	752.a3m	309.142
p.M94V	753.a3m	317.026
p.P184S	754.a3m	299.076
p.A47V	755.a3m	310.45
p.L54V	756.a3m	292.712
p.K252STOP	757.a3m	149.012
p.L98Q	758.a3m	306.542
p.L311V	759.a3m	287.926
p.A37S	75.a3m	299.052
p.T273A	760.a3m	275.838
p.D2H	761.a3m	297.092
p.G66S	762.a3m	309.328
p.Y288D	763.a3m	304.047
p.G69C	764.a3m	296.704
p.E141STOP	765.a3m	146.841
p.H258R	766.a3m	276.709
p.F173L	767.a3m	297.442
p.R157STOP	768.a3m	176.848
p.R244C	769.a3m	310.913
p.D3E	76.a3m	283.767
p.R298P	770.a3m	317.406
p.E182D	771.a3m	287.94
p.T101I	772.a3m	320.666
p.K280STOP	773.a3m	188.598
p.T84A	774.a3m	298.016
p.G187R	775.a3m	286.458
p.R298S	776.a3m	286.849
p.P36R	777.a3m	289.603
p.Q315H	778.a3m	295.959
p.Q65L	779.a3m	305.959
p.Q336E	77.a3m	295.788
p.D22Y	780.a3m	295.427
p.I11S	781.a3m	315.793
p.C96W	782.a3m	285.333
p.E300Q	783.a3m	294.818
p.T273I	784.a3m	305.564
p.S127L	785.a3m	289.993
p.R119C	786.a3m	291.11
p.E287D	787.a3m	318.071
p.L284M	788.a3m	298.24
p.R244S	789.a3m	295.005
p.K125STOP	78.a3m	150.501
p.E259K	790.a3m	300.264
p.S146N	791.a3m	312.762
p.T265A	792.a3m	291.779
p.D168V	793.a3m	315.515
p.P28L	794.a3m	325.305
p.P43S	795.a3m	268.368
p.K280Q	796.a3m	308.776
p.Q292E	797.a3m	303.215
p.E232V	798.a3m	294.376
p.A268P	799.a3m	314.627
p.L330M	79.a3m	312.591
p.G254R	7.a3m	291.059
p.E248D	800.a3m	290.248
p.Y288H	801.a3m	300.709
p.G66V	802.a3m	288.336
p.R303L	803.a3m	315.598
p.E219V	804.a3m	320.117
p.E141A	805.a3m	290.086
p.H194P	806.a3m	292.587
p.V186F	807.a3m	297.346
p.K281STOP	808.a3m	188.048
p.N196Y	809.a3m	277.438
p.R234S	80.a3m	324.755
p.P41T	810.a3m	277.623
p.S332P	811.a3m	296.873
p.I193T	812.a3m	334.626
p.Y166F	813.a3m	331.776
p.G160STOP	814.a3m	168.263
p.N196I	815.a3m	301.238
p.M27I	816.a3m	303.358
p.E297A	817.a3m	326.313
p.T131K	818.a3m	293.304
p.L226R	819.a3m	289.886
p.K343Q	81.a3m	342.096
p.P320L	820.a3m	314.527
p.Y197S	821.a3m	312.716
p.C236F	822.a3m	323.451
p.R267G	823.a3m	307.414
p.H329R	824.a3m	325.057
p.N92D	825.a3m	299.372
p.G66A	826.a3m	328.067
p.D169E	827.a3m	303.794
p.D9H	828.a3m	303.262
p.P183L	829.a3m	296.381
p.K62R	82.a3m	303.411
p.K342E	830.a3m	296.079
p.D2A	831.a3m	305.591
p.A30P	832.a3m	291.259
p.G350A	833.a3m	321.878
p.S67T	834.a3m	296.18
p.A237D	835.a3m	293.696
p.V235G	836.a3m	292.462
p.D18G	837.a3m	278.257
p.E12K	838.a3m	305.466
p.P151A	839.a3m	280.351
p.A31T	83.a3m	291.078
p.N271D	840.a3m	274.933
p.K81T	841.a3m	291.704
p.P283A	842.a3m	347.318
p.K125Q	843.a3m	307.826
p.R234H	844.a3m	292.669
p.R136S	845.a3m	291.7
p.A40V	846.a3m	275.348
p.P36T	847.a3m	343.466
p.K334N	848.a3m	288.558
p.G321W	849.a3m	300.104
p.G73S	84.a3m	293.435
p.K347M	850.a3m	339.255
p.V83E	851.a3m	311.932
p.T101A	852.a3m	308.872
p.T116N	853.a3m	300.254
p.I123F	854.a3m	312.743
p.S55A	855.a3m	313.047
p.S332T	856.a3m	307.337
p.V158A	857.a3m	309.88
p.P351S	858.a3m	297.56
p.D10G	859.a3m	314.49
p.N224Y	85.a3m	283.721
p.L309STOP	860.a3m	235.574
p.V235L	861.a3m	302.383
p.D242H	862.a3m	311.587
p.R210G	863.a3m	299.615
p.E304K	864.a3m	276.75
p.M198I	865.a3m	297.914
p.A316V	866.a3m	295.595
p.H194N	867.a3m	285.055
p.R241STOP	868.a3m	152.24
p.V178E	869.a3m	304.515
p.K266E	86.a3m	297.528
p.P25H	870.a3m	292.196
p.K93STOP	871.a3m	108.481
p.S127T	872.a3m	282.399
p.K281E	873.a3m	283.886
p.N92T	874.a3m	312.291
p.C238S	875.a3m	298.134
p.E300A	876.a3m	303.604
p.G69A	877.a3m	296.725
p.N271K	878.a3m	292.616
p.T111R	879.a3m	324.789
p.D109N	87.a3m	283.487
p.V83L	880.a3m	279.16
p.M1L	881.a3m	302.663
p.C85F	882.a3m	260.011
p.H329Y	883.a3m	298.579
p.A40D	884.a3m	311.7
p.H258Y	885.a3m	314.543
p.T290S	886.a3m	285.692
p.L155V	887.a3m	326.098
p.S55STOP	888.a3m	60.7726
p.Y87H	889.a3m	328.55
p.R119G	88.a3m	295.26
p.S274N	890.a3m	288.987
p.V233G	891.a3m	306.876
p.Y195H	892.a3m	290.95
p.P183Q	893.a3m	302.592
p.A80G	894.a3m	283.384
p.K93Q	895.a3m	300.526
p.H139R	896.a3m	314.347
p.T348K	897.a3m	326.701
p.V179A	898.a3m	286.801
p.T192S	899.a3m	303.916
p.D147G	89.a3m	324.438
p.Q153L	8.a3m	297.516
p.R340L	900.a3m	295.339
p.P113S	901.a3m	287.893
p.T290N	902.a3m	300.717
p.G73A	903.a3m	310.191
p.R243L	904.a3m	295.71
p.E185Q	905.a3m	281.393
p.N200D	906.a3m	291.812
p.Q61E	907.a3m	295.807
p.S7Y	908.a3m	295.155
p.K93M	909.a3m	308.778
p.F95I	90.a3m	294.841
p.K331Q	910.a3m	302.258
p.R243G	911.a3m	308.275
p.P270A	912.a3m	322.077
p.W107G	913.a3m	325.227
p.T42P	914.a3m	284.576
p.A150S	915.a3m	322.182
p.C236R	916.a3m	304.118
p.V83M	917.a3m	309.006
p.A237P	918.a3m	288.883
p.M301V	919.a3m	272.725
p.T42R	91.a3m	273.381
p.T79P	920.a3m	289.455
p.P33T	921.a3m	276.409
p.G148R	922.a3m	283.16
p.F173C	923.a3m	271.828
p.K62STOP	924.a3m	79.2365
p.P283T	925.a3m	293.66
p.D109V	926.a3m	295.232
p.C236W	927.a3m	323.591
p.L162F	928.a3m	275.908
p.E29K	929.a3m	281.011
p.H129L	92.a3m	287.506
p.P59S	930.a3m	314.057
p.R135G	931.a3m	296.096
p.P46A	932.a3m	297.529
p.R135T	933.a3m	284.059
p.A37E	934.a3m	317.806
p.T348S	935.a3m	317.907
p.D169H	936.a3m	339.188
p.V178L	937.a3m	310.922
p.N249D	938.a3m	299.547
p.I215L	939.a3m	306.994
p.T116P	93.a3m	320.712
p.L106M	940.a3m	280.979
p.H76Q	941.a3m	309.252
p.R170STOP	942.a3m	184.012
p.S327A	943.a3m	310.592
p.V34G	944.a3m	303.303
p.D22N	945.a3m	299.841
p.K282E	946.a3m	305.185
p.V179M	947.a3m	285.341
p.G286R	948.a3m	292.874
p.G263W	949.a3m	313.437
p.S221T	94.a3m	305.235
p.F289I	950.a3m	307.913
p.D220H	951.a3m	283.277
p.G317W	952.a3m	303.389
p.R71L	953.a3m	287.303
p.S57T	954.a3m	301.001
p.T131A	955.a3m	305.746
p.A316D	956.a3m	308.195
p.C203G	957.a3m	318.514
p.M301K	958.a3m	320.604
p.H140D	959.a3m	304.635
p.L167V	95.a3m	285.113
p.P38S	960.a3m	318.702
p.G20R	961.a3m	286.612
p.I156L	962.a3m	339.873
p.G317R	963.a3m	310.816
p.F302Y	964.a3m	335.145
p.Q13P	965.a3m	317.047
p.I293N	966.a3m	289.227
p.R241T	967.a3m	280.451
p.L311F	968.a3m	314.368
p.D168N	969.a3m	277.746
p.G148S	96.a3m	318.311
p.S188A	970.a3m	293.412
p.G286E	971.a3m	276.078
p.N224K	972.a3m	319.002
p.Q105K	973.a3m	309.329
p.P152H	974.a3m	281.632
p.N306Y	975.a3m	301.874
p.P19R	976.a3m	292.712
p.R117H	977.a3m	302.242
p.E319G	978.a3m	293.976
p.P21R	979.a3m	293.756
p.T42K	97.a3m	278.267
p.I11V	980.a3m	282.987
p.R234G	981.a3m	310.945
p.Y181H	982.a3m	296.948
p.D168A	983.a3m	315.567
p.D10V	984.a3m	313.324
p.E300D	985.a3m	315.811
p.C199Y	986.a3m	314.227
p.P8L	987.a3m	301.981
p.V158G	988.a3m	328.919
p.A325S	989.a3m	311.662
p.S323T	98.a3m	297.687
p.P33S	990.a3m	342.002
p.K81N	991.a3m	296.285
p.S146C	992.a3m	300.25
p.L309W	993.a3m	311.455
p.K280R	994.a3m	296.881
p.D189V	995.a3m	296.281
p.H139Y	996.a3m	297.689
p.K62I	997.a3m	338.059
p.C190F	998.a3m	284.912
p.V104G	999.a3m	334.894
p.S176T	99.a3m	272.842
p.L226Q	9.a3m	298.984
