p.G55S	0.a3m	124.046
p.R43C	1000.a3m	117.014
p.R151L	1001.a3m	105.251
p.T18R	1002.a3m	109.243
p.F2V	1003.a3m	124.013
p.S109F	1004.a3m	115.018
p.Y88D	1005.a3m	144.544
p.E39D	1006.a3m	120.496
p.E89V	1007.a3m	135.411
p.I119M	1008.a3m	117.923
p.N156I	1009.a3m	110.572
p.T121P	100.a3m	122.975
p.P20Q	1010.a3m	131.32
p.N178Y	1011.a3m	109.631
p.I119T	1012.a3m	124.689
p.R174G	1013.a3m	110.598
p.N212K	1014.a3m	126.391
p.A29P	1015.a3m	122.388
p.I63S	1016.a3m	135.667
p.L74STOP	1017.a3m	61.7944
p.Q12E	1018.a3m	113.498
p.D149A	1019.a3m	120.691
p.C207Y	101.a3m	105.651
p.G22C	1020.a3m	117.065
p.P90T	1021.a3m	105.453
p.P20L	1022.a3m	116.837
p.S182A	1023.a3m	118.779
p.S129R	1024.a3m	129.888
p.V11G	1025.a3m	118.104
p.F80Y	1026.a3m	122.877
p.S214T	1027.a3m	128.343
p.V84E	1028.a3m	108.357
p.S181C	1029.a3m	108.677
p.E194STOP	102.a3m	105.058
p.R49H	1030.a3m	127.246
p.V15G	1031.a3m	109.83
p.Q60R	1032.a3m	106.17
p.F196I	1033.a3m	134.238
p.G130C	1034.a3m	132.275
p.K7STOP	1035.a3m	5.64747
p.G67A	1036.a3m	122.303
p.E194K	1037.a3m	123.218
p.G147A	1038.a3m	109.601
p.M105L	1039.a3m	99.1426
p.R205G	103.a3m	129.189
p.G130R	1040.a3m	136.383
p.L201Q	1041.a3m	128.879
p.D192V	1042.a3m	117.204
p.E89A	1043.a3m	100.755
p.V142D	1044.a3m	131.974
p.E153STOP	1045.a3m	52.4226
p.Y31D	1046.a3m	127.187
p.A144S	1047.a3m	120.886
p.A6P	1048.a3m	118.973
p.P177H	1049.a3m	123.913
p.G112A	104.a3m	140.338
p.S171C	1050.a3m	122.784
p.D96V	1051.a3m	113.47
p.W14C	1052.a3m	111.199
p.R77T	1053.a3m	113.688
p.P90A	1054.a3m	120.65
p.H36P	1055.a3m	137.48
p.T197N	1056.a3m	119.105
p.P163H	1057.a3m	128.447
p.V11A	1058.a3m	123.113
p.T18A	1059.a3m	118.37
p.R150Q	105.a3m	113.638
p.V65A	1060.a3m	127.31
p.P168R	1061.a3m	145.144
p.A29G	1062.a3m	126.16
p.T121I	1063.a3m	124.116
p.K32N	1064.a3m	113.318
p.K32T	1065.a3m	135.687
p.M114T	1066.a3m	114.161
p.V25A	1067.a3m	113.548
p.Q4L	1068.a3m	120.491
p.S214STOP	1069.a3m	120.626
p.D54H	106.a3m	123.442
p.H82L	1070.a3m	124.618
p.R158L	1071.a3m	109.456
p.S213L	1072.a3m	118.191
p.T79A	1073.a3m	117.008
p.P168S	1074.a3m	131.783
p.G94S	1075.a3m	134.84
p.H36N	1076.a3m	127.229
p.F209L	1077.a3m	132.964
p.M111R	1078.a3m	123.456
p.L210Q	1079.a3m	116.771
p.Q35H	107.a3m	110.469
p.I123S	1080.a3m	118.573
p.E194G	1081.a3m	110.902
p.D96N	1082.a3m	128.62
p.I123N	1083.a3m	123.961
p.E166D	1084.a3m	117.125
p.G55C	1085.a3m	112.856
p.S34A	1086.a3m	129.722
p.S95T	1087.a3m	108.733
p.W14STOP	1088.a3m	13.746
p.N212I	1089.a3m	121.837
p.E139K	108.a3m	121.393
p.L198I	1090.a3m	117.566
p.A6G	1091.a3m	118.41
p.E154V	1092.a3m	109.234
p.Q185H	1093.a3m	126.246
p.G94V	1094.a3m	133.352
p.Q199K	1095.a3m	118.295
p.T98I	1096.a3m	118.69
p.P91A	1097.a3m	118.34
p.L69V	1098.a3m	120.198
p.S183F	1099.a3m	98.1758
p.E66K	109.a3m	127.965
p.E92K	10.a3m	130.747
p.S129G	1100.a3m	114.858
p.E194A	1101.a3m	103.021
p.G193R	1102.a3m	125.081
p.A27G	1103.a3m	106.822
p.R24C	1104.a3m	109.006
p.T121N	1105.a3m	126.564
p.Q4H	1106.a3m	115.084
p.N131I	1107.a3m	111.708
p.K159N	1108.a3m	114.723
p.H36Y	1109.a3m	124.275
p.P58R	110.a3m	127.103
p.E89STOP	1110.a3m	68.5277
p.D75H	1111.a3m	130.912
p.E126Q	1112.a3m	130.889
p.P59T	1113.a3m	114.084
p.C110G	1114.a3m	108.983
p.K160STOP	1115.a3m	49.1161
p.F80V	1116.a3m	114.381
p.D149V	1117.a3m	114.897
p.P59A	1118.a3m	118.193
p.Q199H	1119.a3m	117.336
p.R42W	111.a3m	115.312
p.D192E	1120.a3m	119.094
p.H36Q	1121.a3m	109.322
p.H61Y	1122.a3m	128.085
p.S53N	1123.a3m	108.692
p.R42G	1124.a3m	105.42
p.T99A	1125.a3m	111.424
p.V84L	1126.a3m	115.086
p.R81STOP	1127.a3m	72.3874
p.S182T	1128.a3m	130.904
p.A6S	1129.a3m	125.606
p.G113V	112.a3m	124.306
p.S51A	1130.a3m	115.236
p.V84G	1131.a3m	126.81
p.S181G	1132.a3m	122.517
p.V40D	1133.a3m	127.594
p.Q33K	1134.a3m	131.524
p.H47L	1135.a3m	122.176
p.T197P	1136.a3m	137.255
p.I122L	1137.a3m	119.315
p.Y73C	1138.a3m	121.65
p.R43L	1139.a3m	124.101
p.A57G	113.a3m	116.497
p.L204V	1140.a3m	128.953
p.G170V	1141.a3m	124.974
p.R42S	1142.a3m	116.883
p.S182C	1143.a3m	121.009
p.V93G	1144.a3m	113.913
p.W206G	1145.a3m	133.292
p.T172I	1146.a3m	135.754
p.P87H	1147.a3m	123.727
p.R70G	1148.a3m	126.214
p.D54A	1149.a3m	120.116
p.Q60K	114.a3m	112.821
p.E194V	1150.a3m	114.841
p.S214A	1151.a3m	133.92
p.P146R	1152.a3m	113.594
p.E155A	1153.a3m	125.379
p.M28R	1154.a3m	125.487
p.L198H	1155.a3m	151.975
p.P177L	1156.a3m	122.114
p.L204F	1157.a3m	124.636
p.P90Q	1158.a3m	119.852
p.M105V	1159.a3m	123.272
p.L74S	115.a3m	117.893
p.R135W	1160.a3m	120.896
p.L198P	1161.a3m	147.704
p.A29V	1162.a3m	120.247
p.K7R	1163.a3m	103.616
p.C9G	1164.a3m	114.64
p.G134E	1165.a3m	123.179
p.N178S	1166.a3m	118.865
p.E48K	1167.a3m	121.751
p.S183P	1168.a3m	135.709
p.S128P	1169.a3m	104.931
p.I119V	116.a3m	112.343
p.I100L	1170.a3m	114.222
p.P87A	1171.a3m	126.318
p.N136I	1172.a3m	110.667
p.M1K	1173.a3m	116.981
p.K173E	1174.a3m	122.625
p.N107D	1175.a3m	108.438
p.P59R	1176.a3m	116.051
p.C145F	1177.a3m	126.507
p.L157R	1178.a3m	124.645
p.G170A	1179.a3m	117.356
p.S214L	117.a3m	120.181
p.F209Y	1180.a3m	121.68
p.D16Y	1181.a3m	132.213
p.S109Y	1182.a3m	114.059
p.K188N	1183.a3m	122.412
p.V65M	1184.a3m	106.033
p.D16A	1185.a3m	113.895
p.C106S	1186.a3m	116.704
p.E126K	1187.a3m	145.214
p.P177A	1188.a3m	118.91
p.C44R	1189.a3m	127.974
p.P87R	118.a3m	121.197
p.L120F	1190.a3m	126.183
p.Q35P	1191.a3m	125.45
p.R64P	1192.a3m	114.383
p.Q12K	1193.a3m	113.276
p.E39Q	1194.a3m	122.704
p.R49S	1195.a3m	119.774
p.Q33STOP	1196.a3m	19.443
p.R205Q	1197.a3m	137.257
p.R116P	1198.a3m	128.356
p.L125R	1199.a3m	145.116
p.H61P	119.a3m	111.486
p.E155K	11.a3m	101.297
p.Y208S	1200.a3m	121.328
p.P168H	1201.a3m	120.453
p.P118R	1202.a3m	125.406
p.S181N	1203.a3m	128.497
p.R116L	1204.a3m	124.068
p.L198V	1205.a3m	105.062
p.V85L	1206.a3m	129.42
p.R70C	1207.a3m	123.786
p.P10A	1208.a3m	124.252
p.F138V	1209.a3m	122.588
p.T99S	120.a3m	118.052
p.N68S	1210.a3m	124.059
p.P146T	1211.a3m	115.176
p.I211T	1212.a3m	116.635
p.T18I	1213.a3m	122.311
p.Q185P	1214.a3m	119.036
p.V40I	1215.a3m	123.563
p.D127Y	1216.a3m	120.613
p.L176R	1217.a3m	119.3
p.S95Y	1218.a3m	122.342
p.L5P	1219.a3m	130.319
p.H165Y	121.a3m	128.094
p.P91S	1220.a3m	151.208
p.N131H	1221.a3m	116.706
p.E39K	1222.a3m	118.839
p.L69F	1223.a3m	116.289
p.H165N	1224.a3m	130.15
p.P184R	1225.a3m	126.808
p.M200I	1226.a3m	115.561
p.L191P	1227.a3m	114.393
p.F196L	1228.a3m	111.234
p.S51L	1229.a3m	106.044
p.V84A	122.a3m	114.621
p.T180S	1230.a3m	120.549
p.R77K	1231.a3m	103.435
p.K159E	1232.a3m	127.275
p.S17P	1233.a3m	125.625
p.C145Y	1234.a3m	109.395
p.D54Y	1235.a3m	112.487
p.N212T	1236.a3m	120.937
p.N115S	1237.a3m	116.162
p.R151C	1238.a3m	113.05
p.Q4STOP	1239.a3m	7.78656
p.I122V	123.a3m	124.129
p.P168L	1240.a3m	133.186
p.H101N	1241.a3m	114.514
p.S108I	1242.a3m	108.494
p.N178D	1243.a3m	114.876
p.C143S	1244.a3m	116.957
p.Y195F	1245.a3m	133.228
p.M105R	1246.a3m	129.274
p.P91T	1247.a3m	128.688
p.E72Q	1248.a3m	124.264
p.I211R	1249.a3m	120.703
p.N103Y	124.a3m	108.738
p.N179T	1250.a3m	122.136
p.L62F	1251.a3m	119.056
p.W14S	1252.a3m	111.65
p.Y88S	1253.a3m	112.603
p.Q199E	1254.a3m	117.618
p.P58A	1255.a3m	118.256
p.S128T	1256.a3m	117.807
p.P58T	1257.a3m	117.741
p.F209S	1258.a3m	131.839
p.C44G	1259.a3m	136.27
p.H61D	125.a3m	134.549
p.G55R	1260.a3m	124.493
p.D203V	1261.a3m	101.966
p.H46R	1262.a3m	132.785
p.S181I	1263.a3m	126.254
p.P20T	1264.a3m	137.466
p.C207S	1265.a3m	124.382
p.C97STOP	1266.a3m	71.9454
p.L202V	1267.a3m	111.24
p.P146S	1268.a3m	122.131
p.P190R	1269.a3m	117.798
p.G67R	126.a3m	134.572
p.V25G	1270.a3m	124.941
p.I122T	1271.a3m	111.943
p.D149Y	1272.a3m	114.86
p.K189E	1273.a3m	111.896
p.S171G	1274.a3m	105.808
p.C3STOP	1275.a3m	2.80273
p.I30M	1276.a3m	123.454
p.N156Y	1277.a3m	113.231
p.E66G	1278.a3m	121.104
p.D75N	1279.a3m	122.571
p.C145STOP	127.a3m	47.3782
p.T152S	1280.a3m	113.467
p.L202F	1281.a3m	118.362
p.S95C	1282.a3m	105.68
p.G94D	1283.a3m	118.465
p.Y102C	1284.a3m	126.671
p.E66STOP	1285.a3m	65.9865
p.E92A	1286.a3m	119.492
p.I119L	1287.a3m	104.978
p.Q12H	1288.a3m	113.505
p.E162STOP	1289.a3m	50.614
p.D149H	128.a3m	113.807
p.Q60P	1290.a3m	114.516
p.C97R	1291.a3m	113.084
p.R116G	1292.a3m	106.28
p.K188STOP	1293.a3m	88.773
p.F209V	1294.a3m	124.576
p.T172P	1295.a3m	135.936
p.C44STOP	1296.a3m	37.1323
p.Q185L	1297.a3m	116.473
p.D75Y	1298.a3m	107.717
p.A175S	1299.a3m	126.861
p.V25L	129.a3m	108.994
p.H36R	12.a3m	114.762
p.Q12P	1300.a3m	122.086
p.S171N	1301.a3m	130.513
p.Y31F	1302.a3m	128.035
p.N115I	1303.a3m	108.395
p.N103K	1304.a3m	115.843
p.I100M	1305.a3m	118.836
p.T124R	1306.a3m	122.349
p.V71G	1307.a3m	113.702
p.L62P	1308.a3m	111.359
p.P90L	1309.a3m	113.713
p.Q185E	130.a3m	118.513
p.S17Y	1310.a3m	118.082
p.S129C	1311.a3m	121.136
p.W206R	1312.a3m	130.035
p.V25D	1313.a3m	119.89
p.V40G	1314.a3m	114.026
p.F80I	1315.a3m	125.767
p.STOP215E	1316.a3m	131.609
p.R77I	1317.a3m	114.367
p.M28K	1318.a3m	122.969
p.F80L	1319.a3m	116.175
p.N78S	131.a3m	113.132
p.Y104N	1320.a3m	123.433
p.R150L	1321.a3m	101.351
p.Q4E	1322.a3m	129.631
p.G94C	1323.a3m	136.294
p.P45S	1324.a3m	127.227
p.P190S	1325.a3m	137.261
p.Y208STOP	1326.a3m	100.875
p.G193STOP	132.a3m	100.42
p.P10H	133.a3m	121.451
p.Q35E	134.a3m	113.822
p.K159STOP	135.a3m	49.7961
p.I63L	136.a3m	132.225
p.T152R	137.a3m	109.496
p.Q185STOP	138.a3m	87.5058
p.C110R	139.a3m	112.824
p.S137I	13.a3m	121.931
p.S83I	140.a3m	134.351
p.P10R	141.a3m	103.155
p.P186L	142.a3m	117.923
p.E139D	143.a3m	127.282
p.G170E	144.a3m	128.45
p.T23S	145.a3m	114.849
p.G22V	146.a3m	113.694
p.C44Y	147.a3m	138.869
p.S95A	148.a3m	114.69
p.R141S	149.a3m	125.574
p.C106STOP	14.a3m	67.881
p.E92V	150.a3m	115.112
p.I123T	151.a3m	134.044
p.N68Y	152.a3m	129.224
p.V140A	153.a3m	125.624
p.C3W	154.a3m	124.3
p.E155D	155.a3m	128.751
p.A175E	156.a3m	112.532
p.S51P	157.a3m	110.248
p.N178K	158.a3m	114.754
p.C97S	159.a3m	123.279
p.N179I	15.a3m	112.934
p.V15F	160.a3m	109.544
p.I30N	161.a3m	131.846
p.F2L	162.a3m	117.672
p.I122M	163.a3m	108.475
p.K173N	164.a3m	124.818
p.R117G	165.a3m	111.399
p.S181T	166.a3m	131.219
p.L201V	167.a3m	103.032
p.R24L	168.a3m	122.379
p.M28L	169.a3m	111.912
p.C9R	16.a3m	116.589
p.I30F	170.a3m	115.953
p.Y104F	171.a3m	125.721
p.N115Y	172.a3m	115.067
p.V142A	173.a3m	127.211
p.Q199R	174.a3m	109.601
p.R26C	175.a3m	130.805
p.H82N	176.a3m	114.341
p.M105T	177.a3m	124.676
p.F80S	178.a3m	108.138
p.L69W	179.a3m	130.503
p.C50R	17.a3m	104.887
p.H82P	180.a3m	131.397
p.R81P	181.a3m	128.973
p.E89Q	182.a3m	109.798
p.Y73N	183.a3m	131.684
p.I63N	184.a3m	117.03
p.T18K	185.a3m	117.57
p.E166G	186.a3m	105.656
p.F80C	187.a3m	119.597
p.M111L	188.a3m	114.501
p.STOP215S	189.a3m	123.481
p.H101Q	18.a3m	126.156
p.L210P	190.a3m	105.615
p.L210R	191.a3m	124.446
p.G161V	192.a3m	116.855
p.T98N	193.a3m	130.873
p.S34P	194.a3m	112.585
p.L167Q	195.a3m	126.927
p.E154Q	196.a3m	109.498
p.P45A	197.a3m	119.919
p.Y73D	198.a3m	134.337
p.D52N	199.a3m	112.983
p.C97Y	19.a3m	104.991
p.P168T	1.a3m	139.32
p.T38M	200.a3m	117.82
p.L167P	201.a3m	120.147
p.Y73STOP	202.a3m	68.5671
p.G113S	203.a3m	119.872
p.Y195N	204.a3m	139.315
p.N136Y	205.a3m	119.137
p.D54E	206.a3m	127.605
p.L133Q	207.a3m	116.921
p.Q12R	208.a3m	117.235
p.C110F	209.a3m	129.664
p.S53C	20.a3m	122.434
p.E66V	210.a3m	118.163
p.C3R	211.a3m	117.867
p.K32R	212.a3m	127.106
p.G161W	213.a3m	115.772
p.R42M	214.a3m	114.057
p.G130V	215.a3m	134.174
p.Y88STOP	216.a3m	66.5469
p.Y208F	217.a3m	130.032
p.L204I	218.a3m	119.763
p.R24G	219.a3m	113.015
p.S83R	21.a3m	115.312
p.R43P	220.a3m	127.927
p.L202P	221.a3m	136.777
p.S182Y	222.a3m	116.097
p.D127V	223.a3m	121.14
p.G67V	224.a3m	130.609
p.A6T	225.a3m	113.34
p.K160E	226.a3m	130.277
p.E153K	227.a3m	120.753
p.L202I	228.a3m	109.477
p.A175G	229.a3m	127.955
p.L5V	22.a3m	125.47
p.P19L	230.a3m	120.313
p.N178H	231.a3m	114.761
p.E92G	232.a3m	108.499
p.L120V	233.a3m	116.292
p.R205P	234.a3m	117.054
p.M200T	235.a3m	105.194
p.L176M	236.a3m	117.727
p.G130S	237.a3m	130.368
p.R116W	238.a3m	129.931
p.M37I	239.a3m	115.648
p.STOP215K	23.a3m	129.304
p.D52Y	240.a3m	126.305
p.D192Y	241.a3m	126.878
p.A175V	242.a3m	104.019
p.K188Q	243.a3m	125.516
p.Y195STOP	244.a3m	101.314
p.E153G	245.a3m	122.217
p.K188R	246.a3m	123.103
p.N212D	247.a3m	121.901
p.Y31S	248.a3m	112.028
p.N156H	249.a3m	110.935
p.R43S	24.a3m	123.138
p.P190T	250.a3m	132.837
p.V65G	251.a3m	124.658
p.M28V	252.a3m	113.229
p.D96H	253.a3m	117.296
p.P10S	254.a3m	121.378
p.H47N	255.a3m	123.944
p.D76N	256.a3m	107.461
p.N131Y	257.a3m	120.497
p.G22A	258.a3m	125.03
p.M37V	259.a3m	140.603
p.G134A	25.a3m	122.222
p.G161A	260.a3m	119.642
p.R117M	261.a3m	116.743
p.M114K	262.a3m	125.757
p.C3Y	263.a3m	122.222
p.T172N	264.a3m	112.499
p.S109C	265.a3m	138.211
p.V142F	266.a3m	140.309
p.P91L	267.a3m	115.171
p.T99N	268.a3m	126.908
p.E154K	269.a3m	128.954
p.C143Y	26.a3m	107.678
p.E153A	270.a3m	109.498
p.T98S	271.a3m	128.395
p.G113C	272.a3m	116.087
p.L56R	273.a3m	114.82
p.S128C	274.a3m	125.518
p.T152K	275.a3m	107.014
p.STOP215Q	276.a3m	110.754
p.G134V	277.a3m	146.979
p.F2C	278.a3m	118.522
p.C50F	279.a3m	126.794
p.A57V	27.a3m	116.074
p.P163A	280.a3m	116.053
p.L62I	281.a3m	111.873
p.C50W	282.a3m	110.731
p.E139A	283.a3m	114.707
p.H46D	284.a3m	124.653
p.N78H	285.a3m	108.577
p.W14R	286.a3m	111.367
p.P186T	287.a3m	125.023
p.H101P	288.a3m	122.828
p.L132Q	289.a3m	110.125
p.L167M	28.a3m	113.679
p.I100N	290.a3m	125.281
p.T38A	291.a3m	105.543
p.C207W	292.a3m	110.951
p.W206STOP	293.a3m	103.537
p.T180A	294.a3m	131.734
p.S17T	295.a3m	114.126
p.R117S	296.a3m	103.728
p.K160I	297.a3m	118.816
p.R151H	298.a3m	127.442
p.Q199P	299.a3m	133.119
p.T197I	29.a3m	119.598
p.M37L	2.a3m	125.502
p.Y208H	300.a3m	123.379
p.A57D	301.a3m	120.746
p.Y102D	302.a3m	139.904
p.R116Q	303.a3m	119.543
p.S109A	304.a3m	118.619
p.C143G	305.a3m	120.155
p.C9Y	306.a3m	123.432
p.E166STOP	307.a3m	51.2366
p.K187STOP	308.a3m	82.6106
p.C143R	309.a3m	130.229
p.STOP215L	30.a3m	148.318
p.D52A	310.a3m	109.545
p.D192A	311.a3m	116.967
p.K160T	312.a3m	118.752
p.V41L	313.a3m	133.187
p.S213A	314.a3m	139.081
p.M200V	315.a3m	123.554
p.Q33H	316.a3m	137.162
p.T180N	317.a3m	115.7
p.L125M	318.a3m	126.593
p.E92D	319.a3m	116.343
p.R49C	31.a3m	120.926
p.V85G	320.a3m	120.623
p.E48V	321.a3m	122.517
p.Q12L	322.a3m	115.099
p.G147R	323.a3m	145.056
p.P21T	324.a3m	104.322
p.C3F	325.a3m	114.052
p.G161E	326.a3m	111.286
p.Y195S	327.a3m	121.84
p.M111V	328.a3m	115.555
p.P169L	329.a3m	119.383
p.C145W	32.a3m	129.153
p.E139Q	330.a3m	141.413
p.E166Q	331.a3m	130.423
p.R81G	332.a3m	119.665
p.R43H	333.a3m	122.93
p.G112V	334.a3m	131.901
p.P163T	335.a3m	122.197
p.V93L	336.a3m	128.193
p.P21S	337.a3m	125.344
p.E39STOP	338.a3m	27.259
p.I63V	339.a3m	114.184
p.D16V	33.a3m	122.832
p.Q35K	340.a3m	137.924
p.P87S	341.a3m	121.026
p.K189T	342.a3m	118.111
p.S83N	343.a3m	119.659
p.N78Y	344.a3m	120.252
p.S53T	345.a3m	111.125
p.P45H	346.a3m	132.047
p.Y195C	347.a3m	130.84
p.P19T	348.a3m	121.824
p.D75V	349.a3m	120.392
p.V15A	34.a3m	135.358
p.H47D	350.a3m	114.437
p.N68D	351.a3m	124.264
p.T152A	352.a3m	129.212
p.F2S	353.a3m	124.531
p.F138Y	354.a3m	112.352
p.R141G	355.a3m	118.309
p.P19H	356.a3m	118.347
p.V86A	357.a3m	126.887
p.G67STOP	358.a3m	58.5303
p.N179H	359.a3m	124.547
p.D192G	35.a3m	120.355
p.L204S	360.a3m	115.72
p.E72D	361.a3m	114.303
p.C207R	362.a3m	124.886
p.E72G	363.a3m	124.454
p.P177S	364.a3m	118.94
p.P190A	365.a3m	120.167
p.T38S	366.a3m	118.469
p.P19A	367.a3m	122.613
p.A27T	368.a3m	121.552
p.D76G	369.a3m	120.305
p.S34STOP	36.a3m	22.466
p.Y73S	370.a3m	120.071
p.C106W	371.a3m	125.1
p.G147V	372.a3m	117.19
p.G22D	373.a3m	121.111
p.P87T	374.a3m	116.415
p.W14G	375.a3m	106.861
p.P146H	376.a3m	123.963
p.I122S	377.a3m	115.86
p.V71E	378.a3m	127.6
p.T124A	379.a3m	126.429
p.Y104STOP	37.a3m	66.5297
p.E126G	380.a3m	134.865
p.E126V	381.a3m	124.86
p.D149G	382.a3m	120.31
p.D127N	383.a3m	122.732
p.G112R	384.a3m	126.336
p.M114V	385.a3m	126.035
p.H46L	386.a3m	113.028
p.Q33R	387.a3m	123.629
p.H164R	388.a3m	121.688
p.K187E	389.a3m	115.201
p.Y104C	38.a3m	117.554
p.T23N	390.a3m	132.093
p.Y102H	391.a3m	122.693
p.M200K	392.a3m	133.831
p.K7Q	393.a3m	122.199
p.L191Q	394.a3m	152.994
p.P91R	395.a3m	118.702
p.T152I	396.a3m	120.202
p.I30T	397.a3m	117.262
p.S128Y	398.a3m	108.042
p.V142L	399.a3m	122.771
p.Q60H	39.a3m	105.554
p.L157I	3.a3m	122.647
p.F196Y	400.a3m	122.082
p.N78D	401.a3m	120.896
p.T79S	402.a3m	135.981
p.H36D	403.a3m	125.949
p.L132V	404.a3m	123.726
p.K187T	405.a3m	134.17
p.K32M	406.a3m	114.287
p.Q12STOP	407.a3m	14.1247
p.P90R	408.a3m	132.529
p.M1I	409.a3m	122.944
p.E48G	40.a3m	118.161
p.Q4K	410.a3m	121.265
p.R77G	411.a3m	118.686
p.R26H	412.a3m	117.666
p.C44W	413.a3m	133.083
p.K173Q	414.a3m	123.756
p.H165P	415.a3m	108.099
p.M111K	416.a3m	118.839
p.L5R	417.a3m	118.161
p.P168A	418.a3m	133.796
p.H61N	419.a3m	124.981
p.L167R	41.a3m	123.115
p.D192H	420.a3m	127.926
p.C97G	421.a3m	120.08
p.T124K	422.a3m	115.556
p.P190L	423.a3m	127.435
p.S171R	424.a3m	105.806
p.R150P	425.a3m	123.187
p.S17C	426.a3m	118.043
p.P10L	427.a3m	123.199
p.T99I	428.a3m	123.866
p.D16H	429.a3m	128.1
p.C50Y	42.a3m	122.942
p.V41A	430.a3m	119.918
p.I119N	431.a3m	125.546
p.R64STOP	432.a3m	58.4487
p.R81L	433.a3m	123.174
p.D52E	434.a3m	115.044
p.T197A	435.a3m	133.366
p.Q35R	436.a3m	108.303
p.Q33E	437.a3m	110.174
p.G170R	438.a3m	136.781
p.D149E	439.a3m	132.309
p.I30L	43.a3m	118.041
p.C145G	440.a3m	110.771
p.G55A	441.a3m	115.245
p.E154STOP	442.a3m	55.0432
p.H164L	443.a3m	132.279
p.H165Q	444.a3m	116.551
p.V93D	445.a3m	141.152
p.R135L	446.a3m	103.563
p.S83G	447.a3m	129.023
p.H164N	448.a3m	121.69
p.Y102S	449.a3m	123.164
p.D52H	44.a3m	121.698
p.A175P	450.a3m	118.932
p.M114R	451.a3m	117.345
p.R148STOP	452.a3m	45.8106
p.E162D	453.a3m	129.215
p.L56M	454.a3m	122.415
p.Y208C	455.a3m	119.741
p.V140L	456.a3m	124.784
p.I211K	457.a3m	122.999
p.Y104H	458.a3m	121.088
p.V85A	459.a3m	126.785
p.Q33P	45.a3m	113.468
p.M37T	460.a3m	127.756
p.P118T	461.a3m	118.308
p.P10T	462.a3m	126.625
p.M105K	463.a3m	132.157
p.I122F	464.a3m	113.463
p.T121A	465.a3m	123.115
p.R158C	466.a3m	117.603
p.V140E	467.a3m	113.408
p.D16E	468.a3m	123.281
p.R205L	469.a3m	112.421
p.M111T	46.a3m	120.103
p.P184S	470.a3m	103.126
p.C50S	471.a3m	119.025
p.T99P	472.a3m	106.477
p.V15D	473.a3m	119.368
p.L56V	474.a3m	121.532
p.M114L	475.a3m	119.94
p.L74W	476.a3m	121.273
p.G55D	477.a3m	124.014
p.L176Q	478.a3m	124.588
p.L133V	479.a3m	117.485
p.K160R	47.a3m	112.213
p.A57P	480.a3m	117.336
p.L133R	481.a3m	114.347
p.L202R	482.a3m	148.122
p.H101L	483.a3m	117.021
p.T8S	484.a3m	127.978
p.K189N	485.a3m	125.68
p.R117K	486.a3m	123.488
p.R77S	487.a3m	119.225
p.Q33L	488.a3m	112.742
p.Q4P	489.a3m	115.669
p.E162Q	48.a3m	136.828
p.C110S	490.a3m	149.519
p.S183C	491.a3m	115.684
p.I211V	492.a3m	120.036
p.H82Y	493.a3m	120.471
p.N103T	494.a3m	116.133
p.E154G	495.a3m	130.156
p.P163S	496.a3m	109.352
p.H101R	497.a3m	116.79
p.E153V	498.a3m	124.668
p.T98A	499.a3m	141.67
p.L210V	49.a3m	116.265
p.L198F	4.a3m	131.725
p.E89K	500.a3m	110.805
p.Y102STOP	501.a3m	69.4207
p.A27V	502.a3m	103.144
p.S181R	503.a3m	130.653
p.K7N	504.a3m	113.915
p.N156K	505.a3m	118.356
p.M111I	506.a3m	123.811
p.I123F	507.a3m	136.029
p.E89D	508.a3m	123.579
p.N107K	509.a3m	107.382
p.L13P	50.a3m	129.526
p.V25F	510.a3m	118.983
p.P186S	511.a3m	123.914
p.T18S	512.a3m	116.289
p.S214W	513.a3m	109.242
p.G22R	514.a3m	115.253
p.A144P	515.a3m	105.664
p.N131T	516.a3m	123.46
p.L201P	517.a3m	142.669
p.N131K	518.a3m	117.68
p.E166A	519.a3m	116.055
p.L132R	51.a3m	123.497
p.S171I	520.a3m	125.612
p.I30S	521.a3m	118.92
p.G112S	522.a3m	129.089
p.G55V	523.a3m	133.422
p.G134STOP	524.a3m	52.9565
p.M1L	525.a3m	126.971
p.P177T	526.a3m	110.702
p.Y195H	527.a3m	127.318
p.G113R	528.a3m	122.172
p.R117W	529.a3m	111.637
p.A57S	52.a3m	130.935
p.E155V	530.a3m	127.12
p.D96G	531.a3m	115.96
p.P118S	532.a3m	128.682
p.N178T	533.a3m	137.936
p.E139V	534.a3m	123.374
p.G113A	535.a3m	104.961
p.E92Q	536.a3m	115.623
p.K188E	537.a3m	112.03
p.Y104S	538.a3m	119.458
p.W206C	539.a3m	124.578
p.C106R	53.a3m	149.141
p.S182P	540.a3m	112.232
p.L69S	541.a3m	120.753
p.I63F	542.a3m	119.107
p.P186R	543.a3m	108.985
p.P21H	544.a3m	108.772
p.T79P	545.a3m	124.339
p.E155G	546.a3m	110.529
p.S108G	547.a3m	120.527
p.G170W	548.a3m	126.753
p.I122N	549.a3m	125.662
p.E166K	54.a3m	123.565
p.V40L	550.a3m	125.882
p.A27D	551.a3m	113.178
p.S83C	552.a3m	117.65
p.E72STOP	553.a3m	64.7098
p.P59S	554.a3m	126.796
p.R135G	555.a3m	133.097
p.H164Y	556.a3m	116.029
p.P169Q	557.a3m	124.558
p.L132P	558.a3m	120.656
p.S109T	559.a3m	129.07
p.H82D	55.a3m	129.596
p.R24S	560.a3m	119.322
p.P58S	561.a3m	124.94
p.E89G	562.a3m	119.055
p.H46N	563.a3m	114.175
p.S53R	564.a3m	121.437
p.E162A	565.a3m	144.456
p.P45T	566.a3m	131.767
p.M114I	567.a3m	122.405
p.A144G	568.a3m	125.094
p.D75A	569.a3m	121.724
p.D203H	56.a3m	110.574
p.R148T	570.a3m	114.355
p.K173STOP	571.a3m	60.728
p.Y104D	572.a3m	113.827
p.A175T	573.a3m	119.805
p.N107Y	574.a3m	139.267
p.F209I	575.a3m	123.39
p.P19R	576.a3m	130.699
p.E126A	577.a3m	136.755
p.V71M	578.a3m	116.338
p.C97W	579.a3m	115.867
p.S183T	57.a3m	107.197
p.P21R	580.a3m	119.723
p.H165L	581.a3m	126.279
p.K187N	582.a3m	125.746
p.F2Y	583.a3m	114.866
p.H47Y	584.a3m	110.786
p.K159M	585.a3m	112.016
p.M105I	586.a3m	126.116
p.N136K	587.a3m	111.525
p.L5Q	588.a3m	123.215
p.V93F	589.a3m	135.697
p.L167V	58.a3m	129.026
p.K159Q	590.a3m	122.842
p.S137C	591.a3m	118.444
p.R205STOP	592.a3m	93.498
p.N115K	593.a3m	118.727
p.S17A	594.a3m	107.73
p.C106G	595.a3m	117.885
p.R64Q	596.a3m	132.235
p.S95P	597.a3m	112.717
p.F209C	598.a3m	114.431
p.E194D	599.a3m	111.805
p.D75G	59.a3m	113.385
p.Y88N	5.a3m	127.341
p.E39G	600.a3m	124.744
p.T8A	601.a3m	121.838
p.H164D	602.a3m	125.021
p.S51STOP	603.a3m	40.1536
p.E39A	604.a3m	123.012
p.S128A	605.a3m	122.863
p.T172S	606.a3m	129.158
p.L191R	607.a3m	119.327
p.T124I	608.a3m	101.949
p.R151S	609.a3m	120.26
p.N212S	60.a3m	121.43
p.L204STOP	610.a3m	93.747
p.K173R	611.a3m	122.323
p.L202H	612.a3m	128.932
p.P20S	613.a3m	129.055
p.S183Y	614.a3m	102.157
p.T180P	615.a3m	128.165
p.C207STOP	616.a3m	121.668
p.S34L	617.a3m	112.775
p.D96E	618.a3m	127.661
p.L157V	619.a3m	122.982
p.T180I	61.a3m	109.862
p.T23P	620.a3m	127.478
p.I119S	621.a3m	116.787
p.P87L	622.a3m	120.503
p.E139G	623.a3m	119.897
p.N103D	624.a3m	124.159
p.G147W	625.a3m	108.533
p.H47P	626.a3m	125.579
p.T124S	627.a3m	125.632
p.I100S	628.a3m	117.722
p.L201I	629.a3m	149.141
p.V15L	62.a3m	113.438
p.P58L	630.a3m	131.777
p.N179Y	631.a3m	120.891
p.E66D	632.a3m	124.83
p.N68H	633.a3m	116.684
p.V11E	634.a3m	106.494
p.N212H	635.a3m	140.242
p.H46Q	636.a3m	118.246
p.D127H	637.a3m	107.112
p.F138I	638.a3m	136.496
p.R70L	639.a3m	116.045
p.R70S	63.a3m	109.168
p.D76A	640.a3m	125.016
p.D149N	641.a3m	126.88
p.R49P	642.a3m	111.026
p.C143F	643.a3m	128.108
p.I211M	644.a3m	118.015
p.R135P	645.a3m	113.675
p.P184H	646.a3m	128.018
p.P59L	647.a3m	115.923
p.R174Q	648.a3m	134.798
p.R43G	649.a3m	113.464
p.R77STOP	64.a3m	68.4676
p.V25I	650.a3m	123.477
p.F196C	651.a3m	116.836
p.E139STOP	652.a3m	50.313
p.V41G	653.a3m	131.987
p.S95F	654.a3m	125.12
p.Q60L	655.a3m	125.745
p.A6V	656.a3m	130.297
p.E48STOP	657.a3m	41.993
p.C9S	658.a3m	122.619
p.S137G	659.a3m	106.561
p.E126D	65.a3m	125.4
p.K7T	660.a3m	108.952
p.P118A	661.a3m	127.9
p.N78K	662.a3m	116.05
p.P184T	663.a3m	116.528
p.E92STOP	664.a3m	67.5814
p.S17F	665.a3m	112.855
p.Q185R	666.a3m	117.808
p.S137N	667.a3m	116.423
p.R64L	668.a3m	111.966
p.C50STOP	669.a3m	43.2369
p.Q60STOP	66.a3m	52.9098
p.N179S	670.a3m	130.384
p.L62R	671.a3m	137.038
p.N179K	672.a3m	126.978
p.V140G	673.a3m	111.141
p.K159T	674.a3m	117.266
p.L120I	675.a3m	120.025
p.M200L	676.a3m	107.842
p.H46P	677.a3m	111.277
p.P177R	678.a3m	133.201
p.P19S	679.a3m	107.841
p.I123M	67.a3m	114.003
p.G193V	680.a3m	115.784
p.D76V	681.a3m	139.201
p.N103S	682.a3m	110.437
p.I30V	683.a3m	107.012
p.H61R	684.a3m	124.521
p.Y208D	685.a3m	111.195
p.V84M	686.a3m	124.255
p.L120R	687.a3m	121.913
p.L201R	688.a3m	138.651
p.T23A	689.a3m	113.047
p.C9W	68.a3m	127.38
p.F196S	690.a3m	134.445
p.V40A	691.a3m	138.049
p.A144T	692.a3m	114.42
p.P58H	693.a3m	126.37
p.N212Y	694.a3m	107.996
p.R148I	695.a3m	119.098
p.V15I	696.a3m	104.638
p.L176P	697.a3m	126.911
p.T8N	698.a3m	112.939
p.R49G	699.a3m	115.564
p.E48A	69.a3m	120.732
p.G130D	6.a3m	139.607
p.R148G	700.a3m	112.958
p.K7M	701.a3m	117.322
p.L133M	702.a3m	125.993
p.N136T	703.a3m	106.55
p.L13Q	704.a3m	122.568
p.L191M	705.a3m	113.581
p.V11L	706.a3m	124.175
p.N68I	707.a3m	122.977
p.L120P	708.a3m	130.562
p.E154A	709.a3m	114.98
p.S109P	70.a3m	119.392
p.R26L	710.a3m	110.206
p.H36L	711.a3m	119.604
p.E166V	712.a3m	123.585
p.C110STOP	713.a3m	64.2117
p.C106Y	714.a3m	138.934
p.A57T	715.a3m	124.486
p.V86M	716.a3m	128.653
p.D203N	717.a3m	118.17
p.E155STOP	718.a3m	51.7987
p.I100F	719.a3m	118.969
p.R24P	71.a3m	119.294
p.H61Q	720.a3m	113.284
p.Y208N	721.a3m	113.104
p.Q35L	722.a3m	121.868
p.S129I	723.a3m	119.614
p.Y88C	724.a3m	112.607
p.S53G	725.a3m	119.926
p.K7E	726.a3m	117.077
p.D127G	727.a3m	111.915
p.S83T	728.a3m	119.533
p.N156D	729.a3m	118.972
p.N156S	72.a3m	133.759
p.C143STOP	730.a3m	45.7695
p.L191V	731.a3m	119.528
p.R158G	732.a3m	120.609
p.G67E	733.a3m	121.741
p.T23I	734.a3m	134.95
p.C50G	735.a3m	126.325
p.V71A	736.a3m	119.406
p.G112C	737.a3m	112.381
p.K173T	738.a3m	128.026
p.G113D	739.a3m	131.689
p.V86L	73.a3m	121.942
p.E48Q	740.a3m	121.467
p.A29T	741.a3m	103.365
p.P186Q	742.a3m	126.602
p.E162V	743.a3m	113.422
p.L125V	744.a3m	135.42
p.Q4R	745.a3m	164.016
p.L13V	746.a3m	112.916
p.L125P	747.a3m	127.884
p.H82R	748.a3m	138.224
p.S137T	749.a3m	132.404
p.P169R	74.a3m	125.053
p.T8P	750.a3m	119.915
p.D16G	751.a3m	131.45
p.C44F	752.a3m	127.641
p.L69STOP	753.a3m	65.5053
p.H165R	754.a3m	116.993
p.L56Q	755.a3m	125.316
p.R150W	756.a3m	131.102
p.R42K	757.a3m	108.796
p.T79I	758.a3m	137.189
p.L125Q	759.a3m	147.787
p.G112D	75.a3m	122.662
p.L133P	760.a3m	125.423
p.T8I	761.a3m	107.779
p.P169T	762.a3m	128.127
p.N131D	763.a3m	109.055
p.Q199STOP	764.a3m	126.909
p.L157F	765.a3m	107.627
p.W14L	766.a3m	108.934
p.V86G	767.a3m	112.418
p.G193A	768.a3m	131.544
p.D192N	769.a3m	119.45
p.M28I	76.a3m	128.87
p.P20R	770.a3m	120.331
p.N115H	771.a3m	114.282
p.R148K	772.a3m	122.703
p.Y73H	773.a3m	130.209
p.P45R	774.a3m	135.256
p.N136H	775.a3m	123.275
p.R158P	776.a3m	132.934
p.L74F	777.a3m	134.102
p.R70P	778.a3m	117.717
p.Q60E	779.a3m	120.191
p.Y102N	77.a3m	127.734
p.I211L	780.a3m	115.279
p.K189STOP	781.a3m	90.1587
p.P169S	782.a3m	127.921
p.S129N	783.a3m	120.315
p.M1T	784.a3m	130.693
p.T98P	785.a3m	109.847
p.V11M	786.a3m	109.446
p.Y31H	787.a3m	127.574
p.R70H	788.a3m	120.408
p.N131S	789.a3m	136.435
p.E126STOP	78.a3m	56.4422
p.N107H	790.a3m	106.829
p.E162G	791.a3m	111.464
p.L74M	792.a3m	119.804
p.V71L	793.a3m	121.395
p.A29S	794.a3m	127.437
p.Y88H	795.a3m	129.243
p.R158H	796.a3m	132.67
p.Y73F	797.a3m	132.61
p.D54N	798.a3m	126.519
p.K188M	799.a3m	110.891
p.N107T	79.a3m	114.319
p.K189Q	7.a3m	122.98
p.R26G	800.a3m	114.043
p.K32E	801.a3m	106.348
p.P59H	802.a3m	125.565
p.W206S	803.a3m	114.791
p.L69M	804.a3m	103.952
p.R117T	805.a3m	111.792
p.T38R	806.a3m	101.527
p.R26S	807.a3m	121.68
p.A144D	808.a3m	114.115
p.T152P	809.a3m	117.309
p.Y88F	80.a3m	116.158
p.T38K	810.a3m	110.834
p.C97F	811.a3m	117.304
p.M200R	812.a3m	136.589
p.C143W	813.a3m	134.755
p.K189I	814.a3m	125.641
p.R174L	815.a3m	113.393
p.T124P	816.a3m	125.094
p.S108N	817.a3m	119.224
p.L120H	818.a3m	129.749
p.P146A	819.a3m	125.282
p.N68K	81.a3m	123.197
p.F138L	820.a3m	115.949
p.R81Q	821.a3m	135.458
p.N103I	822.a3m	108.284
p.K160N	823.a3m	131.701
p.R49L	824.a3m	132.874
p.S137R	825.a3m	109.355
p.R26P	826.a3m	126.628
p.R141P	827.a3m	125.379
p.H101Y	828.a3m	112.176
p.M37K	829.a3m	136.459
p.G147E	82.a3m	109.325
p.L176V	830.a3m	144.319
p.T18P	831.a3m	123.834
p.D54V	832.a3m	126.932
p.T197S	833.a3m	127.174
p.G94A	834.a3m	118.523
p.D96A	835.a3m	111.488
p.P90S	836.a3m	124.41
p.C110W	837.a3m	106.787
p.L13M	838.a3m	110.798
p.A29D	839.a3m	118.822
p.R24H	83.a3m	108.144
p.D203E	840.a3m	126.978
p.H165D	841.a3m	132.858
p.K189R	842.a3m	132.845
p.K187M	843.a3m	134.694
p.C145S	844.a3m	106.6
p.V93A	845.a3m	112.221
p.H164P	846.a3m	139.879
p.L74V	847.a3m	118.425
p.R141C	848.a3m	107.041
p.E39V	849.a3m	129.915
p.R135Q	84.a3m	107.761
p.D52G	850.a3m	119.765
p.V40F	851.a3m	113.577
p.M1V	852.a3m	130.077
p.H164Q	853.a3m	119.051
p.S213STOP	854.a3m	123.881
p.A27S	855.a3m	111.012
p.S183A	856.a3m	122.014
p.A144V	857.a3m	105.66
p.A27P	858.a3m	125.162
p.E153D	859.a3m	117.673
p.I123L	85.a3m	118.524
p.L132I	860.a3m	120.09
p.N68T	861.a3m	117.036
p.L13R	862.a3m	124.863
p.Y31STOP	863.a3m	21.4056
p.R42T	864.a3m	112.286
p.Q35STOP	865.a3m	22.7569
p.Y31N	866.a3m	127.591
p.T121S	867.a3m	120.459
p.E153Q	868.a3m	106.562
p.G94R	869.a3m	118.443
p.S108R	86.a3m	118.144
p.E194Q	870.a3m	133.103
p.T172A	871.a3m	127.748
p.R158S	872.a3m	119.585
p.F2I	873.a3m	114.131
p.C3S	874.a3m	126.353
p.E72A	875.a3m	116.577
p.H101D	876.a3m	128.259
p.F138C	877.a3m	130.776
p.K159R	878.a3m	116.528
p.V140M	879.a3m	126.651
p.P91H	87.a3m	124.859
p.R148S	880.a3m	109.643
p.N136D	881.a3m	122.327
p.T38P	882.a3m	118.533
p.E66Q	883.a3m	123.06
p.R141H	884.a3m	104.078
p.D76E	885.a3m	128.423
p.H47Q	886.a3m	111.064
p.H47R	887.a3m	112.924
p.D76Y	888.a3m	126.007
p.G22S	889.a3m	134.857
p.P118L	88.a3m	133.427
p.D76H	890.a3m	109.177
p.Y195D	891.a3m	119.674
p.S53I	892.a3m	118.906
p.V65E	893.a3m	123.011
p.E154D	894.a3m	130.625
p.S214P	895.a3m	127.289
p.V65L	896.a3m	129.184
p.S108C	897.a3m	105.29
p.C3G	898.a3m	120.452
p.C207F	899.a3m	117
p.S128F	89.a3m	112.885
p.S213T	8.a3m	128.268
p.I100V	900.a3m	115.86
p.G130A	901.a3m	139.287
p.H82Q	902.a3m	114.578
p.D16N	903.a3m	116.33
p.E72V	904.a3m	110.61
p.L62V	905.a3m	106.057
p.S213W	906.a3m	137.067
p.Q199L	907.a3m	132.411
p.P21L	908.a3m	123.795
p.C207G	909.a3m	112.697
p.M28T	90.a3m	110.187
p.Y102F	910.a3m	114.57
p.P163L	911.a3m	109.386
p.A6D	912.a3m	121.662
p.N107S	913.a3m	117.483
p.N78T	914.a3m	124.447
p.R174STOP	915.a3m	59.4582
p.R151G	916.a3m	109.344
p.G161R	917.a3m	122.314
p.V85M	918.a3m	132.333
p.P118H	919.a3m	117.895
p.D203A	91.a3m	123.114
p.D52V	920.a3m	116.275
p.C44S	921.a3m	126.859
p.W206L	922.a3m	105.166
p.R141L	923.a3m	119.774
p.K173M	924.a3m	116.994
p.E48D	925.a3m	117.541
p.D203Y	926.a3m	124.699
p.L157P	927.a3m	120.415
p.S108T	928.a3m	114.617
p.V142I	929.a3m	129.531
p.H46Y	92.a3m	105.449
p.K32STOP	930.a3m	21.2447
p.E155Q	931.a3m	113.37
p.N103H	932.a3m	120.664
p.G193E	933.a3m	129.304
p.L157H	934.a3m	126.868
p.I123V	935.a3m	118.353
p.F138S	936.a3m	117.315
p.P45L	937.a3m	134.263
p.M1R	938.a3m	110.099
p.K187R	939.a3m	123.307
p.R151P	93.a3m	130.934
p.G134R	940.a3m	132.031
p.S213P	941.a3m	126.308
p.S171T	942.a3m	123.8
p.R150G	943.a3m	133.262
p.Q185K	944.a3m	138.355
p.R64G	945.a3m	117.517
p.F196V	946.a3m	120.297
p.V41E	947.a3m	131.215
p.N179D	948.a3m	115.596
p.K32Q	949.a3m	125.138
p.N78I	94.a3m	128.906
p.V86E	950.a3m	136.371
p.P186A	951.a3m	113.662
p.I119F	952.a3m	107.162
p.L198R	953.a3m	121.28
p.C9STOP	954.a3m	6.82705
p.L210M	955.a3m	130.877
p.P190Q	956.a3m	115.318
p.L56P	957.a3m	112.192
p.V142G	958.a3m	130.783
p.D127A	959.a3m	112.078
p.N115D	95.a3m	128.355
p.C110Y	960.a3m	108.573
p.V41M	961.a3m	140.781
p.P146L	962.a3m	132.293
p.N156T	963.a3m	116.397
p.I100T	964.a3m	126.389
p.V93I	965.a3m	116.416
p.D127E	966.a3m	114.693
p.M37R	967.a3m	119.884
p.K188T	968.a3m	141.277
p.E72K	969.a3m	135.975
p.D203G	96.a3m	106.99
p.L62H	970.a3m	114.344
p.V85E	971.a3m	116.636
p.D96Y	972.a3m	124.37
p.P184L	973.a3m	126.746
p.S182F	974.a3m	96.3167
p.K160Q	975.a3m	129.904
p.P169A	976.a3m	113.356
p.P21A	977.a3m	105.422
p.E66A	978.a3m	105.532
p.N107I	979.a3m	110.035
p.D54G	97.a3m	107.13
p.S34T	980.a3m	104.761
p.D75E	981.a3m	117.736
p.R174P	982.a3m	119.031
p.C145R	983.a3m	127.118
p.STOP215Y	984.a3m	136.069
p.Y31C	985.a3m	123.498
p.P163R	986.a3m	118.053
p.I63M	987.a3m	120.759
p.I63T	988.a3m	113.399
p.P184A	989.a3m	100.741
p.N136S	98.a3m	121.7
p.C9F	990.a3m	114.421
p.S129T	991.a3m	127.85
p.T79N	992.a3m	126.738
p.S51T	993.a3m	104.521
p.L5M	994.a3m	112.761
p.C106F	995.a3m	108.747
p.K187Q	996.a3m	114.206
p.H61L	997.a3m	118.789
p.N178I	998.a3m	125.61
p.P20A	999.a3m	134.389
p.E162K	99.a3m	143.384
p.N115T	9.a3m	126.542
