p.G286STOP	0.a3m	186.924
p.G148D	1000.a3m	244.447
p.E247STOP	1001.a3m	144.25
p.N229I	1002.a3m	253.556
p.L294I	1003.a3m	242.646
p.P19S	1004.a3m	251.25
p.E132Q	1005.a3m	268.783
p.S82Y	1006.a3m	250.927
p.E182K	1007.a3m	272.764
p.R251H	1008.a3m	238.427
p.L149V	1009.a3m	269.891
p.Q105L	100.a3m	255.566
p.G240V	1010.a3m	254.014
p.D9Y	1011.a3m	256.216
p.P103T	1012.a3m	262.619
p.R267STOP	1013.a3m	163.324
p.P112H	1014.a3m	262.035
p.P43R	1015.a3m	261.383
p.R135M	1016.a3m	260.048
p.STOP308L	1017.a3m	258.848
p.R298STOP	1018.a3m	227.215
p.C102R	1019.a3m	272.916
p.R209G	101.a3m	247.667
p.N92Y	1020.a3m	267.99
p.A80D	1021.a3m	259.119
p.G263E	1022.a3m	240.759
p.E259G	1023.a3m	262.499
p.P270L	1024.a3m	252.782
p.Y301S	1025.a3m	249.632
p.Y64F	1026.a3m	257.693
p.E159Q	1027.a3m	256.986
p.R234C	1028.a3m	252.761
p.A99P	1029.a3m	251.935
p.S307STOP	102.a3m	262.613
p.S221C	1030.a3m	274.177
p.D220N	1031.a3m	219.445
p.S276Y	1032.a3m	215.434
p.V133I	1033.a3m	274.159
p.R142S	1034.a3m	255.95
p.G66D	1035.a3m	254.035
p.N272S	1036.a3m	255.611
p.G223R	1037.a3m	262.521
p.R119S	1038.a3m	271.424
p.I215S	1039.a3m	264.695
p.G66C	103.a3m	264.485
p.Q292STOP	1040.a3m	235.631
p.N196D	1041.a3m	263.561
p.F231L	1042.a3m	269.249
p.L297V	1043.a3m	259.338
p.A120G	1044.a3m	249.714
p.P25A	1045.a3m	235.326
p.L225P	1046.a3m	264.62
p.S127P	1047.a3m	255.052
p.E12Q	1048.a3m	256.488
p.T84N	1049.a3m	264.823
p.P41A	104.a3m	273.354
p.R117C	1050.a3m	252.844
p.M293I	1051.a3m	231.277
p.R234L	1052.a3m	239.772
p.C102G	1053.a3m	260.025
p.L294R	1054.a3m	249.558
p.N196H	1055.a3m	260.575
p.E141D	1056.a3m	272.045
p.P48T	1057.a3m	260.724
p.S110P	1058.a3m	259.065
p.N271Y	1059.a3m	239.35
p.N161H	105.a3m	233.231
p.A31P	1060.a3m	228.356
p.P261R	1061.a3m	241.114
p.N229Y	1062.a3m	244.072
p.P89R	1063.a3m	263.492
p.E246D	1064.a3m	231.743
p.E232Q	1065.a3m	252.548
p.N171D	1066.a3m	236.548
p.Y68H	1067.a3m	257.242
p.A44V	1068.a3m	257.199
p.V179G	1069.a3m	236.324
p.N224I	106.a3m	251.652
p.E255Q	1070.a3m	218.98
p.T63S	1071.a3m	260.63
p.L250R	1072.a3m	222.563
p.P256L	1073.a3m	210.993
p.P113A	1074.a3m	261.095
p.I216M	1075.a3m	250.297
p.M198R	1076.a3m	275.093
p.L167F	1077.a3m	255.456
p.A49P	1078.a3m	255.491
p.D18V	1079.a3m	259.493
p.S55P	107.a3m	264.349
p.D147H	1080.a3m	257.614
p.I304L	1081.a3m	255.303
p.Y197STOP	1082.a3m	178.309
p.L226P	1083.a3m	245.432
p.C143STOP	1084.a3m	147.87
p.G160E	1085.a3m	228.841
p.P46T	1086.a3m	241.471
p.E287A	1087.a3m	260.751
p.D109Y	1088.a3m	267.293
p.D296A	1089.a3m	245.151
p.P112R	108.a3m	281.748
p.H76P	1090.a3m	230.403
p.W52L	1091.a3m	273.187
p.M293R	1092.a3m	241.194
p.P211L	1093.a3m	232.219
p.G20D	1094.a3m	260.785
p.L91V	1095.a3m	226.353
p.G69V	1096.a3m	262.775
p.A24S	1097.a3m	244.546
p.M130L	1098.a3m	254.118
p.T217S	1099.a3m	263.72
p.V133L	109.a3m	255.173
p.F74C	10.a3m	262.484
p.P113L	1100.a3m	276.299
p.E246Q	1101.a3m	245.879
p.I304M	1102.a3m	240.187
p.P25R	1103.a3m	269.385
p.G187S	1104.a3m	267.755
p.E23D	1105.a3m	233.299
p.C102S	1106.a3m	269.911
p.T217P	1107.a3m	252.197
p.R119P	1108.a3m	245.197
p.L155H	1109.a3m	268.987
p.H194L	110.a3m	259.915
p.S56F	1110.a3m	255.103
p.A45S	1111.a3m	254.912
p.L91R	1112.a3m	242.423
p.T86M	1113.a3m	271.05
p.L213R	1114.a3m	266.024
p.R241S	1115.a3m	246.912
p.S201G	1116.a3m	246.903
p.N249K	1117.a3m	251.973
p.Y64N	1118.a3m	265.939
p.G205A	1119.a3m	258.202
p.K125N	111.a3m	260.93
p.R210M	1120.a3m	254.998
p.Y197N	1121.a3m	259.642
p.G205V	1122.a3m	239.427
p.K266Q	1123.a3m	229.365
p.D109A	1124.a3m	278.827
p.S274G	1125.a3m	232.255
p.P180H	1126.a3m	251.928
p.D22H	1127.a3m	229.506
p.A45V	1128.a3m	244.129
p.D2V	1129.a3m	258.209
p.A237S	112.a3m	259.373
p.T79I	1130.a3m	268.1
p.D169Y	1131.a3m	247.048
p.A122D	1132.a3m	249.387
p.K253Q	1133.a3m	226.549
p.R241I	1134.a3m	239.791
p.V34M	1135.a3m	245.302
p.G73D	1136.a3m	255.4
p.C300STOP	1137.a3m	229.816
p.C300R	1138.a3m	245.573
p.P151R	1139.a3m	271.287
p.A150P	113.a3m	260.84
p.H129P	1140.a3m	253.859
p.T191P	1141.a3m	267.835
p.W14L	1142.a3m	258.859
p.H154P	1143.a3m	268.229
p.M207K	1144.a3m	247.528
p.H175L	1145.a3m	262.192
p.D296V	1146.a3m	215.573
p.S188P	1147.a3m	271.955
p.C137STOP	1148.a3m	164.191
p.D10E	1149.a3m	272.877
p.E248STOP	114.a3m	134.484
p.R163S	1150.a3m	276.439
p.S60Y	1151.a3m	259.546
p.F74Y	1152.a3m	251.593
p.M293K	1153.a3m	241.443
p.A44E	1154.a3m	275.136
p.H257D	1155.a3m	240.051
p.V134A	1156.a3m	255.739
p.L72Q	1157.a3m	265.611
p.A39P	1158.a3m	249.917
p.Q61P	1159.a3m	270.055
p.I123L	115.a3m	263.381
p.E17K	1160.a3m	270.971
p.P103H	1161.a3m	246.669
p.V108D	1162.a3m	260.939
p.I216V	1163.a3m	269.058
p.M1T	1164.a3m	271.765
p.W52G	1165.a3m	247.402
p.S222N	1166.a3m	227.18
p.R157L	1167.a3m	242.113
p.S67R	1168.a3m	260.676
p.L106P	1169.a3m	252.423
p.V233A	116.a3m	264.312
p.D168E	1170.a3m	253.749
p.L149P	1171.a3m	247.307
p.S264T	1172.a3m	240.46
p.E185G	1173.a3m	234.919
p.N161I	1174.a3m	243.937
p.A268S	1175.a3m	256.001
p.S307L	1176.a3m	264.149
p.R119H	1177.a3m	276.076
p.C300S	1178.a3m	262.96
p.R298G	1179.a3m	246.811
p.I156V	117.a3m	231.096
p.A39E	1180.a3m	265.377
p.E255K	1181.a3m	233.195
p.V118G	1182.a3m	232.997
p.Y124D	1183.a3m	256.612
p.R26G	1184.a3m	270.449
p.P59H	1185.a3m	274.629
p.P279R	1186.a3m	243.687
p.R298L	1187.a3m	238.869
p.P36S	1188.a3m	252.151
p.R26S	1189.a3m	237.742
p.L4V	118.a3m	265.696
p.R136P	1190.a3m	261.777
p.T86R	1191.a3m	259.161
p.S222G	1192.a3m	250.241
p.T191I	1193.a3m	249.323
p.D285H	1194.a3m	244.904
p.C190W	1195.a3m	251.119
p.N249T	1196.a3m	246.977
p.P279A	1197.a3m	247.052
p.C143W	1198.a3m	273.889
p.T191A	1199.a3m	214.051
p.P46R	119.a3m	253.626
p.L167STOP	11.a3m	179.193
p.R174L	1200.a3m	232.169
p.S275C	1201.a3m	223.03
p.M204I	1202.a3m	224.114
p.M27T	1203.a3m	273.612
p.L250P	1204.a3m	261.693
p.S60C	1205.a3m	262.326
p.M207I	1206.a3m	239.427
p.N305I	1207.a3m	236.482
p.A90V	1208.a3m	261.058
p.G223D	1209.a3m	238.451
p.P41R	120.a3m	240.914
p.W107L	1210.a3m	263.568
p.L291P	1211.a3m	227.883
p.Q128STOP	1212.a3m	151.707
p.E141V	1213.a3m	240.682
p.V178G	1214.a3m	279.168
p.P28R	1215.a3m	254.323
p.P277R	1216.a3m	226.749
p.F289V	1217.a3m	238.778
p.F70V	1218.a3m	247.504
p.W299L	1219.a3m	259.21
p.V134G	121.a3m	285.335
p.L295I	1220.a3m	257.475
p.P114H	1221.a3m	264.563
p.P256S	1222.a3m	214.808
p.G254V	1223.a3m	207.901
p.A268G	1224.a3m	228.545
p.D189G	1225.a3m	239.508
p.K281R	1226.a3m	246.157
p.Q153K	1227.a3m	238.939
p.M207V	1228.a3m	260.08
p.Q97L	1229.a3m	243.07
p.C190R	122.a3m	266.797
p.G240A	1230.a3m	243.473
p.E232A	1231.a3m	239.005
p.K81STOP	1232.a3m	106.723
p.M1V	1233.a3m	243.491
p.P32T	1234.a3m	254.523
p.W299S	1235.a3m	248.727
p.A49V	1236.a3m	247.474
p.S230R	1237.a3m	267.656
p.M130K	1238.a3m	269.758
p.H129D	1239.a3m	265.043
p.E132D	123.a3m	269.701
p.T245P	1240.a3m	227.116
p.H258P	1241.a3m	274.086
p.G115C	1242.a3m	258.837
p.K100M	1243.a3m	250.162
p.S67N	1244.a3m	261.851
p.Q65K	1245.a3m	256.743
p.V158E	1246.a3m	272.407
p.L54P	1247.a3m	226.598
p.L291H	1248.a3m	258.297
p.S306A	1249.a3m	245.678
p.P277S	124.a3m	226.414
p.C203F	1250.a3m	255.983
p.D145V	1251.a3m	237.467
p.S146R	1252.a3m	245.167
p.G206R	1253.a3m	235.188
p.A120T	1254.a3m	248.427
p.P262Q	1255.a3m	240.051
p.E185STOP	1256.a3m	199.194
p.Q292L	1257.a3m	257.49
p.T172A	1258.a3m	266.19
p.H258N	1259.a3m	238.313
p.I193V	125.a3m	228.665
p.Q61R	1260.a3m	253.35
p.P211H	1261.a3m	236.114
p.S307W	1262.a3m	274.922
p.I215T	1263.a3m	222.012
p.Y166D	1264.a3m	269.657
p.I193S	1265.a3m	233.517
p.V134E	1266.a3m	258.255
p.H129N	1267.a3m	252.813
p.S188Y	1268.a3m	256.823
p.A49G	1269.a3m	250.719
p.P33R	126.a3m	249.422
p.C102STOP	1270.a3m	118.86
p.N271I	1271.a3m	231.076
p.L6P	1272.a3m	254.575
p.G205D	1273.a3m	252.768
p.STOP308Y	1274.a3m	251.939
p.E248K	1275.a3m	231.454
p.D18E	1276.a3m	251.602
p.N171T	1277.a3m	257.641
p.S7P	1278.a3m	261.454
p.S57P	1279.a3m	275.167
p.V133A	127.a3m	245.922
p.F95Y	1280.a3m	243.449
p.Y195D	1281.a3m	263.189
p.K125E	1282.a3m	255.047
p.S221A	1283.a3m	235.065
p.M27V	1284.a3m	250.237
p.P38A	1285.a3m	270.448
p.P43L	1286.a3m	254.995
p.S176C	1287.a3m	269.729
p.D285V	1288.a3m	242.253
p.G240W	1289.a3m	254.245
p.A30T	128.a3m	226.378
p.N161T	1290.a3m	250.13
p.T63A	1291.a3m	263.185
p.G20S	1292.a3m	248.097
p.S51F	1293.a3m	246.652
p.A99G	1294.a3m	257.113
p.D242V	1295.a3m	251.527
p.V233L	1296.a3m	264.157
p.D145N	1297.a3m	235.725
p.R209P	1298.a3m	254.037
p.A31D	1299.a3m	256.232
p.A35G	129.a3m	236.559
p.E17D	12.a3m	265.844
p.D147E	1300.a3m	261.362
p.A150T	1301.a3m	242.017
p.A90D	1302.a3m	254.5
p.W52S	1303.a3m	239.852
p.G20V	1304.a3m	262.842
p.G240E	1305.a3m	264.286
p.C190G	1306.a3m	252.376
p.P8R	1307.a3m	257.179
p.D10Y	1308.a3m	277.989
p.P21L	1309.a3m	270.507
p.D10H	130.a3m	250.44
p.R210S	1310.a3m	235.834
p.V158L	1311.a3m	245.933
p.K266N	1312.a3m	243.998
p.V108I	1313.a3m	265.587
p.T245R	1314.a3m	237.708
p.R234P	1315.a3m	268.305
p.R241K	1316.a3m	259.219
p.P112T	1317.a3m	256.955
p.S7A	1318.a3m	259.777
p.D168G	1319.a3m	241.698
p.L4W	131.a3m	267.013
p.D109G	1320.a3m	262.344
p.L260R	1321.a3m	263.831
p.R174STOP	1322.a3m	202.954
p.Y301D	1323.a3m	237.217
p.S306T	1324.a3m	237.172
p.E165V	1325.a3m	265.06
p.L269V	1326.a3m	227.962
p.P151T	1327.a3m	274.365
p.Q278E	1328.a3m	274.385
p.A47P	1329.a3m	215.553
p.S201C	132.a3m	255.74
p.A35S	1330.a3m	223.219
p.Y166S	1331.a3m	278.032
p.D168H	1332.a3m	260.638
p.V233E	1333.a3m	257.981
p.V158M	1334.a3m	248.574
p.Y166C	1335.a3m	221.42
p.T192A	1336.a3m	230.541
p.P32L	1337.a3m	235.839
p.I123V	1338.a3m	265.479
p.E17STOP	1339.a3m	16.1354
p.P138R	133.a3m	253.745
p.R170G	1340.a3m	226.68
p.P138A	1341.a3m	255.141
p.K62Q	1342.a3m	266.028
p.M1R	1343.a3m	257.602
p.R163P	1344.a3m	259.722
p.P112S	1345.a3m	260.863
p.H257L	1346.a3m	229.914
p.A80V	1347.a3m	264.129
p.L213F	1348.a3m	255.506
p.L213V	1349.a3m	275.789
p.D242E	134.a3m	256.365
p.R244P	1350.a3m	227.336
p.H194R	1351.a3m	250.292
p.H194Q	1352.a3m	264.948
p.C199R	1353.a3m	273.589
p.G78R	1354.a3m	235.738
p.S82C	1355.a3m	246.016
p.N92S	1356.a3m	274.825
p.L167W	1357.a3m	277.728
p.M293V	1358.a3m	245.78
p.N305H	1359.a3m	223.561
p.L91F	135.a3m	243.031
p.F95V	1360.a3m	252.374
p.V177M	1361.a3m	245.465
p.D296N	1362.a3m	231.929
p.L155F	1363.a3m	254.996
p.A39T	1364.a3m	259.669
p.Q128L	1365.a3m	261.671
p.E159D	1366.a3m	245.751
p.E23Q	1367.a3m	244.112
p.M130T	1368.a3m	254.338
p.P262S	1369.a3m	276.621
p.P283R	136.a3m	227.069
p.S201N	1370.a3m	261.208
p.R119L	1371.a3m	259.801
p.S110C	1372.a3m	268.982
p.A40P	1373.a3m	244.791
p.M204K	1374.a3m	255.56
p.P113Q	1375.a3m	269.301
p.D169V	1376.a3m	268.762
p.Q97STOP	1377.a3m	114.299
p.L225V	1378.a3m	261.877
p.G263A	1379.a3m	247.173
p.P183R	137.a3m	264.67
p.R136C	1380.a3m	242.791
p.P43T	1381.a3m	263.283
p.S88F	1382.a3m	261.719
p.F74I	1383.a3m	262.751
p.R170I	1384.a3m	245.595
p.D22E	1385.a3m	250.031
p.N224S	1386.a3m	260.516
p.S146G	1387.a3m	250.679
p.A45T	1388.a3m	264.836
p.T265P	1389.a3m	247.443
p.P183T	138.a3m	239.494
p.S275Y	1390.a3m	229.301
p.L167S	1391.a3m	234.973
p.Y301C	1392.a3m	237.225
p.V58G	1393.a3m	266.551
p.R243W	1394.a3m	255.217
p.C236STOP	1395.a3m	140.882
p.Y87F	1396.a3m	266.125
p.Y124F	1397.a3m	269.968
p.S176G	1398.a3m	229.64
p.Y64C	1399.a3m	259.806
p.Y181N	139.a3m	240.399
p.L260M	13.a3m	240.356
p.Y181C	1400.a3m	260.982
p.Q105E	1401.a3m	273.263
p.S202C	1402.a3m	232.61
p.A122P	1403.a3m	250.18
p.R117L	1404.a3m	270.709
p.D147N	1405.a3m	234.938
p.M27K	1406.a3m	243.675
p.M130V	1407.a3m	246.095
p.K100STOP	1408.a3m	129.412
p.Q65E	1409.a3m	253.804
p.G160R	140.a3m	263.975
p.V133F	1410.a3m	239.596
p.P239H	1411.a3m	246.3
p.D9A	1412.a3m	264.78
p.Q153E	1413.a3m	270.595
p.M5R	1414.a3m	266.511
p.P184L	1415.a3m	269.421
p.A237V	1416.a3m	261.611
p.L225Q	1417.a3m	266.426
p.E182STOP	1418.a3m	207.85
p.H140R	1419.a3m	257.678
p.L6M	141.a3m	271.171
p.M5V	1420.a3m	259.748
p.E29V	1421.a3m	238.664
p.T79R	1422.a3m	250.564
p.P21A	1423.a3m	274.096
p.S144P	1424.a3m	252.471
p.N161D	1425.a3m	254.797
p.D109E	1426.a3m	265.357
p.M293L	1427.a3m	252.314
p.E247V	1428.a3m	260.965
p.F74L	1429.a3m	269.387
p.I193L	142.a3m	248.016
p.R174P	1430.a3m	252.389
p.G115D	1431.a3m	247.83
p.I216S	1432.a3m	255.733
p.D22A	1433.a3m	263.284
p.S222I	1434.a3m	253.874
p.C96S	1435.a3m	260.022
p.H154Q	1436.a3m	232.277
p.D145Y	1437.a3m	228.288
p.G223C	1438.a3m	248.699
p.S264N	1439.a3m	257.927
p.P261L	143.a3m	255.283
p.P184A	1440.a3m	253.083
p.A99T	1441.a3m	255.654
p.Q97K	1442.a3m	262.926
p.S221Y	1443.a3m	268.042
p.S307P	1444.a3m	258.418
p.S51T	1445.a3m	261.394
p.C300F	1446.a3m	261.12
p.C85G	1447.a3m	249.927
p.S201T	1448.a3m	269.272
p.S274C	1449.a3m	237.449
p.Q65H	144.a3m	238.475
p.N161Y	1450.a3m	242.357
p.P28Q	1451.a3m	245.937
p.D22V	1452.a3m	266.723
p.C238F	1453.a3m	235.386
p.P103S	1454.a3m	252.66
p.STOP308S	1455.a3m	272.868
p.G227STOP	1456.a3m	160.606
p.R71H	1457.a3m	260.441
p.Q97P	1458.a3m	247.58
p.N208S	1459.a3m	275.927
p.C238R	145.a3m	242.556
p.S67C	1460.a3m	248.707
p.P211T	1461.a3m	247.143
p.E141K	1462.a3m	261.999
p.S82T	1463.a3m	255.53
p.T265S	1464.a3m	250.102
p.E182Q	1465.a3m	259.416
p.E246G	1466.a3m	237.071
p.Y197F	1467.a3m	267.712
p.H258L	1468.a3m	239.005
p.Q65STOP	1469.a3m	92.9869
p.R142P	146.a3m	260.791
p.C236Y	1470.a3m	249.509
p.W299C	1471.a3m	249.101
p.T16I	1472.a3m	258.564
p.S56C	1473.a3m	257.287
p.C199STOP	1474.a3m	174.662
p.A37P	1475.a3m	241.861
p.R174G	1476.a3m	232.076
p.STOP308K	1477.a3m	251.616
p.L72V	1478.a3m	257.016
p.F70C	1479.a3m	262.202
p.D296Y	147.a3m	251.057
p.T111S	1480.a3m	257.782
p.L106R	1481.a3m	267.883
p.A120D	1482.a3m	246.247
p.E165D	1483.a3m	265.405
p.T290I	1484.a3m	231.119
p.L269P	1485.a3m	226.967
p.T214N	1486.a3m	251.232
p.A99D	1487.a3m	256.95
p.C96R	1488.a3m	254.818
p.E248Q	1489.a3m	264.275
p.L106Q	148.a3m	255.063
p.S307T	1490.a3m	248.113
p.L295F	1491.a3m	243.294
p.E219Q	1492.a3m	259.301
p.C85W	1493.a3m	262.725
p.P211A	1494.a3m	259.414
p.V186D	1495.a3m	248.015
p.H76Y	1496.a3m	257.239
p.W52STOP	1497.a3m	52.9361
p.T101P	1498.a3m	257.131
p.K280N	1499.a3m	257.038
p.D18A	149.a3m	251.075
p.K253N	14.a3m	223.806
p.R163G	1500.a3m	253.289
p.D18Y	1501.a3m	257.21
p.F173Y	1502.a3m	261.758
p.K253R	1503.a3m	232.964
p.I212T	1504.a3m	280.424
p.L303M	1505.a3m	256.018
p.V104E	1506.a3m	257.326
p.Q97H	1507.a3m	257.785
p.S82F	1508.a3m	265.188
p.M5K	1509.a3m	258.003
p.S230T	150.a3m	252.267
p.R251L	1510.a3m	253.165
p.D220E	1511.a3m	249.249
p.F15I	1512.a3m	265.504
p.E165G	1513.a3m	237.39
p.R26T	1514.a3m	243.544
p.T16A	1515.a3m	240.388
p.P152S	1516.a3m	250.248
p.V235F	1517.a3m	262.519
p.P25S	1518.a3m	256.632
p.P28A	1519.a3m	250.249
p.K81Q	151.a3m	275.208
p.Q128E	1520.a3m	246.259
p.K100N	1521.a3m	267.993
p.D296G	1522.a3m	232.459
p.R157P	1523.a3m	247.831
p.L295P	1524.a3m	238.743
p.P41S	1525.a3m	255.612
p.N249Y	1526.a3m	228.837
p.L260V	1527.a3m	256.49
p.C199G	1528.a3m	231.49
p.D189Y	1529.a3m	235.009
p.L54M	152.a3m	252.871
p.L98R	1530.a3m	263.22
p.W14C	1531.a3m	245.493
p.F289Y	1532.a3m	239.324
p.N171H	1533.a3m	240.712
p.P279T	1534.a3m	221.146
p.L149Q	1535.a3m	257.445
p.C199W	1536.a3m	269.348
p.E185A	1537.a3m	240.653
p.A90S	1538.a3m	261.201
p.F231I	1539.a3m	254.6
p.L6Q	153.a3m	271.803
p.R163H	1540.a3m	252.129
p.V118F	1541.a3m	262.3
p.S202A	1542.a3m	242.74
p.N271H	1543.a3m	260.078
p.M204T	1544.a3m	257.647
p.T79A	1545.a3m	257.316
p.P28T	1546.a3m	264.961
p.K280T	1547.a3m	235.547
p.I123S	1548.a3m	268.931
p.G205S	1549.a3m	252.916
p.F15C	154.a3m	260.192
p.P50R	1550.a3m	255.912
p.T273P	1551.a3m	229.105
p.I123N	1552.a3m	263.331
p.K253T	1553.a3m	243.743
p.Y124N	1554.a3m	268.751
p.W14STOP	1555.a3m	12.3059
p.F231S	1556.a3m	266.225
p.K253E	1557.a3m	232.101
p.L303P	1558.a3m	245.807
p.E23STOP	1559.a3m	21.1846
p.G240R	155.a3m	252.03
p.L294P	1560.a3m	248.426
p.S127STOP	1561.a3m	145.106
p.L6R	1562.a3m	274.96
p.A30G	1563.a3m	263.301
p.P152L	1564.a3m	254.876
p.N272K	1565.a3m	228.41
p.I11N	1566.a3m	236.592
p.H129Q	1567.a3m	253.645
p.S88A	1568.a3m	261.164
p.V58F	1569.a3m	258.741
p.E132A	156.a3m	274.728
p.N208T	1570.a3m	247.022
p.T245A	1571.a3m	260.501
p.W107R	1572.a3m	260.289
p.E23K	1573.a3m	257.914
p.F289C	1574.a3m	244.393
p.A30V	1575.a3m	258.745
p.Y166N	1576.a3m	255.59
p.V164L	1577.a3m	246.878
p.A35T	1578.a3m	250.23
p.P239R	1579.a3m	271.428
p.Q61H	157.a3m	260.886
p.H257Y	1580.a3m	237.741
p.N272I	1581.a3m	241.808
p.E132STOP	1582.a3m	150.384
p.A268E	1583.a3m	216.464
p.D9G	1584.a3m	260.038
p.Y68C	1585.a3m	262.449
p.G69R	1586.a3m	255.463
p.L291R	1587.a3m	245.426
p.T245I	1588.a3m	232.276
p.L218P	1589.a3m	272.132
p.V177L	158.a3m	217.746
p.S110T	1590.a3m	248.422
p.E23V	1591.a3m	226.152
p.P59T	1592.a3m	269.647
p.V133G	1593.a3m	255.161
p.G187A	1594.a3m	260.697
p.P50H	1595.a3m	268.003
p.S276T	1596.a3m	264.002
p.Y301F	1597.a3m	238.192
p.I304T	1598.a3m	254.941
p.L297S	1599.a3m	233.004
p.S274I	159.a3m	226.864
p.L75S	15.a3m	260.226
p.P112A	1600.a3m	263.525
p.P59A	1601.a3m	275.333
p.K282I	1602.a3m	238.359
p.L54R	1603.a3m	253.552
p.I304K	1604.a3m	266.082
p.I215V	1605.a3m	248.51
p.S202Y	1606.a3m	247.656
p.P180T	1607.a3m	237.937
p.D3Y	1608.a3m	283.839
p.S56Y	1609.a3m	222.354
p.P50A	160.a3m	253.307
p.Q128K	1610.a3m	217.2
p.E246A	1611.a3m	236.104
p.L250F	1612.a3m	275.948
p.Y181STOP	1613.a3m	199.383
p.L291F	1614.a3m	248.096
p.P33L	1615.a3m	274.733
p.N249H	1616.a3m	241.447
p.S56A	1617.a3m	256.026
p.K282N	1618.a3m	228.875
p.V164E	1619.a3m	253.994
p.L155P	161.a3m	250.502
p.S7C	1620.a3m	276.808
p.A122V	1621.a3m	251.565
p.H154L	1622.a3m	235.209
p.S51A	1623.a3m	266.041
p.G148A	1624.a3m	229.633
p.P103A	1625.a3m	252.7
p.C238Y	1626.a3m	225.93
p.P33A	1627.a3m	252.352
p.I156F	1628.a3m	246.162
p.V133D	1629.a3m	252.471
p.M130R	162.a3m	242.678
p.I212S	1630.a3m	240.052
p.W107C	1631.a3m	229.196
p.D169A	1632.a3m	226.011
p.S176I	1633.a3m	259.215
p.L155R	1634.a3m	272.158
p.I215F	1635.a3m	247.557
p.A49S	1636.a3m	261.909
p.F173V	1637.a3m	221.546
p.T192P	1638.a3m	239.79
p.Q153P	1639.a3m	264.335
p.P48R	163.a3m	264.919
p.G73V	1640.a3m	239.502
p.E255A	1641.a3m	264.229
p.T172I	1642.a3m	242.743
p.L72P	1643.a3m	253.43
p.Q105R	1644.a3m	271.047
p.W299STOP	1645.a3m	226.718
p.M207R	1646.a3m	259.25
p.H139Q	1647.a3m	267.39
p.T290A	1648.a3m	246.639
p.P152R	1649.a3m	249.688
p.R142C	164.a3m	263.099
p.P48A	1650.a3m	260.644
p.E259A	1651.a3m	239.087
p.R228Q	1652.a3m	261.621
p.V186A	1653.a3m	249.403
p.M121T	1654.a3m	244.357
p.R135W	1655.a3m	263.248
p.T116S	1656.a3m	224.365
p.P43A	1657.a3m	254.446
p.S57F	1658.a3m	256.414
p.L91H	1659.a3m	255.614
p.M198K	165.a3m	267.773
p.P279S	1660.a3m	236.336
p.C102W	1661.a3m	267.217
p.M1K	1662.a3m	262.089
p.Q13STOP	1663.a3m	11.2583
p.D220Y	1664.a3m	260.724
p.P59R	1665.a3m	270.762
p.G148V	1666.a3m	250.735
p.E159A	1667.a3m	265.036
p.A44T	1668.a3m	259.727
p.Y288C	1669.a3m	267.865
p.G286V	166.a3m	260.209
p.L218R	1670.a3m	255.45
p.A80S	1671.a3m	247.256
p.T79K	1672.a3m	248.962
p.T217A	1673.a3m	269.577
p.D242G	1674.a3m	226.604
p.D2E	1675.a3m	262.739
p.C137R	1676.a3m	252.309
p.E255D	1677.a3m	245.345
p.K266T	1678.a3m	232.176
p.P262L	1679.a3m	256.396
p.H139P	167.a3m	260.949
p.E29D	1680.a3m	259.545
p.L4M	1681.a3m	261.115
p.A30D	1682.a3m	258.46
p.S77A	1683.a3m	261.287
p.K62N	1684.a3m	240.065
p.R228G	1685.a3m	260.565
p.A49T	1686.a3m	257.527
p.E12STOP	1687.a3m	12.2227
p.A40S	1688.a3m	260.403
p.A37V	1689.a3m	258.264
p.L106V	168.a3m	256.172
p.E12D	1690.a3m	265.417
p.A24T	1691.a3m	258.231
p.G254E	1692.a3m	243.595
p.V104A	1693.a3m	260.193
p.Y68S	1694.a3m	238.638
p.V104M	1695.a3m	255.854
p.V178M	1696.a3m	264.328
p.K125R	1697.a3m	273.229
p.S275T	1698.a3m	246.831
p.P256T	1699.a3m	228.246
p.P28S	169.a3m	231.038
p.N249I	16.a3m	248.044
p.C199S	1700.a3m	219.625
p.K282T	1701.a3m	240.54
p.F15V	1702.a3m	245.465
p.E29STOP	1703.a3m	37.0007
p.G223S	1704.a3m	242.783
p.P151L	1705.a3m	255.852
p.R298Q	1706.a3m	231.264
p.P261S	1707.a3m	238.125
p.S67I	1708.a3m	272.377
p.I212N	1709.a3m	240.234
p.L250H	170.a3m	242.756
p.Q153STOP	1710.a3m	167.1
p.H154Y	1711.a3m	232.191
p.N271S	1712.a3m	223.188
p.I11L	1713.a3m	278.007
p.K252R	1714.a3m	258.633
p.M204L	1715.a3m	257.453
p.Y68F	1716.a3m	255.58
p.Y87N	1717.a3m	267.898
p.L250I	1718.a3m	243.65
p.H194D	1719.a3m	238.526
p.D3A	171.a3m	260.248
p.C199F	1720.a3m	238.615
p.T84P	1721.a3m	262.861
p.K100T	1722.a3m	241.471
p.P19Q	1723.a3m	235.838
p.S307A	1724.a3m	259.195
p.M94I	1725.a3m	262.456
p.Q292K	1726.a3m	246.413
p.T84I	1727.a3m	261.323
p.R71G	1728.a3m	263.762
p.Y64D	1729.a3m	260.648
p.E12G	172.a3m	257.964
p.C85R	1730.a3m	260.672
p.S230N	1731.a3m	273.046
p.Q105P	1732.a3m	257.984
p.S202P	1733.a3m	238.045
p.S144A	1734.a3m	263.443
p.P277L	1735.a3m	229.997
p.P184R	1736.a3m	236.612
p.E246V	1737.a3m	228.147
p.F289S	1738.a3m	249.816
p.H76L	1739.a3m	247.672
p.E247D	173.a3m	237.942
p.T86A	1740.a3m	257.415
p.D2N	1741.a3m	250.624
p.G73C	1742.a3m	256.699
p.H258Q	1743.a3m	227.885
p.L260Q	1744.a3m	259.752
p.C236S	1745.a3m	235.455
p.T86P	1746.a3m	254.017
p.P46H	1747.a3m	261.102
p.E247A	1748.a3m	247.201
p.A30S	1749.a3m	261.903
p.P8Q	174.a3m	262.774
p.S144L	1750.a3m	258.464
p.M121L	1751.a3m	263.42
p.Y288N	1752.a3m	234.492
p.P112L	1753.a3m	261.025
p.K62E	1754.a3m	255.102
p.V235I	1755.a3m	262.868
p.E165STOP	1756.a3m	182.538
p.Q105H	1757.a3m	248.765
p.A150V	1758.a3m	237.449
p.M5I	1759.a3m	252.699
p.G78V	175.a3m	253.694
p.Q292H	1760.a3m	255.405
p.R209Q	1761.a3m	254.047
p.E185V	1762.a3m	271.39
p.C143S	1763.a3m	243.157
p.Y195F	1764.a3m	219.392
p.S55L	1765.a3m	265.883
p.F289L	1766.a3m	247.143
p.Y124S	1767.a3m	232.101
p.M207T	1768.a3m	239.584
p.G66R	1769.a3m	249.831
p.P261H	176.a3m	268.164
p.G187D	1770.a3m	270.093
p.H257N	1771.a3m	239.017
p.P53H	1772.a3m	237.868
p.H154D	1773.a3m	256.509
p.K282Q	1774.a3m	228.013
p.Q65R	1775.a3m	268.254
p.H76R	1776.a3m	257.845
p.L162M	1777.a3m	270.763
p.W14S	1778.a3m	254.181
p.A122T	1779.a3m	257.025
p.M5T	177.a3m	245.548
p.V118A	1780.a3m	256.28
p.T101S	1781.a3m	250.267
p.S77P	1782.a3m	233.905
p.A268T	1783.a3m	242.874
p.K282R	1784.a3m	260.61
p.S274R	1785.a3m	248.136
p.N305T	1786.a3m	230.988
p.S146T	1787.a3m	258.156
p.A90P	1788.a3m	277.132
p.D242A	1789.a3m	231.834
p.S7T	178.a3m	254.547
p.Y124STOP	1790.a3m	129.083
p.F302C	1791.a3m	273.359
p.D242Y	1792.a3m	240.925
p.S110F	1793.a3m	263.903
p.P25L	1794.a3m	254.293
p.P183S	1795.a3m	256.914
p.S144STOP	1796.a3m	172.206
p.S275P	1797.a3m	240.983
p.R228L	1798.a3m	239.683
p.S77C	1799.a3m	234.538
p.F302I	179.a3m	252.991
p.F95C	17.a3m	233.715
p.A35D	1800.a3m	231.233
p.T131S	1801.a3m	257.007
p.G160A	1802.a3m	242.931
p.H140P	1803.a3m	252.606
p.A80T	1804.a3m	269.028
p.Q153H	1805.a3m	242.727
p.I215N	1806.a3m	261.239
p.T214A	1807.a3m	261.46
p.T192I	1808.a3m	242.924
p.A24P	1809.a3m	223.107
p.G205C	180.a3m	248.23
p.T86K	1810.a3m	263.533
p.E247Q	1811.a3m	237.461
p.N229K	1812.a3m	265.805
p.N305Y	1813.a3m	230.541
p.R244H	1814.a3m	259.38
p.C236G	1815.a3m	244.359
p.F173I	1816.a3m	230.611
p.E159STOP	1817.a3m	173.835
p.F74S	1818.a3m	248.619
p.Q97E	1819.a3m	276.456
p.S306P	181.a3m	254.233
p.M94R	1820.a3m	263.236
p.S264R	1821.a3m	229.273
p.H175N	1822.a3m	256.337
p.N200I	1823.a3m	241.296
p.P50L	1824.a3m	249.206
p.E255G	1825.a3m	247.158
p.P53S	1826.a3m	270.604
p.S176R	1827.a3m	256.133
p.G78E	1828.a3m	260.798
p.D189E	1829.a3m	255.993
p.I304R	182.a3m	269.778
p.P50S	1830.a3m	233.477
p.E259Q	1831.a3m	230.675
p.Y197D	1832.a3m	230.333
p.F302L	1833.a3m	266.551
p.E182G	1834.a3m	251.844
p.G227R	1835.a3m	281.388
p.I212M	1836.a3m	276.359
p.T16P	1837.a3m	256.783
p.G227A	1838.a3m	242.724
p.A47E	1839.a3m	261.677
p.P277A	183.a3m	226.992
p.M5L	1840.a3m	272.41
p.Q128P	1841.a3m	262.638
p.S188F	1842.a3m	224.76
p.S127A	1843.a3m	273.328
p.I216N	1844.a3m	250.318
p.C300W	1845.a3m	247.886
p.H129R	1846.a3m	277.377
p.E248G	1847.a3m	242.043
p.V177E	1848.a3m	261.078
p.G227V	1849.a3m	251.958
p.R157Q	184.a3m	260.941
p.T172P	1850.a3m	273.758
p.N171K	1851.a3m	251.819
p.K93N	1852.a3m	248.107
p.N224D	1853.a3m	256.75
p.L284V	1854.a3m	229.9
p.E12V	1855.a3m	254.425
p.K252Q	1856.a3m	231.052
p.L6V	1857.a3m	245.285
p.K280E	1858.a3m	219.595
p.Q126STOP	1859.a3m	137.279
p.S222C	185.a3m	228.451
p.R210T	1860.a3m	236.864
p.T101N	1861.a3m	253.964
p.A39V	1862.a3m	254.169
p.A31S	1863.a3m	249.383
p.S51Y	1864.a3m	262.08
p.A47T	1865.a3m	260.037
p.P277T	1866.a3m	215.12
p.N305K	1867.a3m	232.846
p.L98V	1868.a3m	274.27
p.V179E	1869.a3m	267.361
p.M121R	186.a3m	267.856
p.N208K	1870.a3m	251.41
p.Y87C	1871.a3m	274.395
p.P261T	1872.a3m	242.24
p.L303V	1873.a3m	247.04
p.R267P	1874.a3m	245.578
p.E247G	1875.a3m	246.678
p.G254W	1876.a3m	229.736
p.A35P	1877.a3m	255.669
p.Q126L	1878.a3m	258.613
p.G206S	1879.a3m	263.729
p.L75W	187.a3m	262.099
p.V34L	1880.a3m	250.792
p.S7F	1881.a3m	260.244
p.G20C	1882.a3m	267.894
p.L149R	1883.a3m	246.742
p.A37T	1884.a3m	255.833
p.I304V	1885.a3m	247.329
p.M94K	1886.a3m	257.199
p.P38L	1887.a3m	261.536
p.A39G	1888.a3m	249.32
p.N200K	1889.a3m	237.845
p.N272D	188.a3m	237.082
p.P8A	1890.a3m	254.129
p.L226V	1891.a3m	266.495
p.A150D	1892.a3m	248.253
p.P279L	1893.a3m	240.672
p.E246K	1894.a3m	245.638
p.C102F	1895.a3m	254.039
p.E232STOP	1896.a3m	155.972
p.D18H	1897.a3m	266.581
p.E248A	189.a3m	244.687
p.N208H	18.a3m	264.486
p.D9N	190.a3m	256.631
p.E287G	191.a3m	248.802
p.E29A	192.a3m	244.587
p.T131M	193.a3m	247.196
p.C137G	194.a3m	248.024
p.E141Q	195.a3m	245.144
p.L218Q	196.a3m	242.745
p.R267L	197.a3m	264.805
p.I156M	198.a3m	251.621
p.L269R	199.a3m	243.678
p.G20A	19.a3m	251.898
p.G115S	1.a3m	223.328
p.H154R	200.a3m	264.21
p.I216F	201.a3m	264.338
p.G206V	202.a3m	271.911
p.P270H	203.a3m	234.545
p.Y64S	204.a3m	277.339
p.S67G	205.a3m	256.063
p.H175R	206.a3m	255.706
p.P180A	207.a3m	270.3
p.L75STOP	208.a3m	100.023
p.P270R	209.a3m	238.972
p.D189N	20.a3m	273.091
p.P36H	210.a3m	249.191
p.I123T	211.a3m	255.956
p.Y68N	212.a3m	275.263
p.M121I	213.a3m	273.564
p.R157G	214.a3m	235.919
p.K281N	215.a3m	237.643
p.S110A	216.a3m	257.516
p.S51P	217.a3m	259.377
p.S230G	218.a3m	267.302
p.C190S	219.a3m	264.694
p.Q128R	21.a3m	251.443
p.H129Y	220.a3m	243.642
p.Y288F	221.a3m	247.86
p.N92K	222.a3m	255.581
p.K253STOP	223.a3m	149.087
p.D242N	224.a3m	267.313
p.P8T	225.a3m	256.458
p.H257P	226.a3m	262.886
p.S88Y	227.a3m	265.572
p.I11T	228.a3m	244.546
p.L291I	229.a3m	240.298
p.E219STOP	22.a3m	151.493
p.R117G	230.a3m	269.283
p.V58A	231.a3m	242.936
p.C238W	232.a3m	256.817
p.I11F	233.a3m	248.542
p.R135S	234.a3m	270.08
p.N171Y	235.a3m	246.288
p.E12A	236.a3m	242.732
p.Q13K	237.a3m	217.137
p.F95S	238.a3m	257.579
p.T217K	239.a3m	244.729
p.Q292P	23.a3m	259.77
p.L213P	240.a3m	262.55
p.P53T	241.a3m	282.005
p.Q126P	242.a3m	251.177
p.P113R	243.a3m	260.383
p.H194Y	244.a3m	260.006
p.T191N	245.a3m	261.696
p.G205R	246.a3m	244.929
p.M207L	247.a3m	227.021
p.E165Q	248.a3m	262.321
p.L284Q	249.a3m	248.226
p.Q97R	24.a3m	256.051
p.P53L	250.a3m	223.166
p.Q153R	251.a3m	252.992
p.E287V	252.a3m	235.266
p.Y64H	253.a3m	277.639
p.E287K	254.a3m	258.028
p.V34A	255.a3m	242.817
p.S82A	256.a3m	254.512
p.Q278STOP	257.a3m	188.796
p.Y87STOP	258.a3m	112.51
p.STOP308E	259.a3m	228.318
p.P89T	25.a3m	250.539
p.T290P	260.a3m	255.269
p.R26I	261.a3m	261.362
p.K252T	262.a3m	215.661
p.R251S	263.a3m	241.298
p.P180L	264.a3m	259.398
p.S306L	265.a3m	230.643
p.A120V	266.a3m	257.171
p.V108A	267.a3m	251.783
p.A44G	268.a3m	240.732
p.P239L	269.a3m	265.953
p.A90G	26.a3m	255.374
p.Q13H	270.a3m	270.671
p.I212V	271.a3m	251.336
p.L218V	272.a3m	264.909
p.N272T	273.a3m	243.132
p.Y195N	274.a3m	257.879
p.P138S	275.a3m	264.417
p.F231Y	276.a3m	258.025
p.E182A	277.a3m	249.068
p.R142L	278.a3m	267.923
p.G206D	279.a3m	269.002
p.P48Q	27.a3m	264.538
p.S202T	280.a3m	262.237
p.V118I	281.a3m	257.46
p.H139N	282.a3m	251.111
p.D169N	283.a3m	268.792
p.G227E	284.a3m	278.459
p.G187C	285.a3m	268.006
p.P256A	286.a3m	228.355
p.E159G	287.a3m	255.246
p.D296H	288.a3m	225.888
p.Q278H	289.a3m	232.313
p.V177A	28.a3m	238.424
p.P239S	290.a3m	241.595
p.K280M	291.a3m	256.89
p.K253I	292.a3m	223.101
p.Q13E	293.a3m	245.194
p.L295R	294.a3m	255.024
p.C190Y	295.a3m	250.851
p.Q126R	296.a3m	261.455
p.S276F	297.a3m	230.053
p.C96Y	298.a3m	255.248
p.Q292R	299.a3m	263.237
p.F70S	29.a3m	243.613
p.L72M	2.a3m	264.304
p.T111P	300.a3m	261.341
p.E17Q	301.a3m	239.944
p.R135K	302.a3m	249.341
p.P8S	303.a3m	265.038
p.L295V	304.a3m	240.907
p.A40G	305.a3m	263.283
p.R71C	306.a3m	266.542
p.R228P	307.a3m	240.662
p.P38Q	308.a3m	265.284
p.L98P	309.a3m	243.353
p.F70I	30.a3m	266.61
p.P19L	310.a3m	275.963
p.P113T	311.a3m	256.415
p.E29Q	312.a3m	260.47
p.P180R	313.a3m	247.809
p.K62T	314.a3m	267.178
p.L294V	315.a3m	237.223
p.S264G	316.a3m	257.354
p.D285E	317.a3m	235.843
p.D145E	318.a3m	257.353
p.S230C	319.a3m	230.902
p.R244G	31.a3m	248.481
p.V34E	320.a3m	245.933
p.N208D	321.a3m	265.552
p.C238STOP	322.a3m	137.083
p.E17A	323.a3m	257.124
p.Q278P	324.a3m	241.24
p.P50T	325.a3m	228.276
p.H140Q	326.a3m	256.433
p.E259V	327.a3m	224.209
p.N229T	328.a3m	241.985
p.Q61L	329.a3m	257.003
p.Q126E	32.a3m	243.079
p.D10N	330.a3m	251.575
p.V164A	331.a3m	251.047
p.E132G	332.a3m	249.147
p.Y195STOP	333.a3m	198.569
p.N200Y	334.a3m	254.644
p.L91P	335.a3m	263.478
p.P48S	336.a3m	257.071
p.C203R	337.a3m	235.353
p.R26K	338.a3m	274.434
p.C85S	339.a3m	256.938
p.G78W	33.a3m	250.328
p.Y124C	340.a3m	253.829
p.S201I	341.a3m	258.861
p.N92H	342.a3m	248.617
p.V233M	343.a3m	231.351
p.R210K	344.a3m	265.727
p.V134L	345.a3m	258.885
p.S110Y	346.a3m	271.187
p.G223V	347.a3m	240.82
p.W52R	348.a3m	263.567
p.Y68D	349.a3m	253.245
p.C143Y	34.a3m	270.54
p.Y124H	350.a3m	277.648
p.I156T	351.a3m	259.794
p.F70Y	352.a3m	250.759
p.S306STOP	353.a3m	224.907
p.A44S	354.a3m	249.382
p.E132V	355.a3m	266.542
p.L149M	356.a3m	242.683
p.A45G	357.a3m	259.842
p.R209L	358.a3m	239.956
p.A31V	359.a3m	271.122
p.P33H	35.a3m	242.352
p.R163L	360.a3m	238.065
p.D3V	361.a3m	266.208
p.L162W	362.a3m	272.597
p.T172N	363.a3m	243.2
p.V186G	364.a3m	265.328
p.F15Y	365.a3m	251.488
p.D9V	366.a3m	271.449
p.L213I	367.a3m	248.02
p.V108G	368.a3m	231.508
p.C96F	369.a3m	257.351
p.N196T	36.a3m	263.01
p.Y181S	370.a3m	252.336
p.I216T	371.a3m	267.727
p.K100R	372.a3m	264.308
p.E23A	373.a3m	253.101
p.G206A	374.a3m	238.374
p.V177G	375.a3m	234.639
p.G148C	376.a3m	237.377
p.S221F	377.a3m	248.575
p.M204V	378.a3m	257.604
p.V108L	379.a3m	274.027
p.L167M	37.a3m	265.532
p.P261A	380.a3m	241.857
p.Y166H	381.a3m	246.585
p.L291V	382.a3m	237.571
p.P270S	383.a3m	229.969
p.D189A	384.a3m	268.439
p.Y166STOP	385.a3m	169.406
p.A31G	386.a3m	251.177
p.N208I	387.a3m	236.036
p.W299R	388.a3m	259.546
p.E287Q	389.a3m	240.752
p.N200T	38.a3m	249.289
p.D2Y	390.a3m	272.432
p.L297I	391.a3m	261.844
p.T131R	392.a3m	262.406
p.D220V	393.a3m	253.536
p.G115A	394.a3m	236.883
p.W14R	395.a3m	266.459
p.P38R	396.a3m	268.98
p.E185K	397.a3m	261.325
p.K281M	398.a3m	257.377
p.Q61K	399.a3m	270.392
p.S60T	39.a3m	237.406
p.I193N	3.a3m	220.924
p.N171I	400.a3m	236.075
p.L54Q	401.a3m	264.488
p.N161K	402.a3m	232.494
p.H175Q	403.a3m	235.263
p.G78A	404.a3m	266.687
p.V58I	405.a3m	270.206
p.D22G	406.a3m	253.324
p.W52C	407.a3m	255.112
p.P152A	408.a3m	262.628
p.L225I	409.a3m	257.683
p.K81M	40.a3m	266.138
p.L284P	410.a3m	236.091
p.L218M	411.a3m	269.232
p.S275F	412.a3m	243.409
p.W107STOP	413.a3m	123.501
p.R117S	414.a3m	250.118
p.E259STOP	415.a3m	144.655
p.S57A	416.a3m	231.435
p.A49D	417.a3m	255.593
p.G69S	418.a3m	265.632
p.L4S	419.a3m	260.272
p.I212L	41.a3m	265.934
p.D3G	420.a3m	261.092
p.Q278K	421.a3m	235.299
p.C143G	422.a3m	254.621
p.F15S	423.a3m	267.156
p.L226M	424.a3m	266.212
p.K266M	425.a3m	232.478
p.P138T	426.a3m	257.529
p.D296E	427.a3m	238.44
p.I156S	428.a3m	240.785
p.C143R	429.a3m	256.415
p.H140Y	42.a3m	228.299
p.V108F	430.a3m	239.992
p.T214S	431.a3m	253.055
p.A237T	432.a3m	240.981
p.D285A	433.a3m	232.963
p.T42S	434.a3m	262.964
p.K81E	435.a3m	260.904
p.E23G	436.a3m	224.853
p.K266R	437.a3m	230.706
p.K125T	438.a3m	270.241
p.T214P	439.a3m	242.206
p.P180S	43.a3m	227.528
p.G160V	440.a3m	241.247
p.C96G	441.a3m	270.467
p.V83A	442.a3m	244.677
p.S60A	443.a3m	260.512
p.P138H	444.a3m	262.587
p.F70L	445.a3m	256.438
p.S202F	446.a3m	237.757
p.P89L	447.a3m	262.202
p.Y87S	448.a3m	270.817
p.A44P	449.a3m	240.064
p.Y197C	44.a3m	251.957
p.T63N	450.a3m	265.555
p.R210W	451.a3m	249.317
p.L4F	452.a3m	277.797
p.L162V	453.a3m	257.688
p.Q65P	454.a3m	260.879
p.P36L	455.a3m	245.863
p.D220G	456.a3m	258.772
p.A37G	457.a3m	257.636
p.N92I	458.a3m	251.472
p.G206C	459.a3m	238.295
p.D285Y	45.a3m	253.076
p.Q278R	460.a3m	255.945
p.T16S	461.a3m	267.241
p.K125M	462.a3m	255.914
p.F173S	463.a3m	238.982
p.M121K	464.a3m	273.134
p.K281Q	465.a3m	248.218
p.Q278L	466.a3m	251.48
p.P21T	467.a3m	256.195
p.P53R	468.a3m	270.187
p.T16N	469.a3m	257.613
p.N200S	46.a3m	231.638
p.G263V	470.a3m	233.06
p.H76N	471.a3m	240.744
p.P89H	472.a3m	258.053
p.C85STOP	473.a3m	110.742
p.G73R	474.a3m	270.216
p.Y195S	475.a3m	267.14
p.C300Y	476.a3m	222.132
p.V83G	477.a3m	246.193
p.V186I	478.a3m	238.693
p.D168Y	479.a3m	222.937
p.S60P	47.a3m	255.854
p.D285G	480.a3m	241.609
p.R170T	481.a3m	241.191
p.C137F	482.a3m	250.484
p.P21S	483.a3m	277.486
p.V118L	484.a3m	258.579
p.P211R	485.a3m	261.451
p.R228W	486.a3m	261.255
p.L294Q	487.a3m	238.295
p.R117P	488.a3m	253.776
p.R243P	489.a3m	229.222
p.P32S	48.a3m	250.384
p.P283S	490.a3m	245.171
p.G286A	491.a3m	240.086
p.S306W	492.a3m	231.722
p.V164M	493.a3m	260.816
p.R142H	494.a3m	268.873
p.H175Y	495.a3m	244.65
p.C137Y	496.a3m	252.877
p.Q126H	497.a3m	256.191
p.P41H	498.a3m	254.176
p.A47G	499.a3m	265.394
p.P114A	49.a3m	220.683
p.E248V	4.a3m	236.94
p.Y195C	500.a3m	265.687
p.P38T	501.a3m	246.129
p.P19T	502.a3m	223.808
p.V164G	503.a3m	253.552
p.D189H	504.a3m	238.166
p.C203S	505.a3m	259.259
p.E219A	506.a3m	233.478
p.A90T	507.a3m	264.711
p.P103R	508.a3m	245.615
p.E141G	509.a3m	248.165
p.D147A	50.a3m	249.375
p.G69D	510.a3m	240.958
p.M198T	511.a3m	251.333
p.E29G	512.a3m	259.489
p.M130I	513.a3m	244.353
p.E219K	514.a3m	248.434
p.S201R	515.a3m	250.056
p.Y68STOP	516.a3m	99.9058
p.S144T	517.a3m	249.488
p.E255V	518.a3m	221.499
p.T245K	519.a3m	239.343
p.C203W	51.a3m	243.395
p.V178A	520.a3m	268.63
p.P114R	521.a3m	273.853
p.P279Q	522.a3m	243.039
p.R209W	523.a3m	243.308
p.P19A	524.a3m	235.11
p.F302S	525.a3m	251.435
p.T116I	526.a3m	242.202
p.M94L	527.a3m	266.59
p.L284R	528.a3m	249.239
p.S221P	529.a3m	237.263
p.Y181D	52.a3m	277.51
p.R136L	530.a3m	247.631
p.I193M	531.a3m	229.96
p.A47S	532.a3m	257.444
p.T42I	533.a3m	229.81
p.T265I	534.a3m	239.102
p.W14G	535.a3m	236.29
p.Y64STOP	536.a3m	87.9781
p.C85Y	537.a3m	223.785
p.S264C	538.a3m	235.561
p.A24V	539.a3m	254.904
p.K93T	53.a3m	243.475
p.D18N	540.a3m	247.303
p.E17G	541.a3m	266.086
p.D10A	542.a3m	263.491
p.E232G	543.a3m	235.41
p.S77T	544.a3m	252.003
p.V104L	545.a3m	238.003
p.P239T	546.a3m	234.97
p.S276P	547.a3m	244.467
p.T245S	548.a3m	233.74
p.P262T	549.a3m	225.884
p.D3N	54.a3m	258.305
p.M27L	550.a3m	260.195
p.H257Q	551.a3m	255.077
p.G263R	552.a3m	229.688
p.C137W	553.a3m	266.779
p.R243Q	554.a3m	264.759
p.R170K	555.a3m	248.335
p.R251G	556.a3m	223.734
p.E132K	557.a3m	236.328
p.D169G	558.a3m	250.084
p.N171S	559.a3m	265.341
p.A24D	55.a3m	252.731
p.A120S	560.a3m	261.972
p.S188T	561.a3m	271.593
p.A45D	562.a3m	262.31
p.V186L	563.a3m	241.612
p.A122S	564.a3m	259.446
p.L213H	565.a3m	242.201
p.Q13R	566.a3m	239.574
p.Y301N	567.a3m	251.721
p.T214I	568.a3m	245.332
p.P32A	569.a3m	262.368
p.P114L	56.a3m	265.508
p.C96STOP	570.a3m	120.432
p.T79S	571.a3m	248.249
p.A24G	572.a3m	272.654
p.A99V	573.a3m	257.727
p.H175D	574.a3m	235.517
p.T63I	575.a3m	251.813
p.S57Y	576.a3m	248.384
p.S264I	577.a3m	242.318
p.C300G	578.a3m	247.855
p.L269Q	579.a3m	250.505
p.N271T	57.a3m	234.539
p.M1I	580.a3m	251.253
p.L75V	581.a3m	251.758
p.K252N	582.a3m	223.71
p.C190STOP	583.a3m	194.311
p.P262A	584.a3m	228.926
p.L297F	585.a3m	245.078
p.S77Y	586.a3m	255.904
p.P211S	587.a3m	260.826
p.S82P	588.a3m	263.979
p.M293T	589.a3m	240.384
p.P103L	58.a3m	232.045
p.L75M	590.a3m	237.311
p.R251C	591.a3m	234.699
p.M198L	592.a3m	231.495
p.C238G	593.a3m	250.963
p.G187V	594.a3m	273.427
p.E246STOP	595.a3m	142.634
p.A150G	596.a3m	262.325
p.T63P	597.a3m	270.288
p.T86S	598.a3m	268.934
p.P256R	599.a3m	238.588
p.R136G	59.a3m	274.331
p.G254R	5.a3m	245.857
p.F74V	600.a3m	255.093
p.K93R	601.a3m	261.39
p.P89A	602.a3m	239.171
p.Y288STOP	603.a3m	203.717
p.P239A	604.a3m	243.143
p.R142G	605.a3m	264.2
p.T131P	606.a3m	243.489
p.P41L	607.a3m	246.141
p.G115V	608.a3m	260.677
p.S60F	609.a3m	255.567
p.F95L	60.a3m	263.305
p.P53A	610.a3m	249.526
p.M121V	611.a3m	254.078
p.A35V	612.a3m	268.575
p.D145H	613.a3m	270.551
p.P46L	614.a3m	231.097
p.L98M	615.a3m	255.768
p.N224H	616.a3m	265.484
p.S275A	617.a3m	241.038
p.N208Y	618.a3m	232.413
p.Y288S	619.a3m	264.188
p.N249S	61.a3m	240.707
p.P46S	620.a3m	257.503
p.H258D	621.a3m	224.182
p.Y181F	622.a3m	252.729
p.T42A	623.a3m	274.136
p.P32R	624.a3m	239.174
p.P89S	625.a3m	272.726
p.T273S	626.a3m	236.462
p.S274T	627.a3m	236.152
p.C203Y	628.a3m	242.484
p.H139D	629.a3m	268.911
p.A37S	62.a3m	253.639
p.S77F	630.a3m	256.475
p.H175P	631.a3m	258.332
p.L269M	632.a3m	256.823
p.C137S	633.a3m	255.91
p.K266STOP	634.a3m	164.673
p.K100Q	635.a3m	254.037
p.L72R	636.a3m	277.528
p.S51C	637.a3m	264.636
p.N229H	638.a3m	260.534
p.D145G	639.a3m	255.246
p.D3E	63.a3m	257.061
p.G223A	640.a3m	257.009
p.N196S	641.a3m	250.077
p.S276A	642.a3m	256.081
p.E159K	643.a3m	254.896
p.R244L	644.a3m	247.851
p.W299G	645.a3m	247.338
p.M94V	646.a3m	260.553
p.P184S	647.a3m	233.032
p.A47V	648.a3m	233.004
p.L297STOP	649.a3m	229.9
p.K125STOP	64.a3m	148.498
p.L54V	650.a3m	263.692
p.K252STOP	651.a3m	148.101
p.L98Q	652.a3m	274.56
p.T273A	653.a3m	243.546
p.D2H	654.a3m	267.109
p.G66S	655.a3m	267.861
p.Y288D	656.a3m	246.931
p.G69C	657.a3m	261.437
p.E141STOP	658.a3m	143.263
p.H258R	659.a3m	263.116
p.R234S	65.a3m	246.642
p.F173L	660.a3m	262.99
p.R157STOP	661.a3m	179.213
p.R244C	662.a3m	241.672
p.R298P	663.a3m	245.205
p.E182D	664.a3m	264.42
p.T101I	665.a3m	267.191
p.K280STOP	666.a3m	187.728
p.T84A	667.a3m	242.336
p.G187R	668.a3m	273.213
p.P36R	669.a3m	266.944
p.K62R	66.a3m	266.522
p.Q65L	670.a3m	257.35
p.D22Y	671.a3m	235.546
p.I11S	672.a3m	252.47
p.C96W	673.a3m	253.294
p.T273I	674.a3m	244.671
p.S127L	675.a3m	260.183
p.R119C	676.a3m	266.905
p.E287D	677.a3m	241.735
p.L284M	678.a3m	238.474
p.R244S	679.a3m	234.581
p.A31T	67.a3m	253.202
p.E259K	680.a3m	232.877
p.S146N	681.a3m	224.249
p.T265A	682.a3m	234.565
p.D168V	683.a3m	246.106
p.P28L	684.a3m	251.424
p.P43S	685.a3m	263.375
p.K280Q	686.a3m	215.578
p.Q292E	687.a3m	256.723
p.E232V	688.a3m	246.143
p.A268P	689.a3m	222.1
p.G73S	68.a3m	234.383
p.E248D	690.a3m	253.465
p.Y288H	691.a3m	250.172
p.G66V	692.a3m	265.92
p.E219V	693.a3m	265.062
p.E141A	694.a3m	247.59
p.H194P	695.a3m	242.984
p.V186F	696.a3m	231.066
p.K281STOP	697.a3m	187.113
p.N196Y	698.a3m	274.438
p.P41T	699.a3m	258.003
p.N224Y	69.a3m	254.26
p.Q153L	6.a3m	237.56
p.I193T	700.a3m	235.494
p.Y166F	701.a3m	255.753
p.G160STOP	702.a3m	167.817
p.N196I	703.a3m	234.955
p.M27I	704.a3m	262.589
p.T131K	705.a3m	243.139
p.L226R	706.a3m	273.744
p.Y197S	707.a3m	243.784
p.C236F	708.a3m	226.297
p.R267G	709.a3m	251.121
p.K266E	70.a3m	220.812
p.N92D	710.a3m	264.278
p.G66A	711.a3m	259.418
p.D169E	712.a3m	235.651
p.D9H	713.a3m	235.771
p.P183L	714.a3m	231.788
p.D2A	715.a3m	281.078
p.A30P	716.a3m	262.969
p.S67T	717.a3m	263.688
p.A237D	718.a3m	255.399
p.V235G	719.a3m	225.595
p.D109N	71.a3m	246.756
p.D18G	720.a3m	256.21
p.E12K	721.a3m	249.15
p.P151A	722.a3m	276.63
p.N271D	723.a3m	259.727
p.K81T	724.a3m	257.824
p.P283A	725.a3m	257.285
p.K125Q	726.a3m	237.18
p.R234H	727.a3m	265.679
p.R136S	728.a3m	231.243
p.A40V	729.a3m	272.156
p.R119G	72.a3m	265.04
p.N305S	730.a3m	233.827
p.P36T	731.a3m	232.048
p.V83E	732.a3m	263.37
p.T101A	733.a3m	264.455
p.T116N	734.a3m	267.887
p.I123F	735.a3m	270.305
p.S55A	736.a3m	236.613
p.V158A	737.a3m	228.843
p.D10G	738.a3m	260.891
p.V235L	739.a3m	257.167
p.D147G	73.a3m	253.928
p.D242H	740.a3m	231.947
p.R210G	741.a3m	265.954
p.M198I	742.a3m	221.498
p.H194N	743.a3m	275.182
p.R241STOP	744.a3m	149.633
p.V178E	745.a3m	236.104
p.P25H	746.a3m	260.404
p.K93STOP	747.a3m	107.31
p.S127T	748.a3m	250.06
p.K281E	749.a3m	229.609
p.F95I	74.a3m	250.868
p.N92T	750.a3m	258.944
p.C238S	751.a3m	250.322
p.G69A	752.a3m	243.228
p.N271K	753.a3m	257.374
p.T111R	754.a3m	234.597
p.V83L	755.a3m	270.003
p.M1L	756.a3m	264.497
p.C85F	757.a3m	241.929
p.A40D	758.a3m	262.738
p.H258Y	759.a3m	256.695
p.T42R	75.a3m	256.647
p.T290S	760.a3m	245.232
p.L155V	761.a3m	287.15
p.S55STOP	762.a3m	63.6145
p.Y87H	763.a3m	266.583
p.S274N	764.a3m	237.705
p.V233G	765.a3m	251.37
p.Y195H	766.a3m	254.902
p.P183Q	767.a3m	240.836
p.A80G	768.a3m	248.175
p.K93Q	769.a3m	245.98
p.H129L	76.a3m	241.896
p.H139R	770.a3m	252.617
p.V179A	771.a3m	264.412
p.T192S	772.a3m	253.035
p.P113S	773.a3m	274.058
p.T290N	774.a3m	244.941
p.G73A	775.a3m	268.448
p.R243L	776.a3m	243.458
p.E185Q	777.a3m	265.58
p.N200D	778.a3m	234.565
p.Q61E	779.a3m	261.428
p.T116P	77.a3m	235.157
p.S7Y	780.a3m	268.126
p.K93M	781.a3m	262.085
p.R243G	782.a3m	239.803
p.P270A	783.a3m	239.76
p.W107G	784.a3m	277.748
p.T42P	785.a3m	248.193
p.A150S	786.a3m	266.542
p.C236R	787.a3m	258.201
p.V83M	788.a3m	275.23
p.A237P	789.a3m	250.056
p.S221T	78.a3m	251.143
p.T79P	790.a3m	251.846
p.P33T	791.a3m	255.689
p.G148R	792.a3m	238.198
p.F173C	793.a3m	251.927
p.K62STOP	794.a3m	78.8073
p.P283T	795.a3m	249.815
p.D109V	796.a3m	260.339
p.C236W	797.a3m	249.294
p.L162F	798.a3m	258.223
p.E29K	799.a3m	273.759
p.L167V	79.a3m	251.076
p.L226Q	7.a3m	259.207
p.P59S	800.a3m	301.071
p.R135G	801.a3m	245.274
p.P46A	802.a3m	245.055
p.L303R	803.a3m	236.578
p.R135T	804.a3m	273.142
p.A37E	805.a3m	254.111
p.D169H	806.a3m	252.086
p.V178L	807.a3m	265.045
p.N249D	808.a3m	247.975
p.I215L	809.a3m	231.425
p.G148S	80.a3m	261.079
p.L106M	810.a3m	245.217
p.H76Q	811.a3m	250.929
p.R170STOP	812.a3m	185.37
p.V34G	813.a3m	268.63
p.D22N	814.a3m	244.577
p.K282E	815.a3m	224.959
p.V179M	816.a3m	242.258
p.G286R	817.a3m	238.344
p.G263W	818.a3m	240.997
p.F289I	819.a3m	247.373
p.T42K	81.a3m	263.247
p.D220H	820.a3m	250.389
p.R71L	821.a3m	266.098
p.S57T	822.a3m	253.999
p.T131A	823.a3m	247.581
p.C203G	824.a3m	244.915
p.H140D	825.a3m	244.794
p.P38S	826.a3m	270.9
p.G20R	827.a3m	248.098
p.I156L	828.a3m	257.732
p.F302Y	829.a3m	243.273
p.S176T	82.a3m	272.842
p.Q13P	830.a3m	247.166
p.R241T	831.a3m	244.971
p.D168N	832.a3m	245.285
p.S188A	833.a3m	250.551
p.G286E	834.a3m	263.648
p.N224K	835.a3m	236.076
p.Q105K	836.a3m	247.781
p.P152H	837.a3m	267.059
p.P19R	838.a3m	257.492
p.R117H	839.a3m	252.339
p.V58L	83.a3m	253.864
p.P21R	840.a3m	277.956
p.I11V	841.a3m	257.368
p.R234G	842.a3m	262.058
p.Y181H	843.a3m	239.283
p.D168A	844.a3m	237.72
p.D10V	845.a3m	263.858
p.C199Y	846.a3m	
p.P8L	847.a3m	253.935
p.V158G	848.a3m	271.006
p.P33S	849.a3m	280.262
p.N272Y	84.a3m	248.156
p.K81N	850.a3m	266.488
p.S146C	851.a3m	247.515
p.K280R	852.a3m	261.757
p.D189V	853.a3m	271.865
p.H139Y	854.a3m	215.945
p.K62I	855.a3m	236.373
p.C190F	856.a3m	258.4
p.V104G	857.a3m	236.747
p.H139L	858.a3m	261.085
p.M94T	859.a3m	251.897
p.P183A	85.a3m	242.992
p.E185D	860.a3m	254.75
p.R170S	861.a3m	268.365
p.L155I	862.a3m	254.157
p.Q105STOP	863.a3m	118.493
p.L225R	864.a3m	266.42
p.I11M	865.a3m	261.041
p.L260P	866.a3m	227.603
p.S88T	867.a3m	265.264
p.H76D	868.a3m	262.016
p.N272H	869.a3m	230.411
p.K282STOP	86.a3m	193.354
p.V134M	870.a3m	259.297
p.T217R	871.a3m	255.227
p.A122G	872.a3m	272.059
p.S56T	873.a3m	273.397
p.L4STOP	874.a3m	10.1531
p.S222R	875.a3m	262.506
p.F231V	876.a3m	260.908
p.S55T	877.a3m	263.898
p.H140L	878.a3m	253.309
p.T192N	879.a3m	240.491
p.V235A	87.a3m	233.167
p.P138L	880.a3m	258.968
p.V118D	881.a3m	255.364
p.K281T	882.a3m	227.98
p.P48L	883.a3m	226.614
p.T172S	884.a3m	255.71
p.N229S	885.a3m	256.418
p.T111I	886.a3m	267.846
p.S88P	887.a3m	242.595
p.C203STOP	888.a3m	178.734
p.Q126K	889.a3m	264.21
p.E247K	88.a3m	255.651
p.P151S	890.a3m	258.055
p.T116A	891.a3m	265.629
p.P151H	892.a3m	272.421
p.R26STOP	893.a3m	28.3405
p.Y301STOP	894.a3m	242.812
p.P256H	895.a3m	201.569
p.D9E	896.a3m	258.49
p.T111K	897.a3m	261.041
p.P43Q	898.a3m	261.589
p.Q13L	899.a3m	253.805
p.T273N	89.a3m	244.777
p.N229D	8.a3m	263.81
p.V179L	900.a3m	253.76
p.D220A	901.a3m	235.844
p.P262R	902.a3m	227.612
p.I216L	903.a3m	244.634
p.G115R	904.a3m	252.318
p.A120P	905.a3m	251.291
p.P283L	906.a3m	240.26
p.K100E	907.a3m	262.405
p.S188C	908.a3m	263.048
p.R71P	909.a3m	242.727
p.R163C	90.a3m	222.704
p.T265N	910.a3m	253.924
p.A45P	911.a3m	257.508
p.A268V	912.a3m	227.61
p.K252M	913.a3m	249.368
p.D285N	914.a3m	232.5
p.E232K	915.a3m	244.579
p.K93E	916.a3m	263.721
p.P270T	917.a3m	236.274
p.P25T	918.a3m	240.587
p.H257R	919.a3m	231.59
p.R71S	91.a3m	269.741
p.F302V	920.a3m	256.331
p.C102Y	921.a3m	267.493
p.D145A	922.a3m	266.339
p.S57C	923.a3m	258.839
p.T191S	924.a3m	255.761
p.A40T	925.a3m	258.339
p.P32H	926.a3m	239.351
p.L295H	927.a3m	226.327
p.E182V	928.a3m	243.844
p.T111A	929.a3m	251.954
p.I215M	92.a3m	244.364
p.STOP308Q	930.a3m	256.495
p.E165K	931.a3m	266.893
p.D3H	932.a3m	269.593
p.L91I	933.a3m	257.799
p.L162STOP	934.a3m	184.491
p.P36A	935.a3m	237.79
p.E159V	936.a3m	254.886
p.P277H	937.a3m	219.53
p.L250V	938.a3m	262.361
p.D109H	939.a3m	265.771
p.A99S	93.a3m	246.845
p.K252E	940.a3m	217.622
p.M204R	941.a3m	269.247
p.D147V	942.a3m	262.122
p.E259D	943.a3m	250.065
p.C143F	944.a3m	265.972
p.T84S	945.a3m	256.694
p.P184H	946.a3m	269.828
p.P59L	947.a3m	254.92
p.R174Q	948.a3m	242.292
p.Y197H	949.a3m	278.218
p.S276C	94.a3m	227.784
p.Q61STOP	950.a3m	105.656
p.R136H	951.a3m	247.916
p.E232D	952.a3m	251.261
p.E17V	953.a3m	256.925
p.E219D	954.a3m	267.676
p.S176N	955.a3m	256.919
p.D2G	956.a3m	266.594
p.A39S	957.a3m	266.183
p.Y87D	958.a3m	249.095
p.N161S	959.a3m	250.685
p.P283Q	95.a3m	231.567
p.V58D	960.a3m	261.84
p.W107S	961.a3m	242.58
p.E219G	962.a3m	275.879
p.P21Q	963.a3m	245.542
p.Y301H	964.a3m	251.164
p.F231C	965.a3m	266.66
p.S222T	966.a3m	248.076
p.P152T	967.a3m	252.625
p.L303Q	968.a3m	247.126
p.K81R	969.a3m	259.493
p.N305D	96.a3m	216.264
p.F15L	970.a3m	250.354
p.S56P	971.a3m	250.574
p.H154N	972.a3m	252.062
p.P114T	973.a3m	272.457
p.P184T	974.a3m	263.526
p.G254A	975.a3m	215.625
p.Q128H	976.a3m	263.187
p.N196K	977.a3m	267.323
p.A80P	978.a3m	251.3
p.S230I	979.a3m	244.481
p.I123M	97.a3m	245.783
p.H140N	980.a3m	243.233
p.R241G	981.a3m	261.564
p.T217I	982.a3m	237.986
p.I193F	983.a3m	242.97
p.S88C	984.a3m	248.751
p.S146I	985.a3m	254.334
p.R267Q	986.a3m	246.607
p.N200H	987.a3m	233.769
p.M198V	988.a3m	271.239
p.I156N	989.a3m	233.604
p.I212F	98.a3m	254.265
p.P114S	990.a3m	264.056
p.D147Y	991.a3m	259.896
p.V235D	992.a3m	235.755
p.E255STOP	993.a3m	139.379
p.L75F	994.a3m	262.437
p.E287STOP	995.a3m	213.657
p.M27R	996.a3m	263.644
p.L162S	997.a3m	264.718
p.A237G	998.a3m	244.782
p.R251P	999.a3m	243.855
p.E165A	99.a3m	247.777
p.N224T	9.a3m	248.312
