p.M66K	0.a3m	298.495
p.M44I	1000.a3m	319.037
p.G117W	1001.a3m	316.964
p.Q16STOP	1002.a3m	9.19059
p.G302A	1003.a3m	300.095
p.P151H	1004.a3m	315.65
p.P60R	1005.a3m	315.747
p.D41E	1006.a3m	303.137
p.D49E	1007.a3m	311.51
p.P219A	1008.a3m	302.423
p.D148A	1009.a3m	282.611
p.V10L	100.a3m	321.883
p.R283S	1010.a3m	330.991
p.E2Q	1011.a3m	308.401
p.T55P	1012.a3m	322.425
p.H193Y	1013.a3m	290.579
p.L137P	1014.a3m	306.253
p.T125S	1015.a3m	310.876
p.Q38H	1016.a3m	300.004
p.L32V	1017.a3m	308.805
p.S106N	1018.a3m	309.333
p.A307P	1019.a3m	308.679
p.D42H	101.a3m	305.417
p.K132T	1020.a3m	322.767
p.P87L	1021.a3m	303.122
p.E204A	1022.a3m	321.094
p.P77A	1023.a3m	289.018
p.S94STOP	1024.a3m	119.966
p.G105S	1025.a3m	303.144
p.G154C	1026.a3m	309.862
p.E2STOP	1027.a3m	
p.T155A	1028.a3m	323.687
p.L25Q	1029.a3m	312.509
p.C341G	102.a3m	323.994
p.P153A	1030.a3m	315.712
p.S260F	1031.a3m	302.864
p.S116T	1032.a3m	315.976
p.S9R	1033.a3m	309.687
p.A79V	1034.a3m	298.331
p.P58L	1035.a3m	332.876
p.R110G	1036.a3m	316.505
p.P322R	1037.a3m	312.211
p.A84V	1038.a3m	330.179
p.F328L	1039.a3m	328.836
p.T118R	103.a3m	320.891
p.R283P	1040.a3m	323.212
p.G325STOP	1041.a3m	261.246
p.S15R	1042.a3m	315.763
p.L14R	1043.a3m	306.464
p.D21V	1044.a3m	309.208
p.V203M	1045.a3m	300.901
p.E271G	1046.a3m	320.527
p.P36A	1047.a3m	309.675
p.L114V	1048.a3m	304.123
p.V10I	1049.a3m	335.746
p.G245A	104.a3m	328.351
p.L22R	1050.a3m	315.513
p.R283G	1051.a3m	301.167
p.L32Q	1052.a3m	306.582
p.D49H	1053.a3m	324.446
p.N310D	1054.a3m	327.852
p.L265M	1055.a3m	333.199
p.W53STOP	1056.a3m	58.4353
p.R248G	1057.a3m	299.992
p.T304N	1058.a3m	315.005
p.P64T	1059.a3m	289.565
p.P316S	105.a3m	323.075
p.P85L	1060.a3m	305.344
p.P309L	1061.a3m	323.869
p.E221A	1062.a3m	319.661
p.K120M	1063.a3m	303.951
p.G105A	1064.a3m	319.297
p.L252F	1065.a3m	329.276
p.I50M	1066.a3m	305.745
p.E17V	1067.a3m	315.641
p.S6P	1068.a3m	332.112
p.S95F	1069.a3m	329.761
p.G245R	106.a3m	323.689
p.A39S	1070.a3m	314.725
p.V31D	1071.a3m	327.266
p.R196G	1072.a3m	303.065
p.L257Q	1073.a3m	315.274
p.D259A	1074.a3m	299.197
p.A276D	1075.a3m	307.876
p.E286A	1076.a3m	314.024
p.S314P	1077.a3m	303.033
p.V10G	1078.a3m	313.722
p.M133T	1079.a3m	331.343
p.R209G	107.a3m	308.487
p.F212V	1080.a3m	323.167
p.L111R	1081.a3m	311.458
p.P152T	1082.a3m	320.079
p.F336V	1083.a3m	330.899
p.L22Q	1084.a3m	304.838
p.S241F	1085.a3m	315.373
p.V216M	1086.a3m	299.17
p.P67T	1087.a3m	317.832
p.L14V	1088.a3m	323.141
p.P98A	1089.a3m	308.876
p.S166L	108.a3m	303.545
p.K139M	1090.a3m	310.688
p.G262S	1091.a3m	313.328
p.D7A	1092.a3m	335.249
p.L137V	1093.a3m	320.774
p.T150I	1094.a3m	315.978
p.N310K	1095.a3m	321.031
p.R267Q	1096.a3m	323.119
p.E171Q	1097.a3m	324.674
p.N200H	1098.a3m	310.708
p.N288S	1099.a3m	298.781
p.S149P	109.a3m	302.642
p.V97A	10.a3m	298.403
p.C242STOP	1100.a3m	248.207
p.N340H	1101.a3m	341.395
p.S314A	1102.a3m	309.29
p.A129G	1103.a3m	322.905
p.R110H	1104.a3m	327.072
p.E287STOP	1105.a3m	214.901
p.H178P	1106.a3m	315.013
p.P47S	1107.a3m	308.725
p.P98S	1108.a3m	305.326
p.R209I	1109.a3m	312.12
p.G112D	110.a3m	304.027
p.T140N	1110.a3m	331.205
p.P60S	1111.a3m	324.472
p.P177R	1112.a3m	308.047
p.K319STOP	1113.a3m	260.289
p.C182F	1114.a3m	319.703
p.A276S	1115.a3m	296.483
p.C176G	1116.a3m	306.912
p.P191R	1117.a3m	318.285
p.S227T	1118.a3m	315.637
p.C182W	1119.a3m	330.213
p.F113S	111.a3m	317.777
p.K132M	1120.a3m	316.187
p.R290L	1121.a3m	313.254
p.S269C	1122.a3m	309.575
p.A138G	1123.a3m	315.113
p.E180V	1124.a3m	288.805
p.D186V	1125.a3m	308.247
p.Y107F	1126.a3m	290.435
p.R181S	1127.a3m	339.618
p.G325R	1128.a3m	308.923
p.N30S	1129.a3m	291.145
p.E285STOP	112.a3m	213.843
p.E294STOP	1130.a3m	234.723
p.D61N	1131.a3m	306.379
p.L22P	1132.a3m	327.135
p.S241Y	1133.a3m	302.116
p.P153T	1134.a3m	319.139
p.K24Q	1135.a3m	316.414
p.T231S	1136.a3m	311.447
p.G293W	1137.a3m	308.279
p.P295R	1138.a3m	314.73
p.K164R	1139.a3m	318.224
p.P191T	113.a3m	335.367
p.S260C	1140.a3m	313.267
p.V225I	1141.a3m	315.66
p.P92S	1142.a3m	315.678
p.S241T	1143.a3m	312.379
p.F19V	1144.a3m	308.571
p.E294G	1145.a3m	311.827
p.V217G	1146.a3m	318.744
p.T211N	1147.a3m	293.715
p.K139STOP	1148.a3m	187.684
p.Q104L	1149.a3m	296.596
p.D57A	114.a3m	327.314
p.T140P	1150.a3m	303.719
p.R282G	1151.a3m	328.701
p.D228N	1152.a3m	312.037
p.W146C	1153.a3m	309.049
p.K320Q	1154.a3m	305.279
p.C341W	1155.a3m	319.829
p.E204K	1156.a3m	301.759
p.R209K	1157.a3m	308.368
p.K292Q	1158.a3m	317.384
p.M169L	1159.a3m	320.156
p.Y163N	115.a3m	319.853
p.Y126D	1160.a3m	296.378
p.V203G	1161.a3m	310.857
p.R280STOP	1162.a3m	207.758
p.R213G	1163.a3m	310.061
p.A161D	1164.a3m	310.027
p.S90T	1165.a3m	317.836
p.S315Y	1166.a3m	323.314
p.P98L	1167.a3m	321
p.R175G	1168.a3m	314.9
p.M40V	1169.a3m	307.613
p.C182G	116.a3m	311.201
p.S127P	1170.a3m	310.608
p.G245C	1171.a3m	309.022
p.K292E	1172.a3m	297.908
p.V225L	1173.a3m	320.951
p.D7G	1174.a3m	313.234
p.E198G	1175.a3m	302.644
p.E285G	1176.a3m	306.083
p.L130V	1177.a3m	322.535
p.Y107D	1178.a3m	304.515
p.Q331E	1179.a3m	307.794
p.T140I	117.a3m	297.366
p.L45Q	1180.a3m	323.36
p.P89R	1181.a3m	316.942
p.Y126STOP	1182.a3m	194.702
p.K164Q	1183.a3m	307.504
p.M44L	1184.a3m	309.952
p.C124F	1185.a3m	325.172
p.K139E	1186.a3m	303.745
p.L22V	1187.a3m	325.865
p.D41A	1188.a3m	305.09
p.E2K	1189.a3m	318.236
p.K101N	118.a3m	311.56
p.E294K	1190.a3m	309.821
p.L35V	1191.a3m	314.386
p.R248Q	1192.a3m	310.651
p.N29I	1193.a3m	323.114
p.K319M	1194.a3m	316.434
p.N239I	1195.a3m	294.587
p.E68A	1196.a3m	311.868
p.L130R	1197.a3m	304.472
p.Q317STOP	1198.a3m	276.25
p.C229S	1199.a3m	313.153
p.H168Y	119.a3m	303.081
p.V216G	11.a3m	311.977
p.I251V	1200.a3m	295.758
p.P222S	1201.a3m	299.992
p.E286G	1202.a3m	298.202
p.L114STOP	1203.a3m	154.649
p.Y205F	1204.a3m	322.914
p.R174W	1205.a3m	324.368
p.M169R	1206.a3m	326.647
p.R158G	1207.a3m	312.469
p.Q5H	1208.a3m	309.515
p.E339STOP	1209.a3m	313.883
p.P222L	120.a3m	299.657
p.E287A	1210.a3m	298.232
p.F328V	1211.a3m	304.903
p.S9I	1212.a3m	307.935
p.S106I	1213.a3m	313.145
p.V197E	1214.a3m	314.809
p.F134V	1215.a3m	299.43
p.A83G	1216.a3m	312.366
p.F109S	1217.a3m	325.832
p.V143G	1218.a3m	320.314
p.L330R	1219.a3m	308.833
p.T329P	121.a3m	302.494
p.S96P	1220.a3m	327.21
p.R174K	1221.a3m	308.791
p.D48A	1222.a3m	296.562
p.G112C	1223.a3m	299.12
p.L188Q	1224.a3m	305.83
p.S37T	1225.a3m	305.219
p.S166STOP	1226.a3m	223.823
p.Q5K	1227.a3m	299.659
p.V147D	1228.a3m	312.809
p.R202L	1229.a3m	319.278
p.R65T	122.a3m	297.477
p.M237I	1230.a3m	306.85
p.G187S	1231.a3m	303.465
p.P322T	1232.a3m	305.792
p.Q333K	1233.a3m	315.572
p.R209S	1234.a3m	299.713
p.W146L	1235.a3m	310.755
p.P300T	1236.a3m	309.794
p.P67R	1237.a3m	318.813
p.H115D	1238.a3m	322.283
p.A86E	1239.a3m	323.075
p.Q38R	123.a3m	311.271
p.V203A	1240.a3m	309.397
p.V31G	1241.a3m	328.439
p.M246V	1242.a3m	307.697
p.N288Y	1243.a3m	315.067
p.Y327C	1244.a3m	306.516
p.C277Y	1245.a3m	297.812
p.L299M	1246.a3m	317.312
p.K321N	1247.a3m	315.819
p.P4Q	1248.a3m	312.321
p.R213STOP	1249.a3m	279.107
p.R306P	124.a3m	297.508
p.N210T	1250.a3m	308.532
p.N210Y	1251.a3m	303.155
p.P60A	1252.a3m	322.895
p.D61G	1253.a3m	305.53
p.P142S	1254.a3m	328.414
p.P316H	1255.a3m	304.529
p.F134I	1256.a3m	302.96
p.E285Q	1257.a3m	317.717
p.K320M	1258.a3m	299.376
p.E298D	1259.a3m	306.404
p.R196STOP	125.a3m	262.53
p.E11K	1260.a3m	308.93
p.Q192R	1261.a3m	311.132
p.E51G	1262.a3m	324.472
p.N131D	1263.a3m	312.321
p.T81P	1264.a3m	306.286
p.P151R	1265.a3m	349.812
p.N310S	1266.a3m	321.015
p.T334N	1267.a3m	324.099
p.E28G	1268.a3m	314.643
p.V218L	1269.a3m	313.304
p.P295L	126.a3m	317.045
p.S90C	1270.a3m	297.576
p.N29K	1271.a3m	298.443
p.R158P	1272.a3m	299.78
p.E11STOP	1273.a3m	9.07168
p.P300L	1274.a3m	311.201
p.P300H	1275.a3m	324.997
p.L257R	1276.a3m	307.757
p.K305T	1277.a3m	322.76
p.A39P	1278.a3m	320.89
p.Y236F	1279.a3m	326.156
p.D7N	127.a3m	314.688
p.E17K	1280.a3m	305.648
p.E28D	1281.a3m	303.806
p.A76T	1282.a3m	317.696
p.A76G	1283.a3m	314.932
p.M1T	1284.a3m	317.23
p.L299V	1285.a3m	316.303
p.N131S	1286.a3m	312.181
p.T150A	1287.a3m	310.346
p.L45V	1288.a3m	312.478
p.L130H	1289.a3m	299.857
p.A78G	128.a3m	287.454
p.E204V	1290.a3m	303.752
p.Y234F	1291.a3m	304.636
p.S15N	1292.a3m	314.023
p.P80R	1293.a3m	323.631
p.C229Y	1294.a3m	315.338
p.C124STOP	1295.a3m	186.209
p.R290G	1296.a3m	316.946
p.T125M	1297.a3m	307.808
p.D324A	1298.a3m	318.555
p.R158H	1299.a3m	332.118
p.P64R	129.a3m	303.031
p.V217E	12.a3m	317.318
p.K338T	1300.a3m	310.627
p.S227A	1301.a3m	333.964
p.A39E	1302.a3m	306.916
p.C182S	1303.a3m	317.334
p.E62D	1304.a3m	313.237
p.D228E	1305.a3m	304.478
p.I255N	1306.a3m	304.99
p.S9G	1307.a3m	300.556
p.L35S	1308.a3m	306.258
p.P36S	1309.a3m	304.967
p.H178R	130.a3m	329.464
p.M169T	1310.a3m	310.767
p.E51V	1311.a3m	321.828
p.D41G	1312.a3m	313.836
p.A63G	1313.a3m	311.048
p.P82T	1314.a3m	306.604
p.Q52STOP	1315.a3m	54.8254
p.Q38STOP	1316.a3m	32.996
p.Q167R	1317.a3m	313.041
p.P80A	1318.a3m	310.202
p.K139N	1319.a3m	299.152
p.I50F	131.a3m	337.754
p.V218E	1320.a3m	321.696
p.K132E	1321.a3m	317.152
p.R156C	1322.a3m	323.355
p.D332H	1323.a3m	317.692
p.W53R	1324.a3m	329.111
p.Q5L	1325.a3m	319.153
p.P98R	1326.a3m	350.256
p.L93V	1327.a3m	302.905
p.R249M	1328.a3m	302.053
p.L308P	1329.a3m	335.553
p.I162M	132.a3m	310.425
p.E326Q	1330.a3m	315.894
p.G302V	1331.a3m	310.228
p.G262D	1332.a3m	304.895
p.K24R	1333.a3m	307.481
p.S303T	1334.a3m	303.279
p.K120T	1335.a3m	319.66
p.L22I	1336.a3m	297.382
p.E271STOP	1337.a3m	216.012
p.P278H	1338.a3m	330.047
p.H214N	1339.a3m	306.33
p.S314C	133.a3m	312.376
p.L257V	1340.a3m	316.333
p.L201W	1341.a3m	316.212
p.Y236D	1342.a3m	323.5
p.D48G	1343.a3m	315.315
p.P71L	1344.a3m	294.371
p.H178D	1345.a3m	287.28
p.K164T	1346.a3m	320.173
p.T18P	1347.a3m	290.406
p.D324V	1348.a3m	316.943
p.A276V	1349.a3m	281.978
p.Y220S	134.a3m	322.319
p.Q331STOP	1350.a3m	294.004
p.S215T	1351.a3m	304.21
p.L32P	1352.a3m	303.08
p.F134L	1353.a3m	302.468
p.C176STOP	1354.a3m	232.966
p.L188P	1355.a3m	322.854
p.R273S	1356.a3m	297.452
p.V97G	1357.a3m	309.428
p.Q100STOP	1358.a3m	124.854
p.Y220F	1359.a3m	306.731
p.N29T	135.a3m	313.337
p.Q165E	1360.a3m	317.519
p.L130I	1361.a3m	320.013
p.G117V	1362.a3m	308.97
p.E224A	1363.a3m	304.164
p.A189P	1364.a3m	310.77
p.E221STOP	1365.a3m	247.225
p.L264Q	1366.a3m	285.558
p.S185C	1367.a3m	331.042
p.N288D	1368.a3m	329.281
p.S303G	1369.a3m	329.141
p.K101Q	136.a3m	303.621
p.D207N	1370.a3m	295.526
p.M1V	1371.a3m	325.579
p.E62G	1372.a3m	306.435
p.C341STOP	1373.a3m	331.485
p.S183A	1374.a3m	305.605
p.Q192P	1375.a3m	328.313
p.G266E	1376.a3m	300.604
p.S269N	1377.a3m	308.743
p.A69T	1378.a3m	295.67
p.S96F	1379.a3m	310.505
p.K24E	137.a3m	325.462
p.N288K	1380.a3m	311.425
p.S313N	1381.a3m	328.17
p.P27R	1382.a3m	298.43
p.P80S	1383.a3m	317.317
p.N210S	1384.a3m	329.319
p.Q104K	1385.a3m	316.515
p.Y107N	1386.a3m	322.068
p.I251F	1387.a3m	313.737
p.C135R	1388.a3m	311.283
p.K338Q	1389.a3m	317.592
p.D259Y	138.a3m	320.333
p.R213P	1390.a3m	308.152
p.E51D	1391.a3m	314.913
p.M246R	1392.a3m	322.402
p.L206M	1393.a3m	316.279
p.S20A	1394.a3m	303.036
p.P295A	1395.a3m	321.266
p.E56V	1396.a3m	310.589
p.P85S	1397.a3m	323.657
p.T253N	1398.a3m	307.253
p.P222T	1399.a3m	319.554
p.Q192H	139.a3m	313.874
p.N340D	13.a3m	316.187
p.L323M	1400.a3m	308.959
p.S261C	1401.a3m	327.874
p.S116P	1402.a3m	305.577
p.Q16H	1403.a3m	308.085
p.A84T	1404.a3m	328.324
p.M133R	1405.a3m	326.356
p.R158S	1406.a3m	341.628
p.Y205N	1407.a3m	324.821
p.E11V	1408.a3m	310.309
p.V197L	1409.a3m	317.384
p.E68K	140.a3m	297.723
p.H179N	1410.a3m	316.997
p.L114S	1411.a3m	313.598
p.D48H	1412.a3m	321.36
p.S106G	1413.a3m	308.536
p.C341S	1414.a3m	323.854
p.G199R	1415.a3m	314.102
p.K319R	1416.a3m	314.665
p.Q167P	1417.a3m	327.346
p.L43F	1418.a3m	300
p.D259N	1419.a3m	308.307
p.M133K	141.a3m	324.296
p.A86G	1420.a3m	297.556
p.Y163S	1421.a3m	313.519
p.P316A	1422.a3m	308.531
p.L188V	1423.a3m	304.72
p.L264P	1424.a3m	321.382
p.A79T	1425.a3m	302.263
p.S90F	1426.a3m	301.427
p.R290P	1427.a3m	298.088
p.R290S	1428.a3m	314.04
p.H115N	1429.a3m	305.711
p.D324E	142.a3m	328.745
p.Y327N	1430.a3m	308.406
p.E258D	1431.a3m	324.94
p.E3K	1432.a3m	318.203
p.A119P	1433.a3m	318.352
p.K139Q	1434.a3m	313.924
p.L111V	1435.a3m	315.036
p.S260P	1436.a3m	315.996
p.N268K	1437.a3m	300.676
p.S37A	1438.a3m	298.616
p.G293V	1439.a3m	315.091
p.N239S	143.a3m	298.971
p.P8R	1440.a3m	317.491
p.T329N	1441.a3m	314.813
p.P318T	1442.a3m	301.713
p.E180K	1443.a3m	318.777
p.D207V	1444.a3m	304.698
p.Q192K	1445.a3m	318.483
p.F19I	1446.a3m	310.924
p.C277G	1447.a3m	308.377
p.E258STOP	1448.a3m	215.854
p.R202G	1449.a3m	298.526
p.A69P	144.a3m	303.596
p.E221Q	1450.a3m	311.86
p.A63S	1451.a3m	321.124
p.V172I	1452.a3m	317.292
p.L194R	1453.a3m	342.734
p.V272A	1454.a3m	308.869
p.D61A	1455.a3m	305.835
p.E258Q	1456.a3m	316.69
p.P151T	1457.a3m	321.741
p.D184A	1458.a3m	299.514
p.P8H	1459.a3m	307.853
p.S241A	145.a3m	335.662
p.D148E	1460.a3m	320.629
p.L299Q	1461.a3m	323.846
p.W23R	1462.a3m	314.472
p.I195N	1463.a3m	317.683
p.P153H	1464.a3m	323.983
p.P67S	1465.a3m	307.281
p.G325V	1466.a3m	313.209
p.A74S	1467.a3m	296.218
p.Y234N	1468.a3m	323.016
p.A119G	1469.a3m	315.287
p.R282P	146.a3m	316.171
p.H193N	1470.a3m	319.262
p.P152Q	1471.a3m	320.229
p.Q52K	1472.a3m	305.859
p.V97L	1473.a3m	312.944
p.D21N	1474.a3m	311.333
p.H296D	1475.a3m	321.245
p.L323V	1476.a3m	303.443
p.A84G	1477.a3m	301.796
p.N310H	1478.a3m	323.459
p.E17STOP	1479.a3m	11.1627
p.M66L	147.a3m	313.99
p.E326K	1480.a3m	304.013
p.C135F	1481.a3m	321.459
p.M1R	1482.a3m	312.041
p.H179Y	1483.a3m	303.187
p.D57G	1484.a3m	311.776
p.P191H	1485.a3m	316.618
p.P60T	1486.a3m	326.71
p.C242R	1487.a3m	316.901
p.E339V	1488.a3m	302.945
p.L201M	1489.a3m	312.421
p.S20L	148.a3m	315.046
p.I255L	1490.a3m	304.817
p.T170M	1491.a3m	303.428
p.S121T	1492.a3m	337.098
p.I232T	1493.a3m	316.781
p.N263D	1494.a3m	309.764
p.T102I	1495.a3m	314.205
p.A159D	1496.a3m	311.799
p.N29Y	1497.a3m	310.534
p.E298V	1498.a3m	327.997
p.K305N	1499.a3m	321.234
p.C238R	149.a3m	326.373
p.P250T	14.a3m	304.456
p.E180A	1500.a3m	312.194
p.A39T	1501.a3m	310.672
p.D208G	1502.a3m	310.533
p.D332N	1503.a3m	310.07
p.N268Y	1504.a3m	317.234
p.H233Q	1505.a3m	319.624
p.Q165H	1506.a3m	297.553
p.Q5STOP	1507.a3m	14.08
p.Q331H	1508.a3m	323.495
p.D259V	1509.a3m	301.285
p.G112A	150.a3m	298.508
p.T312N	1510.a3m	320.174
p.K292R	1511.a3m	323.307
p.C341F	1512.a3m	300.006
p.N247I	1513.a3m	325.794
p.H193R	1514.a3m	294.949
p.R65STOP	1515.a3m	71.6229
p.V274D	1516.a3m	323.318
p.K338STOP	1517.a3m	317.888
p.N239Y	1518.a3m	309.189
p.S227P	1519.a3m	323.922
p.V122E	151.a3m	322.432
p.M243R	1520.a3m	307.353
p.E204STOP	1521.a3m	254.828
p.A88T	1522.a3m	314.64
p.K101R	1523.a3m	300.347
p.K338I	1524.a3m	327.083
p.D324H	1525.a3m	319.945
p.M44T	1526.a3m	314.903
p.H297R	1527.a3m	320.519
p.P128T	1528.a3m	312.092
p.E285A	1529.a3m	316.736
p.V218M	152.a3m	307.589
p.N235Y	1530.a3m	293.785
p.P322A	1531.a3m	311.882
p.V73A	1532.a3m	302.564
p.T312S	1533.a3m	313.839
p.F270V	1534.a3m	325.042
p.R213L	1535.a3m	312.401
p.Y205C	1536.a3m	337.806
p.C135STOP	1537.a3m	201.035
p.I195T	1538.a3m	323.743
p.K305Q	1539.a3m	304.453
p.P82A	153.a3m	301.31
p.Y107H	1540.a3m	312.418
p.P82Q	1541.a3m	313.573
p.G105R	1542.a3m	296.57
p.Y103H	1543.a3m	314.469
p.D186H	1544.a3m	309.132
p.D21Y	1545.a3m	323.351
p.Q38K	1546.a3m	319.174
p.E171D	1547.a3m	311.032
p.P75S	1548.a3m	306.193
p.R181H	1549.a3m	302.179
p.G226C	154.a3m	331.094
p.M44K	1550.a3m	307.759
p.P223A	1551.a3m	319.511
p.V203L	1552.a3m	308.844
p.C229F	1553.a3m	299.633
p.P71S	1554.a3m	308.428
p.E3G	1555.a3m	301.48
p.T256K	1556.a3m	330.908
p.P60L	1557.a3m	294.187
p.E3D	1558.a3m	309.649
p.K120Q	1559.a3m	310.956
p.R156H	155.a3m	308.306
p.S37F	1560.a3m	297.214
p.P12T	1561.a3m	326.561
p.V97D	1562.a3m	310.078
p.C242S	1563.a3m	323.577
p.R280T	1564.a3m	300.431
p.S185I	1565.a3m	313.668
p.K338R	1566.a3m	317.873
p.P67Q	1567.a3m	305.81
p.Y163F	1568.a3m	312.881
p.S121C	1569.a3m	309.851
p.P64L	156.a3m	379.759
p.P316L	1570.a3m	317.128
p.S46P	1571.a3m	300.342
p.A161P	1572.a3m	325.901
p.G117A	1573.a3m	302.876
p.S215N	1574.a3m	313.485
p.K120STOP	1575.a3m	168.251
p.Y236C	1576.a3m	320.79
p.L43M	1577.a3m	307.355
p.G154R	1578.a3m	318.595
p.C229STOP	1579.a3m	248.095
p.K321R	157.a3m	309.457
p.N340T	1580.a3m	327.491
p.K305R	1581.a3m	331.523
p.A70P	1582.a3m	305.12
p.Y163D	1583.a3m	297.335
p.V225F	1584.a3m	304.407
p.Q104P	1585.a3m	292.929
p.P27H	1586.a3m	302.616
p.A69V	1587.a3m	299.393
p.M246K	1588.a3m	319.193
p.Y103C	1589.a3m	308.102
p.P58R	158.a3m	330.183
p.P318L	1590.a3m	303.19
p.P71T	1591.a3m	298.682
p.T155S	1592.a3m	331.093
p.E28Q	1593.a3m	313.297
p.L206S	1594.a3m	294.357
p.S94A	1595.a3m	315.309
p.A76P	1596.a3m	322.697
p.T155N	1597.a3m	309.022
p.A88V	1598.a3m	322.901
p.H233L	1599.a3m	296.276
p.P34H	159.a3m	308.198
p.P128R	15.a3m	305.65
p.Q333P	1600.a3m	325.53
p.S166A	1601.a3m	321.719
p.F113V	1602.a3m	309.322
p.F54Y	1603.a3m	316.458
p.D186Y	1604.a3m	320.025
p.E224STOP	1605.a3m	259.07
p.E339G	1606.a3m	304.725
p.P12R	1607.a3m	316.936
p.C238F	1608.a3m	333.495
p.E198STOP	1609.a3m	245.501
p.N30I	160.a3m	306.081
p.T81I	1610.a3m	321.494
p.T18R	1611.a3m	300.196
p.A76V	1612.a3m	299.111
p.T81R	1613.a3m	309.113
p.F109Y	1614.a3m	300.087
p.G279R	1615.a3m	321.364
p.A78E	1616.a3m	302.263
p.I254S	1617.a3m	304.273
p.Y220D	1618.a3m	294.493
p.K24T	1619.a3m	320.411
p.G108V	161.a3m	306.346
p.L43W	1620.a3m	313.477
p.S20P	1621.a3m	318.042
p.V122M	1622.a3m	298.548
p.R283L	1623.a3m	322.012
p.S261N	1624.a3m	310.682
p.G154D	1625.a3m	301.923
p.E62V	1626.a3m	329.992
p.R174G	1627.a3m	324.265
p.N263I	1628.a3m	315.609
p.I254V	1629.a3m	332.78
p.M246I	162.a3m	319.364
p.R306STOP	1630.a3m	232.279
p.W23STOP	1631.a3m	32.8057
p.V216L	1632.a3m	317.696
p.P34R	1633.a3m	334.974
p.I162N	1634.a3m	305.205
p.D42V	1635.a3m	309.419
p.N239D	1636.a3m	318.732
p.A119T	1637.a3m	316.4
p.R306L	1638.a3m	319.312
p.S46F	1639.a3m	320.941
p.E339D	163.a3m	325.994
p.S121A	1640.a3m	293.719
p.Q331R	1641.a3m	328.188
p.C141STOP	1642.a3m	205.099
p.V147A	1643.a3m	301.956
p.P309T	1644.a3m	299.728
p.I254L	1645.a3m	298.276
p.H179L	1646.a3m	320.235
p.A119V	1647.a3m	315.821
p.T81K	1648.a3m	296.692
p.P85T	1649.a3m	327.459
p.S96T	164.a3m	310.711
p.D57H	1650.a3m	322.9
p.I254T	1651.a3m	299.571
p.A70S	1652.a3m	293.214
p.D48E	1653.a3m	327.552
p.P222R	1654.a3m	326.795
p.W91R	1655.a3m	311.202
p.S314F	1656.a3m	302.799
p.R280I	1657.a3m	333.049
p.D42A	1658.a3m	308.447
p.Q317R	1659.a3m	328.789
p.H296Q	165.a3m	319.38
p.Q167H	1660.a3m	305.301
p.S315A	1661.a3m	319.126
p.S183STOP	1662.a3m	229.986
p.V73L	1663.a3m	321.188
p.Q52P	1664.a3m	339.022
p.H179D	1665.a3m	308.918
p.H233Y	1666.a3m	307.514
p.V147L	1667.a3m	324.036
p.G279V	1668.a3m	305.206
p.P309S	1669.a3m	303.845
p.N30Y	166.a3m	302.738
p.I254F	1670.a3m	317.574
p.P152S	1671.a3m	296.823
p.Q104E	1672.a3m	308.085
p.L206F	1673.a3m	314.092
p.N268D	1674.a3m	309.149
p.T256R	1675.a3m	333.535
p.S335G	1676.a3m	301.661
p.T284R	1677.a3m	311.46
p.Y126C	1678.a3m	305.969
p.P92T	1679.a3m	318.581
p.K164STOP	167.a3m	203.673
p.F328C	1680.a3m	305.563
p.F54C	1681.a3m	302.248
p.L289I	1682.a3m	311.662
p.G262C	1683.a3m	307.261
p.I50L	1684.a3m	305.511
p.R110P	1685.a3m	303.086
p.A159G	1686.a3m	309.451
p.R248P	1687.a3m	321.731
p.P128A	1688.a3m	296.877
p.R290C	1689.a3m	321.73
p.H297L	168.a3m	313.264
p.V147F	1690.a3m	297.383
p.V10D	1691.a3m	308.567
p.L137M	1692.a3m	308.045
p.P71A	1693.a3m	316.258
p.W53L	1694.a3m	310.667
p.E339K	1695.a3m	314.168
p.S335C	1696.a3m	334.994
p.T253A	1697.a3m	324.981
p.E286V	1698.a3m	322.328
p.P177H	1699.a3m	314.464
p.V272M	169.a3m	312.941
p.K292T	16.a3m	286.879
p.R181P	1700.a3m	303.038
p.G262A	1701.a3m	345.219
p.P64S	1702.a3m	316.338
p.Q16K	1703.a3m	319.691
p.A70V	1704.a3m	325.055
p.P219L	1705.a3m	293.778
p.K132STOP	1706.a3m	198.647
p.M243I	1707.a3m	307.94
p.T18A	1708.a3m	299.275
p.T125R	1709.a3m	329.964
p.T253P	170.a3m	313.62
p.M237L	1710.a3m	300.35
p.S90P	1711.a3m	291.539
p.STOP342S	1712.a3m	314.663
p.S94L	1713.a3m	297.32
p.STOP342K	1714.a3m	301.127
p.A74P	1715.a3m	308.198
p.S240C	1716.a3m	325.06
p.V143L	1717.a3m	324.968
p.Q337L	1718.a3m	327.976
p.N247Y	1719.a3m	316.406
p.S260A	171.a3m	322.105
p.P85H	1720.a3m	316.889
p.K24I	1721.a3m	322.23
p.A78P	1722.a3m	322.688
p.Y236S	1723.a3m	314.117
p.S261I	1724.a3m	309.668
p.S127F	1725.a3m	313.783
p.R158L	1726.a3m	319.595
p.H193P	1727.a3m	313.309
p.S313T	1728.a3m	313.175
p.Q52E	1729.a3m	313.786
p.T123A	172.a3m	317.818
p.Q167K	1730.a3m	300.681
p.F19Y	1731.a3m	315.301
p.L252P	1732.a3m	307.916
p.N239K	1733.a3m	304.228
p.G59A	1734.a3m	310.079
p.M40T	1735.a3m	334.145
p.S95T	1736.a3m	314.723
p.P295H	1737.a3m	303.965
p.D324G	1738.a3m	324.062
p.D49Y	1739.a3m	317.595
p.S99F	173.a3m	298.589
p.R273G	1740.a3m	312.649
p.P71H	1741.a3m	301.563
p.V143A	1742.a3m	336.54
p.F270Y	1743.a3m	323.424
p.S313G	1744.a3m	315.607
p.W146S	1745.a3m	321.22
p.T329A	1746.a3m	336.676
p.K164E	1747.a3m	322.077
p.P152L	1748.a3m	314.512
p.D324N	1749.a3m	319.768
p.E180STOP	174.a3m	224.679
p.P98T	1750.a3m	345.607
p.H233P	1751.a3m	301.517
p.E2D	1752.a3m	315.532
p.V143E	1753.a3m	309.818
p.V272G	1754.a3m	333.374
p.G266R	1755.a3m	312.728
p.W53G	1756.a3m	312.662
p.Q38E	1757.a3m	308.477
p.N131I	1758.a3m	311.617
p.Q52H	1759.a3m	313.898
p.L289R	175.a3m	317.76
p.V173A	1760.a3m	310.61
p.P301T	1761.a3m	321.055
p.W91STOP	1762.a3m	111.469
p.L265Q	1763.a3m	287.556
p.A83E	1764.a3m	306.354
p.C242F	1765.a3m	305.781
p.R282Q	1766.a3m	314.01
p.Y234STOP	1767.a3m	249.359
p.Q100R	1768.a3m	329.05
p.A78S	1769.a3m	321.764
p.T55A	176.a3m	316.939
p.T230P	1770.a3m	312.429
p.Y236STOP	1771.a3m	256.515
p.A86S	1772.a3m	301.997
p.A138T	1773.a3m	305.08
p.G187A	1774.a3m	322.494
p.L25P	1775.a3m	318.706
p.N340I	1776.a3m	325.901
p.L111Q	1777.a3m	319.977
p.S9T	1778.a3m	309.934
p.T256A	1779.a3m	329.12
p.P47A	177.a3m	323.986
p.K291M	1780.a3m	312.919
p.N340Y	1781.a3m	306.815
p.P153L	1782.a3m	320.441
p.T125A	1783.a3m	319.771
p.Y205S	1784.a3m	300.134
p.N29D	1785.a3m	312.895
p.W146R	1786.a3m	308.461
p.R306G	1787.a3m	315.29
p.I195F	1788.a3m	321.268
p.G59D	1789.a3m	315.789
p.D61H	178.a3m	313.438
p.Y234S	1790.a3m	311.104
p.P67L	1791.a3m	294.777
p.L330H	1792.a3m	316.527
p.E285V	1793.a3m	305.321
p.H179P	1794.a3m	305.591
p.V274F	1795.a3m	323.839
p.T140S	1796.a3m	348.24
p.L289F	1797.a3m	301.779
p.V274G	1798.a3m	308.547
p.P222Q	1799.a3m	321.154
p.P128S	179.a3m	316.158
p.S149Y	17.a3m	318.246
p.N247H	1800.a3m	304.559
p.V272E	1801.a3m	309.632
p.E271K	1802.a3m	312.406
p.S33Y	1803.a3m	302.898
p.C238Y	1804.a3m	316.185
p.D184V	1805.a3m	319.037
p.S227F	1806.a3m	319.307
p.K319N	1807.a3m	313.8
p.S335R	1808.a3m	300.354
p.N310Y	1809.a3m	317.559
p.L323R	180.a3m	314.728
p.P250R	1810.a3m	294.857
p.K321E	1811.a3m	313.073
p.S37C	1812.a3m	295.588
p.A138D	1813.a3m	321.139
p.Q144P	1814.a3m	308.565
p.D57N	1815.a3m	320.162
p.H233N	1816.a3m	299.454
p.I162V	1817.a3m	314.971
p.A129P	1818.a3m	300.793
p.W91S	1819.a3m	312.747
p.P98H	181.a3m	343.346
p.T231I	1820.a3m	294.096
p.I195M	1821.a3m	293.742
p.E28STOP	1822.a3m	19.7086
p.S260T	1823.a3m	311.1
p.F109C	1824.a3m	317.161
p.P77S	1825.a3m	322.763
p.S15T	1826.a3m	309.108
p.P152R	1827.a3m	318.117
p.G245V	1828.a3m	337.698
p.N263K	1829.a3m	313.248
p.Y327F	182.a3m	302.976
p.K291T	1830.a3m	309.974
p.S303R	1831.a3m	329.196
p.P177L	1832.a3m	332.067
p.A69G	1833.a3m	298.592
p.M160R	1834.a3m	302.628
p.P4T	1835.a3m	323.929
p.D259H	1836.a3m	328.3
p.R248W	1837.a3m	322.365
p.D186A	1838.a3m	289.12
p.F109I	1839.a3m	331.366
p.Q192L	183.a3m	328.97
p.L145Q	1840.a3m	328.136
p.Y103F	1841.a3m	310.107
p.L206V	1842.a3m	301.866
p.H296P	1843.a3m	319.934
p.L137Q	1844.a3m	322.776
p.E258G	1845.a3m	321.283
p.S183P	1846.a3m	314.521
p.D184G	1847.a3m	317.158
p.E180Q	1848.a3m	282.002
p.H168P	1849.a3m	304.599
p.P87R	184.a3m	324.447
p.P92H	1850.a3m	314.803
p.Q167E	1851.a3m	306.948
p.P87A	1852.a3m	324.432
p.M1K	1853.a3m	297.432
p.C135S	1854.a3m	309.391
p.G108D	1855.a3m	339.926
p.M246T	1856.a3m	305.874
p.P278T	1857.a3m	318.001
p.D207A	1858.a3m	318.503
p.G279W	1859.a3m	297.154
p.R202S	185.a3m	301.479
p.K101T	1860.a3m	297.297
p.P77T	1861.a3m	322.793
p.L257M	1862.a3m	310.965
p.N235K	1863.a3m	312.566
p.V272L	1864.a3m	296.587
p.E298STOP	1865.a3m	236.694
p.L308Q	1866.a3m	335.78
p.S261R	1867.a3m	336.842
p.R175L	1868.a3m	321.513
p.H178Y	1869.a3m	317.7
p.T334P	186.a3m	331.113
p.C229R	1870.a3m	299.913
p.G293E	1871.a3m	299.421
p.F328Y	1872.a3m	302.646
p.D21G	1873.a3m	304.321
p.P4L	1874.a3m	297.224
p.S240N	1875.a3m	316.121
p.H233D	1876.a3m	300.342
p.C135Y	1877.a3m	309.062
p.L289H	1878.a3m	320.711
p.A129T	1879.a3m	301.746
p.D61Y	187.a3m	329.793
p.K319E	1880.a3m	314.225
p.P75R	1881.a3m	302.546
p.Q52R	1882.a3m	312.604
p.H296Y	1883.a3m	306.336
p.K101STOP	1884.a3m	129.769
p.A307T	1885.a3m	328.028
p.D41V	1886.a3m	300.966
p.I195V	1887.a3m	312.434
p.S215G	1888.a3m	302.125
p.H214D	1889.a3m	309.749
p.P27S	188.a3m	312.662
p.H214R	1890.a3m	303.4
p.P177A	1891.a3m	316.439
p.Q317E	1892.a3m	321.884
p.K139T	1893.a3m	316.152
p.G105C	1894.a3m	321.159
p.D281V	1895.a3m	314.727
p.N30K	1896.a3m	304.661
p.C141Y	1897.a3m	330.265
p.N30D	1898.a3m	307.51
p.N288I	1899.a3m	327.201
p.D57Y	189.a3m	305.927
p.S149C	18.a3m	323.076
p.R65I	1900.a3m	306.384
p.L330V	1901.a3m	312.346
p.M133V	1902.a3m	303.576
p.K305E	1903.a3m	298.699
p.W23L	1904.a3m	324.338
p.F270S	1905.a3m	316.272
p.K320R	1906.a3m	305.288
p.A83V	1907.a3m	314.698
p.P151L	1908.a3m	283.743
p.R249K	1909.a3m	303.974
p.F134C	190.a3m	321.451
p.S240I	1910.a3m	308.04
p.D148H	1911.a3m	325.443
p.P47Q	1912.a3m	321.384
p.A276P	1913.a3m	305.361
p.E11G	1914.a3m	315.257
p.A79D	1915.a3m	313.172
p.E285K	1916.a3m	314.698
p.S313C	1917.a3m	302.249
p.S94T	1918.a3m	310.151
p.P250L	1919.a3m	321.53
p.G59R	191.a3m	302.714
p.C275S	1920.a3m	314.829
p.T18I	1921.a3m	301.799
p.C182Y	1922.a3m	324.868
p.C141W	1923.a3m	320.899
p.M66I	1924.a3m	303.395
p.V157L	1925.a3m	328.084
p.S95Y	1926.a3m	299.995
p.S185G	1927.a3m	315.445
p.V217L	1928.a3m	314.344
p.K291R	1929.a3m	301.414
p.K120N	192.a3m	303.484
p.T304P	1930.a3m	337.447
p.D228V	1931.a3m	297.374
p.K101E	1932.a3m	295.891
p.Q192STOP	1933.a3m	241.998
p.Q136K	1934.a3m	306.064
p.S15G	1935.a3m	302.728
p.V203E	1936.a3m	301.585
p.N131H	1937.a3m	325.396
p.L257P	1938.a3m	328.405
p.E198K	1939.a3m	299.121
p.E3Q	193.a3m	307.634
p.S96A	1940.a3m	314.141
p.A63T	1941.a3m	300.37
p.P27A	1942.a3m	313.289
p.S313R	1943.a3m	311.898
p.V225G	1944.a3m	306.134
p.M160T	1945.a3m	303.304
p.S99A	1946.a3m	306.139
p.T55I	1947.a3m	308.349
p.D281E	1948.a3m	295.028
p.P13L	1949.a3m	315.847
p.S96C	194.a3m	304.128
p.Y163H	1950.a3m	299.626
p.S6A	1951.a3m	319.477
p.A63P	1952.a3m	306.91
p.P309A	1953.a3m	331.717
p.F212I	1954.a3m	302.747
p.E56D	1955.a3m	294.559
p.K305M	1956.a3m	324.918
p.L26V	1957.a3m	305.451
p.Q136L	1958.a3m	308.432
p.F212Y	1959.a3m	302.046
p.S315F	195.a3m	295.957
p.P250H	1960.a3m	313.915
p.V217M	1961.a3m	316.616
p.T211A	1962.a3m	296.673
p.Q16P	1963.a3m	294.882
p.Y107STOP	1964.a3m	129.914
p.L14P	1965.a3m	306.058
p.P13S	1966.a3m	312.422
p.G154V	1967.a3m	309.404
p.P47T	1968.a3m	322.141
p.I232N	1969.a3m	302.652
p.G105D	196.a3m	314.344
p.Y163STOP	1970.a3m	197.121
p.Y236N	1971.a3m	305.386
p.A88D	1972.a3m	292.938
p.H168D	1973.a3m	327.552
p.C229W	1974.a3m	315.226
p.K132N	1975.a3m	289.655
p.T102A	1976.a3m	295.645
p.F19L	1977.a3m	312.577
p.L265V	1978.a3m	305.96
p.E198A	1979.a3m	302.441
p.Y327H	197.a3m	317.919
p.S121F	1980.a3m	315.028
p.S106C	1981.a3m	298.964
p.L252I	1982.a3m	303.192
p.S46Y	1983.a3m	306.939
p.S99C	1984.a3m	308.833
p.C341Y	1985.a3m	317.518
p.A129S	1986.a3m	300.233
p.L264R	1987.a3m	295.782
p.P72H	1988.a3m	305.793
p.G187D	1989.a3m	324.056
p.G199STOP	198.a3m	241.643
p.D49A	1990.a3m	311.16
p.I251M	1991.a3m	321.391
p.D228A	1992.a3m	308.613
p.N247K	1993.a3m	318.804
p.L45P	1994.a3m	306.149
p.A138V	1995.a3m	327.554
p.L25I	1996.a3m	322.368
p.C176F	1997.a3m	313.397
p.P75L	1998.a3m	322.645
p.R213Q	1999.a3m	292.22
p.Y220H	199.a3m	307.352
p.L26R	19.a3m	300.002
p.E271A	1.a3m	313.911
p.P58A	2000.a3m	290.737
p.R202P	2001.a3m	310.239
p.V73E	2002.a3m	313.023
p.K292STOP	2003.a3m	223.295
p.L43STOP	2004.a3m	47.4044
p.P58T	2005.a3m	317.273
p.M243V	2006.a3m	316.005
p.P36Q	2007.a3m	296.919
p.K164M	2008.a3m	295.239
p.T312P	2009.a3m	297.658
p.L93M	200.a3m	321.308
p.T230A	2010.a3m	324.815
p.N247S	2011.a3m	308.445
p.D208Y	2012.a3m	327.515
p.Q337R	2013.a3m	315.502
p.T118P	2014.a3m	295.744
p.A161S	2015.a3m	308.208
p.V172L	2016.a3m	322.629
p.H297D	2017.a3m	313.331
p.P13T	2018.a3m	302.035
p.D228Y	2019.a3m	315.182
p.T81A	201.a3m	311.228
p.N311D	2020.a3m	306.319
p.I251L	2021.a3m	314.022
p.G154A	2022.a3m	330.176
p.P190R	2023.a3m	322.165
p.L130F	2024.a3m	320.046
p.T312A	2025.a3m	324.104
p.E3STOP	2026.a3m	0.530242
p.K292I	2027.a3m	297.618
p.A84D	2028.a3m	308.049
p.Q337STOP	2029.a3m	287.373
p.P223R	202.a3m	328.566
p.P301S	2030.a3m	299.029
p.T123P	2031.a3m	318.738
p.P80H	2032.a3m	319.133
p.R280S	2033.a3m	306.922
p.E221K	2034.a3m	306.987
p.A78T	2035.a3m	297.185
p.N200I	2036.a3m	321.032
p.A159V	2037.a3m	313.871
p.P250A	2038.a3m	316.598
p.D332Y	2039.a3m	303.129
p.F336L	203.a3m	324.164
p.S95C	2040.a3m	307.153
p.L26P	2041.a3m	299.923
p.T211S	2042.a3m	307.922
p.A74T	2043.a3m	304.195
p.S90A	2044.a3m	296.397
p.N210D	2045.a3m	302.596
p.Y220N	2046.a3m	306.656
p.C242W	2047.a3m	328.445
p.H193Q	2048.a3m	309.284
p.S127A	2049.a3m	327.766
p.L289V	204.a3m	319.075
p.C275STOP	2050.a3m	203.035
p.R181G	2051.a3m	334.381
p.A86P	2052.a3m	309.091
p.Q167STOP	2053.a3m	209.028
p.D186E	2054.a3m	295.847
p.E56STOP	2055.a3m	56.2759
p.D148G	2056.a3m	307.821
p.Q331P	2057.a3m	331.683
p.P190H	2058.a3m	329.059
p.G244C	2059.a3m	329.138
p.I254N	205.a3m	309.413
p.Q38L	2060.a3m	306.946
p.C275R	2061.a3m	306.118
p.H233R	2062.a3m	314.219
p.P92R	2063.a3m	314.214
p.S241C	2064.a3m	301.929
p.M246L	2065.a3m	340.903
p.I255M	2066.a3m	301.402
p.M66T	2067.a3m	308.657
p.R175C	2068.a3m	302.382
p.K291E	2069.a3m	318.862
p.K321Q	206.a3m	317.838
p.A39V	2070.a3m	294.449
p.R202H	2071.a3m	325.737
p.M237V	2072.a3m	310.998
p.P27T	2073.a3m	305.041
p.S15I	2074.a3m	319.641
p.D41H	2075.a3m	307.066
p.L330P	2076.a3m	309.082
p.A159T	2077.a3m	329.024
p.Q104STOP	2078.a3m	142.249
p.C277W	2079.a3m	308.531
p.T256I	207.a3m	286.981
p.K132R	2080.a3m	308.025
p.L114F	2081.a3m	307.212
p.E298Q	2082.a3m	315.301
p.E51K	2083.a3m	301.816
p.E3V	2084.a3m	328.103
p.D208E	2085.a3m	311.222
p.C176S	2086.a3m	320.082
p.D281N	2087.a3m	329.482
p.R267P	2088.a3m	316.218
p.L188R	2089.a3m	324.552
p.Y107S	208.a3m	304.801
p.L111P	2090.a3m	334.586
p.F113Y	2091.a3m	306.849
p.T284S	2092.a3m	320.546
p.D49G	2093.a3m	305.98
p.Y234H	2094.a3m	302.924
p.E62STOP	2095.a3m	76.4962
p.S46A	2096.a3m	325.178
p.A39G	2097.a3m	313.851
p.E68G	2098.a3m	295.831
p.N200K	2099.a3m	304.999
p.Q100L	209.a3m	308.433
p.A83P	20.a3m	314.616
p.P8A	2100.a3m	303.089
p.R174S	2101.a3m	312.319
p.I251T	2102.a3m	307.573
p.S303I	2103.a3m	314.147
p.G108R	2104.a3m	312.422
p.T150S	2105.a3m	318.4
p.V157F	2106.a3m	324.143
p.V31L	2107.a3m	301.687
p.P190S	2108.a3m	309.264
p.R249G	2109.a3m	312.353
p.G262R	210.a3m	327.793
p.G245S	2110.a3m	313.738
p.T102N	2111.a3m	312.119
p.R273L	2112.a3m	291.66
p.P322L	2113.a3m	321.863
p.S46T	2114.a3m	318.484
p.A63V	211.a3m	320.221
p.C275G	212.a3m	294.979
p.A138P	213.a3m	309.581
p.G293A	214.a3m	309.24
p.P85R	215.a3m	309.35
p.H168Q	216.a3m	317.652
p.L25V	217.a3m	317.78
p.S315C	218.a3m	310.826
p.V122L	219.a3m	307.522
p.I162S	21.a3m	299.845
p.P34L	220.a3m	320.907
p.F270C	221.a3m	314.245
p.E287G	222.a3m	293.528
p.C229G	223.a3m	295.784
p.D281A	224.a3m	327.719
p.S95A	225.a3m	293.257
p.R267L	226.a3m	296.392
p.P4R	227.a3m	321.147
p.D186G	228.a3m	330.379
p.P27L	229.a3m	292.069
p.T253S	22.a3m	337.087
p.D208A	230.a3m	294.566
p.E171STOP	231.a3m	220.115
p.T170S	232.a3m	318.585
p.M237T	233.a3m	299.637
p.N210I	234.a3m	300.069
p.N30T	235.a3m	308.624
p.L32M	236.a3m	311.94
p.T256P	237.a3m	292.014
p.S33A	238.a3m	308.189
p.M40L	239.a3m	305.4
p.S46C	23.a3m	301.884
p.R280K	240.a3m	293.996
p.T123I	241.a3m	297.014
p.D259E	242.a3m	310.158
p.S6STOP	243.a3m	3.54709
p.T102S	244.a3m	322.539
p.T284P	245.a3m	295.167
p.F212S	246.a3m	296.839
p.Q165K	247.a3m	294.911
p.M243L	248.a3m	323.207
p.P34S	249.a3m	295.44
p.P72T	24.a3m	330.507
p.S99Y	250.a3m	327.051
p.L252R	251.a3m	325.979
p.N239T	252.a3m	295.824
p.S33C	253.a3m	334.971
p.T102P	254.a3m	312.248
p.P8T	255.a3m	304.743
p.T211I	256.a3m	320.779
p.E180G	257.a3m	321.2
p.C238W	258.a3m	322.834
p.P12A	259.a3m	315.147
p.T253I	25.a3m	317.887
p.R110S	260.a3m	327.317
p.L201V	261.a3m	306.075
p.N263T	262.a3m	296.223
p.V97F	263.a3m	318.827
p.A189D	264.a3m	315.044
p.S96Y	265.a3m	310.923
p.E11A	266.a3m	301.518
p.V173G	267.a3m	303.643
p.P12L	268.a3m	306.388
p.S33F	269.a3m	305.369
p.G244R	26.a3m	329.475
p.H178N	270.a3m	301.988
p.D42E	271.a3m	310.875
p.C141F	272.a3m	318.047
p.V10A	273.a3m	297.313
p.E51A	274.a3m	306.903
p.G59C	275.a3m	331.602
p.C242G	276.a3m	301.641
p.S99P	277.a3m	301.297
p.T304S	278.a3m	321.939
p.E287V	279.a3m	321.976
p.P89T	27.a3m	303.799
p.S33P	280.a3m	303.802
p.R65K	281.a3m	308.069
p.Q333H	282.a3m	318.913
p.K101I	283.a3m	313.022
p.E287K	284.a3m	319.714
p.S303C	285.a3m	304.218
p.N263Y	286.a3m	315.291
p.M160L	287.a3m	315.606
p.A74V	288.a3m	316.711
p.R65S	289.a3m	312.866
p.A86T	28.a3m	311.919
p.S240G	290.a3m	321.192
p.C275W	291.a3m	316.469
p.F54S	292.a3m	307.582
p.T18K	293.a3m	331.762
p.R273P	294.a3m	315.692
p.Q144E	295.a3m	310.388
p.A74G	296.a3m	313.413
p.P82R	297.a3m	308.983
p.E294D	298.a3m	310.016
p.Q317L	299.a3m	321.665
p.P64A	29.a3m	301.897
p.STOP342L	2.a3m	323.69
p.C277STOP	300.a3m	204.969
p.A70D	301.a3m	311.893
p.N340K	302.a3m	317.346
p.T334A	303.a3m	321.885
p.H178Q	304.a3m	325.758
p.S227C	305.a3m	293.736
p.Y126F	306.a3m	311.71
p.L289P	307.a3m	314.116
p.F109L	308.a3m	311.977
p.G117E	309.a3m	319.867
p.C277S	30.a3m	340.463
p.V172A	310.a3m	308.549
p.K291N	311.a3m	322.636
p.T125P	312.a3m	327.965
p.E198Q	313.a3m	318.881
p.Q165P	314.a3m	309.235
p.L93Q	315.a3m	311.937
p.P191S	316.a3m	314.718
p.K321I	317.a3m	299.421
p.S241P	318.a3m	316.312
p.K139R	319.a3m	303.794
p.L252V	31.a3m	308.777
p.S6T	320.a3m	310.189
p.Y126H	321.a3m	309.147
p.H214L	322.a3m	309.532
p.D259G	323.a3m	290.978
p.R202C	324.a3m	318.216
p.L145R	325.a3m	320.154
p.A276T	326.a3m	298.879
p.G108S	327.a3m	305.208
p.R156P	328.a3m	303.945
p.Q136R	329.a3m	309.85
p.S149T	32.a3m	304.027
p.D7H	330.a3m	313.551
p.G187C	331.a3m	310.462
p.A276G	332.a3m	312.526
p.Q52L	333.a3m	306.824
p.N268I	334.a3m	319.194
p.Q104R	335.a3m	310.561
p.E62K	336.a3m	318.807
p.E11D	337.a3m	317.168
p.V97I	338.a3m	304.719
p.V274I	339.a3m	320.534
p.L26I	33.a3m	309.743
p.Y205H	340.a3m	305.711
p.A189T	341.a3m	298.824
p.A69D	342.a3m	305.184
p.R181C	343.a3m	308.184
p.K24STOP	344.a3m	30.7678
p.N311H	345.a3m	307.203
p.S33T	346.a3m	305.617
p.N29H	347.a3m	312.333
p.E17Q	348.a3m	309.53
p.D324Y	349.a3m	336.056
p.E2G	34.a3m	322.569
p.N263H	350.a3m	309.821
p.D281G	351.a3m	294.841
p.K320T	352.a3m	304.438
p.P8S	353.a3m	305.959
p.G279E	354.a3m	301.37
p.Y220STOP	355.a3m	246.061
p.D48N	356.a3m	322.78
p.P300A	357.a3m	331.518
p.Y327STOP	358.a3m	297.436
p.S315P	359.a3m	328.095
p.P191A	35.a3m	319.337
p.V274A	360.a3m	314.481
p.E294Q	361.a3m	315.747
p.G244A	362.a3m	304.998
p.N210H	363.a3m	312.496
p.A74D	364.a3m	297.589
p.V157A	365.a3m	315.071
p.E28K	366.a3m	312.353
p.L264I	367.a3m	311.112
p.Q104H	368.a3m	306.94
p.G325E	369.a3m	312.322
p.L201S	36.a3m	310.481
p.H214Y	370.a3m	306.96
p.S269T	371.a3m	325.67
p.S185T	372.a3m	319.191
p.Q16R	373.a3m	301.643
p.C238STOP	374.a3m	237.277
p.E17A	375.a3m	306.18
p.A76E	376.a3m	301.994
p.K291STOP	377.a3m	227.946
p.P12H	378.a3m	322.822
p.D49N	379.a3m	311.067
p.D207Y	37.a3m	334.841
p.D148N	380.a3m	317.887
p.C124S	381.a3m	299.825
p.L45M	382.a3m	298.478
p.E28V	383.a3m	306.802
p.M160I	384.a3m	312.098
p.N200Y	385.a3m	306.926
p.P142H	386.a3m	322.644
p.T284A	387.a3m	305.707
p.E224V	388.a3m	328.019
p.F109V	389.a3m	320.86
p.S314T	38.a3m	294.115
p.E51STOP	390.a3m	56.9345
p.A307S	391.a3m	315.739
p.T150P	392.a3m	317.11
p.S183L	393.a3m	313.892
p.N263S	394.a3m	318.515
p.P190T	395.a3m	306.502
p.T304I	396.a3m	320.165
p.K320N	397.a3m	306.945
p.W23G	398.a3m	327.536
p.Q333STOP	399.a3m	290.858
p.Q144STOP	39.a3m	193.906
p.E286Q	3.a3m	323.282
p.E56K	400.a3m	306.815
p.F134S	401.a3m	307.874
p.V157I	402.a3m	317.536
p.P13R	403.a3m	309.289
p.V147G	404.a3m	322.964
p.T304A	405.a3m	320.276
p.C275F	406.a3m	311.428
p.T123S	407.a3m	312.235
p.D332E	408.a3m	331.891
p.P301L	409.a3m	296.887
p.D207G	40.a3m	316.677
p.N131Y	410.a3m	297.316
p.G262V	411.a3m	321.378
p.T334S	412.a3m	315.115
p.Y236H	413.a3m	320.288
p.F336C	414.a3m	320.161
p.Y205STOP	415.a3m	248.046
p.P219T	416.a3m	310.159
p.P318Q	417.a3m	312.067
p.R65G	418.a3m	311.404
p.S335T	419.a3m	329.621
p.P316R	41.a3m	310.946
p.L145V	420.a3m	305.782
p.M40K	421.a3m	316.88
p.E68Q	422.a3m	308.412
p.I255V	423.a3m	309.101
p.T256S	424.a3m	324.015
p.T284K	425.a3m	314.144
p.S315T	426.a3m	296.921
p.E51Q	427.a3m	311.006
p.I195L	428.a3m	301.307
p.D148V	429.a3m	308.528
p.V225A	42.a3m	317.202
p.I232L	430.a3m	326.05
p.D281Y	431.a3m	305.949
p.V173M	432.a3m	322.741
p.Q136STOP	433.a3m	194.798
p.S6L	434.a3m	286.457
p.C182STOP	435.a3m	223.451
p.S20T	436.a3m	305.191
p.K120E	437.a3m	309.075
p.S116A	438.a3m	310.484
p.M243K	439.a3m	322.267
p.A189G	43.a3m	325.122
p.A189S	440.a3m	319.639
p.Q331L	441.a3m	304.348
p.A138S	442.a3m	321.243
p.Q100H	443.a3m	301.753
p.E287Q	444.a3m	320.909
p.L111M	445.a3m	290.773
p.K338N	446.a3m	309.431
p.R175H	447.a3m	304.059
p.H297Q	448.a3m	304.935
p.E286D	449.a3m	320.863
p.N200T	44.a3m	303.922
p.D21A	450.a3m	299.333
p.I232S	451.a3m	311.465
p.N288T	452.a3m	318.919
p.S90Y	453.a3m	328.153
p.Q337P	454.a3m	311.69
p.K132Q	455.a3m	317.756
p.E3A	456.a3m	325.427
p.P77L	457.a3m	303.299
p.P152A	458.a3m	301.445
p.A88P	459.a3m	305.621
p.Q144H	45.a3m	304.525
p.G226R	460.a3m	317.737
p.A84S	461.a3m	312.506
p.A119D	462.a3m	325.974
p.Y126S	463.a3m	310.305
p.Q167L	464.a3m	319.59
p.S106R	465.a3m	305.64
p.S166P	466.a3m	320.329
p.P219S	467.a3m	302.666
p.T312I	468.a3m	318.607
p.M133I	469.a3m	319.834
p.N29S	46.a3m	322.939
p.P77Q	470.a3m	324.713
p.N210K	471.a3m	305.934
p.A78V	472.a3m	320.76
p.F270I	473.a3m	329.235
p.K120R	474.a3m	315.74
p.S240T	475.a3m	306.768
p.V216E	476.a3m	326.203
p.R196L	477.a3m	295.908
p.T150K	478.a3m	321.173
p.E221V	479.a3m	320.827
p.P222A	47.a3m	339.912
p.I255S	480.a3m	316.392
p.L35F	481.a3m	317.049
p.A159S	482.a3m	316.153
p.D42G	483.a3m	310.455
p.K319Q	484.a3m	314.772
p.I195S	485.a3m	312.415
p.S185R	486.a3m	304.843
p.G105V	487.a3m	320.33
p.C277F	488.a3m	331.368
p.A189V	489.a3m	324.11
p.S269R	48.a3m	322.733
p.L323Q	490.a3m	308.879
p.D49V	491.a3m	294.495
p.E204G	492.a3m	319.247
p.E2A	493.a3m	323.085
p.E68D	494.a3m	307.257
p.N268S	495.a3m	313.182
p.P89L	496.a3m	291.097
p.R273C	497.a3m	321.13
p.P36L	498.a3m	305.31
p.L26F	499.a3m	313.632
p.T284I	49.a3m	303.415
p.N268T	4.a3m	311.54
p.P309R	500.a3m	317.848
p.R209STOP	501.a3m	249.339
p.R273H	502.a3m	304.626
p.R196Q	503.a3m	312.332
p.P77R	504.a3m	324.145
p.P309H	505.a3m	316.105
p.L137R	506.a3m	320.693
p.P47R	507.a3m	327.916
p.E11Q	508.a3m	306.119
p.P89H	509.a3m	298.441
p.G59V	50.a3m	315.952
p.E224K	510.a3m	305.937
p.E271Q	511.a3m	293.222
p.Q16L	512.a3m	304.31
p.E221G	513.a3m	306.8
p.S37P	514.a3m	315.436
p.C141G	515.a3m	318.888
p.E204Q	516.a3m	323.358
p.R196P	517.a3m	310.928
p.S314Y	518.a3m	317.349
p.H115R	519.a3m	310.105
p.D42N	51.a3m	302.455
p.I232V	520.a3m	302.372
p.P301A	521.a3m	324.225
p.T150R	522.a3m	310.186
p.L265R	523.a3m	305.252
p.S116C	524.a3m	267.326
p.T155I	525.a3m	324.506
p.N247D	526.a3m	299.294
p.P219R	527.a3m	321.548
p.K321STOP	528.a3m	264.767
p.M40R	529.a3m	300.744
p.F212L	52.a3m	308.004
p.G112V	530.a3m	326.786
p.T334I	531.a3m	323.651
p.P153S	532.a3m	302.305
p.V217A	533.a3m	318.981
p.P82L	534.a3m	321.59
p.F113L	535.a3m	305.815
p.P153R	536.a3m	306.792
p.Q165R	537.a3m	312.989
p.L188M	538.a3m	315.173
p.P87S	539.a3m	317.649
p.H115P	53.a3m	310.852
p.R306Q	540.a3m	304.17
p.N288H	541.a3m	316.149
p.T118K	542.a3m	332.446
p.L330F	543.a3m	300.443
p.G244D	544.a3m	314.637
p.I162F	545.a3m	303.065
p.N311S	546.a3m	315.215
p.N311K	547.a3m	313.908
p.Q317P	548.a3m	286.562
p.C182R	549.a3m	300.928
p.E28A	54.a3m	302.969
p.V31F	550.a3m	299.605
p.Q144L	551.a3m	302.971
p.F54L	552.a3m	308.454
p.Q165L	553.a3m	309.016
p.S121Y	554.a3m	319.15
p.R249S	555.a3m	313.275
p.Y103N	556.a3m	314.628
p.E204D	557.a3m	308.644
p.K292N	558.a3m	310.358
p.E294A	559.a3m	311.636
p.C135G	55.a3m	315.959
p.E286K	560.a3m	301.631
p.L35M	561.a3m	319.225
p.H179Q	562.a3m	298.376
p.D148Y	563.a3m	320.966
p.P191L	564.a3m	326.166
p.C176W	565.a3m	295.14
p.V216A	566.a3m	296.204
p.F113C	567.a3m	316.493
p.D207H	568.a3m	319.243
p.N235S	569.a3m	313.567
p.H115L	56.a3m	322.034
p.V73M	570.a3m	316.67
p.R156G	571.a3m	309.482
p.P177S	572.a3m	320.197
p.A161V	573.a3m	317.766
p.P190A	574.a3m	319.723
p.D41N	575.a3m	311.816
p.D184H	576.a3m	331.214
p.S20STOP	577.a3m	19.6328
p.S9N	578.a3m	301.999
p.V143M	579.a3m	318.181
p.N200S	57.a3m	307.683
p.N247T	580.a3m	322.586
p.P58Q	581.a3m	296.708
p.Q333R	582.a3m	314.359
p.V225D	583.a3m	305.903
p.T231N	584.a3m	308.025
p.N239H	585.a3m	301.598
p.P92A	586.a3m	301.104
p.C242Y	587.a3m	327.348
p.R249T	588.a3m	319.543
p.E326STOP	589.a3m	271.177
p.STOP342Q	58.a3m	310.037
p.P250S	590.a3m	301.796
p.P87T	591.a3m	316.946
p.T125K	592.a3m	333.014
p.L264V	593.a3m	340.475
p.S215I	594.a3m	299.89
p.E285D	595.a3m	298.995
p.C275Y	596.a3m	322.501
p.N235I	597.a3m	320.466
p.L145P	598.a3m	320.005
p.L194V	599.a3m	326.222
p.T123N	59.a3m	325.856
p.Y126N	5.a3m	310.955
p.S215C	600.a3m	320.244
p.E326A	601.a3m	303.723
p.V31I	602.a3m	313.022
p.M243T	603.a3m	303.997
p.C141S	604.a3m	311.193
p.G112R	605.a3m	319.703
p.Q5P	606.a3m	303.315
p.A69S	607.a3m	276.518
p.E17G	608.a3m	321.836
p.L308R	609.a3m	305.869
p.E56G	60.a3m	316.728
p.E326G	610.a3m	300.837
p.M169K	611.a3m	302.959
p.S127C	612.a3m	306.637
p.E198V	613.a3m	323.624
p.D42Y	614.a3m	290.115
p.P34T	615.a3m	311.645
p.C176Y	616.a3m	323.517
p.E271V	617.a3m	315.267
p.S240R	618.a3m	313.098
p.F336I	619.a3m	326.976
p.G154S	61.a3m	302.18
p.S227Y	620.a3m	315.87
p.D61E	621.a3m	312.179
p.E171A	622.a3m	322.916
p.S9C	623.a3m	318.698
p.A129D	624.a3m	319.558
p.R283H	625.a3m	337.239
p.R110C	626.a3m	306.905
p.P60Q	627.a3m	298.337
p.E56Q	628.a3m	303.858
p.H297P	629.a3m	330.846
p.K291Q	62.a3m	312.915
p.Q16E	630.a3m	322.558
p.L299P	631.a3m	304.566
p.Y103S	632.a3m	319.776
p.L252H	633.a3m	310.017
p.M44R	634.a3m	303.669
p.P72L	635.a3m	295.906
p.P142T	636.a3m	305.353
p.G293R	637.a3m	309.426
p.P278S	638.a3m	320.618
p.G226S	639.a3m	319.568
p.L26H	63.a3m	298.309
p.L130P	640.a3m	284.055
p.P322S	641.a3m	310.396
p.A88G	642.a3m	302.061
p.R209T	643.a3m	286.483
p.K321T	644.a3m	309.144
p.V73G	645.a3m	307.317
p.M1I	646.a3m	311.942
p.F270L	647.a3m	318.852
p.A84P	648.a3m	293.967
p.N310I	649.a3m	313.701
p.D48V	64.a3m	318.632
p.C124R	650.a3m	298.752
p.N235T	651.a3m	316.901
p.C238G	652.a3m	315.578
p.F212C	653.a3m	319.516
p.P190L	654.a3m	300.457
p.G187V	655.a3m	324.856
p.A307V	656.a3m	319.764
p.L14Q	657.a3m	297.842
p.S335I	658.a3m	313.042
p.P72S	659.a3m	318.132
p.E326V	65.a3m	312.28
p.E62Q	660.a3m	303.711
p.Q331K	661.a3m	314.012
p.L323P	662.a3m	299.758
p.L35W	663.a3m	311.506
p.M160V	664.a3m	313.072
p.V172F	665.a3m	316.367
p.Q333L	666.a3m	323.57
p.H178L	667.a3m	315.888
p.T170R	668.a3m	292.888
p.I50V	669.a3m	300.277
p.T118S	66.a3m	306.159
p.P142L	670.a3m	306.812
p.P89A	671.a3m	304.907
p.P72R	672.a3m	305.273
p.D228G	673.a3m	318.805
p.P92L	674.a3m	324.11
p.H297Y	675.a3m	321.332
p.T329I	676.a3m	312.147
p.D281H	677.a3m	319.641
p.Q5E	678.a3m	310.968
p.E258A	679.a3m	309.468
p.E68STOP	67.a3m	83.5845
p.Y205D	680.a3m	322.97
p.T170P	681.a3m	275.319
p.D186N	682.a3m	302.543
p.P87Q	683.a3m	306.054
p.A159P	684.a3m	307.843
p.P4A	685.a3m	306.59
p.M66R	686.a3m	267.633
p.P80T	687.a3m	323.144
p.Q100K	688.a3m	326.464
p.P89S	689.a3m	338.432
p.E298K	68.a3m	316.201
p.P295T	690.a3m	306.569
p.P71R	691.a3m	295.586
p.L14M	692.a3m	308.668
p.I50T	693.a3m	313.276
p.G266A	694.a3m	304.012
p.A86V	695.a3m	309.296
p.G266V	696.a3m	309.429
p.P223T	697.a3m	312.457
p.H115Q	698.a3m	314.493
p.Q337E	699.a3m	311.509
p.G302W	69.a3m	321.153
p.S269I	6.a3m	305.532
p.S121P	700.a3m	312.173
p.P322Q	701.a3m	330.401
p.R175S	702.a3m	308.193
p.H115Y	703.a3m	307.087
p.W53C	704.a3m	302.634
p.S215R	705.a3m	331.15
p.S260Y	706.a3m	302.125
p.D332G	707.a3m	325.765
p.R181L	708.a3m	318.213
p.N311I	709.a3m	312.984
p.I251N	70.a3m	288.218
p.K338E	710.a3m	314.11
p.L93R	711.a3m	328.871
p.R158C	712.a3m	294.353
p.V218A	713.a3m	311.51
p.P300S	714.a3m	318.25
p.P128H	715.a3m	324.616
p.L43S	716.a3m	296.243
p.H179R	717.a3m	323.575
p.P67A	718.a3m	304.863
p.Y103D	719.a3m	314.199
p.S335N	71.a3m	327.067
p.F54I	720.a3m	308.752
p.S106T	721.a3m	315.187
p.M133L	722.a3m	308.435
p.H193D	723.a3m	311.903
p.I255T	724.a3m	286.968
p.P80L	725.a3m	309.248
p.P223S	726.a3m	342.331
p.N268H	727.a3m	305
p.D57V	728.a3m	306.401
p.R248L	729.a3m	318.621
p.L32R	72.a3m	320.116
p.Q144R	730.a3m	317.195
p.W53S	731.a3m	325.221
p.L145M	732.a3m	297.978
p.L194I	733.a3m	304.629
p.D7Y	734.a3m	333.935
p.M44V	735.a3m	324.452
p.V147I	736.a3m	319.605
p.G187R	737.a3m	324.975
p.L43V	738.a3m	292.712
p.Q317H	739.a3m	312.771
p.L206STOP	73.a3m	252.204
p.P36R	740.a3m	307.303
p.D228H	741.a3m	329.536
p.T230S	742.a3m	305.739
p.P278L	743.a3m	312.072
p.D208N	744.a3m	310.495
p.I50S	745.a3m	306.017
p.V10F	746.a3m	304.291
p.L45R	747.a3m	307.503
p.E286STOP	748.a3m	226.543
p.G226V	749.a3m	315.633
p.C135W	74.a3m	328.32
p.W91G	750.a3m	316.758
p.A79P	751.a3m	321.637
p.V197M	752.a3m	302.234
p.P318R	753.a3m	328.125
p.I232F	754.a3m	305.299
p.I162L	755.a3m	310.62
p.E287D	756.a3m	297.909
p.C124G	757.a3m	308.545
p.L194F	758.a3m	303.948
p.F19C	759.a3m	334.024
p.Q100E	75.a3m	307.59
p.Q136E	760.a3m	328.976
p.E298A	761.a3m	324.935
p.A76S	762.a3m	321.292
p.R282W	763.a3m	323.042
p.E224Q	764.a3m	305.688
p.P223L	765.a3m	315.815
p.T230I	766.a3m	301.698
p.S313I	767.a3m	301.613
p.T55N	768.a3m	313.52
p.V172G	769.a3m	310.414
p.E171G	76.a3m	300.826
p.H297N	770.a3m	319.467
p.L114M	771.a3m	296.537
p.D48Y	772.a3m	286.052
p.T118A	773.a3m	309.555
p.E56A	774.a3m	282.079
p.T170A	775.a3m	321.612
p.M169V	776.a3m	314.644
p.P223H	777.a3m	307.398
p.H193L	778.a3m	311.552
p.Q144K	779.a3m	315.553
p.L299R	77.a3m	320.32
p.D41Y	780.a3m	288.373
p.R267G	781.a3m	313.5
p.D332A	782.a3m	322.685
p.V122G	783.a3m	321.369
p.H168N	784.a3m	327.751
p.S116Y	785.a3m	315.536
p.E62A	786.a3m	310.605
p.A83S	787.a3m	315.024
p.S116F	788.a3m	305.943
p.P151A	789.a3m	319.785
p.P278A	78.a3m	308.21
p.K320STOP	790.a3m	263.919
p.G199A	791.a3m	302.167
p.G245D	792.a3m	327.714
p.L308M	793.a3m	300.809
p.D57E	794.a3m	299.406
p.H168R	795.a3m	323.219
p.E221D	796.a3m	321.203
p.E198D	797.a3m	300.596
p.S15C	798.a3m	302.492
p.L93P	799.a3m	280.979
p.S166T	79.a3m	311.667
p.T118I	7.a3m	303.379
p.E68V	800.a3m	296.373
p.W23S	801.a3m	321.365
p.P36T	802.a3m	301.608
p.G117R	803.a3m	324.738
p.Y327D	804.a3m	327.17
p.A161G	805.a3m	315.4
p.F336Y	806.a3m	325.539
p.N340S	807.a3m	308.716
p.K320E	808.a3m	332.923
p.I162T	809.a3m	311.558
p.R283C	80.a3m	317.144
p.K319T	810.a3m	303.507
p.C341R	811.a3m	315.299
p.D21H	812.a3m	310.298
p.S269G	813.a3m	317.541
p.S94P	814.a3m	320.518
p.T18S	815.a3m	294.193
p.S185N	816.a3m	312.049
p.A307E	817.a3m	312.73
p.Q100P	818.a3m	306.884
p.E224G	819.a3m	310.254
p.P72A	81.a3m	330.285
p.G199E	820.a3m	323.511
p.N131T	821.a3m	304.102
p.L114W	822.a3m	308.241
p.Y107C	823.a3m	306.21
p.P300R	824.a3m	309.877
p.W91C	825.a3m	279.593
p.N30H	826.a3m	310.79
p.T329S	827.a3m	312.272
p.N131K	828.a3m	313.305
p.P64H	829.a3m	309.341
p.W91L	82.a3m	303.808
p.V172D	830.a3m	321.228
p.S127T	831.a3m	300.453
p.V197G	832.a3m	314.55
p.C238S	833.a3m	304.931
p.G112S	834.a3m	317.293
p.G302R	835.a3m	308.715
p.G244S	836.a3m	305.85
p.S303N	837.a3m	322.846
p.Q165STOP	838.a3m	199.234
p.STOP342E	839.a3m	308.655
p.A79S	83.a3m	313.681
p.M1L	840.a3m	293.099
p.R175P	841.a3m	306.859
p.L35STOP	842.a3m	31.9445
p.A119S	843.a3m	319.656
p.T211P	844.a3m	316.867
p.P318A	845.a3m	294.837
p.Q337H	846.a3m	316.169
p.Q317K	847.a3m	312.645
p.D21E	848.a3m	308.794
p.L265P	849.a3m	309.168
p.T231A	84.a3m	317.952
p.P177T	850.a3m	319.686
p.V197A	851.a3m	319.79
p.N311T	852.a3m	322.525
p.H214P	853.a3m	298.897
p.V31A	854.a3m	302.907
p.Y103STOP	855.a3m	144.026
p.P142A	856.a3m	321.589
p.P301Q	857.a3m	299.998
p.R280G	858.a3m	308.089
p.R290H	859.a3m	308.455
p.L194P	85.a3m	316.987
p.R282L	860.a3m	309.909
p.T140A	861.a3m	294.291
p.Y234C	862.a3m	311.157
p.N200D	863.a3m	321.716
p.A70G	864.a3m	288.725
p.Q337K	865.a3m	313.534
p.P4S	866.a3m	311.211
p.R156L	867.a3m	307.521
p.E339Q	868.a3m	310.397
p.L330I	869.a3m	328.316
p.S183T	86.a3m	314.999
p.V157G	870.a3m	326.984
p.Q5R	871.a3m	295.695
p.D208H	872.a3m	312.33
p.W146G	873.a3m	327.29
p.H168L	874.a3m	318.078
p.L206W	875.a3m	304.969
p.C277R	876.a3m	308.471
p.E224D	877.a3m	329.614
p.G199V	878.a3m	312.898
p.C141R	879.a3m	302.127
p.M169I	87.a3m	334.035
p.E298G	880.a3m	328.816
p.G244V	881.a3m	314.862
p.G302E	882.a3m	320.959
p.A307G	883.a3m	320.683
p.E2V	884.a3m	304.511
p.M237R	885.a3m	329.255
p.T231P	886.a3m	316.455
p.C124W	887.a3m	328.915
p.V157D	888.a3m	334.856
p.R156S	889.a3m	298.273
p.Y234D	88.a3m	304.021
p.H296N	890.a3m	303.504
p.P75H	891.a3m	314.078
p.G226D	892.a3m	332.636
p.D7V	893.a3m	308.907
p.D208V	894.a3m	331.667
p.H214Q	895.a3m	311.967
p.H296R	896.a3m	317.77
p.A129V	897.a3m	323.82
p.Q136P	898.a3m	304.351
p.P58S	899.a3m	307.266
p.L25R	89.a3m	310.287
p.P295S	8.a3m	321.733
p.V173E	900.a3m	313.729
p.I254M	901.a3m	315.219
p.E326D	902.a3m	321.712
p.M160K	903.a3m	326.34
p.V122A	904.a3m	323.156
p.D207E	905.a3m	313.379
p.S261T	906.a3m	310.016
p.C176R	907.a3m	324.828
p.E171K	908.a3m	312.707
p.T55S	909.a3m	310.149
p.P219H	90.a3m	313.277
p.T230N	910.a3m	316.719
p.M66V	911.a3m	321.207
p.P75A	912.a3m	314.874
p.D332V	913.a3m	320.159
p.N310T	914.a3m	304.833
p.P75T	915.a3m	305.625
p.V274L	916.a3m	316.716
p.P128L	917.a3m	327.806
p.A79G	918.a3m	297.82
p.P34A	919.a3m	301.509
p.N311Y	91.a3m	313.501
p.P13H	920.a3m	315.333
p.D184N	921.a3m	310.12
p.T170K	922.a3m	323.282
p.F134Y	923.a3m	302.705
p.F113I	924.a3m	289.907
p.G226A	925.a3m	324.368
p.I50N	926.a3m	326.211
p.N235D	927.a3m	319.807
p.P85A	928.a3m	310.997
p.D61V	929.a3m	313.865
p.L201F	92.a3m	297.313
p.F54V	930.a3m	306.986
p.I251S	931.a3m	318.227
p.V173L	932.a3m	313.128
p.P278R	933.a3m	339.979
p.F336S	934.a3m	319.369
p.D7E	935.a3m	314.804
p.S37Y	936.a3m	291.253
p.F328I	937.a3m	314.829
p.C124Y	938.a3m	325.447
p.A83T	939.a3m	310.028
p.L201STOP	93.a3m	256.957
p.E294V	940.a3m	324.341
p.I255F	941.a3m	307.319
p.E171V	942.a3m	311.316
p.D184E	943.a3m	311.982
p.T81S	944.a3m	291.548
p.G325A	945.a3m	314.076
p.S149A	946.a3m	314.21
p.P12S	947.a3m	306.776
p.D184Y	948.a3m	312.373
p.R267W	949.a3m	312.905
p.T155P	94.a3m	292.787
p.I232M	950.a3m	308.561
p.H296L	951.a3m	318.055
p.G108C	952.a3m	311.667
p.P8L	953.a3m	317.05
p.K164N	954.a3m	319.257
p.A161T	955.a3m	313.801
p.Y163C	956.a3m	304.78
p.S149F	957.a3m	312.916
p.G59S	958.a3m	297.848
p.G266STOP	959.a3m	244.258
p.M40I	95.a3m	311.173
p.E271D	960.a3m	317.379
p.P82S	961.a3m	317
p.R174T	962.a3m	320.467
p.P318S	963.a3m	306.015
p.P47L	964.a3m	315.004
p.K305STOP	965.a3m	240.422
p.N235H	966.a3m	322.191
p.P301R	967.a3m	311.848
p.W23C	968.a3m	317.936
p.P316T	969.a3m	314.596
p.A88S	96.a3m	301.052
p.V218G	970.a3m	319.925
p.Q192E	971.a3m	315.681
p.L308V	972.a3m	310.902
p.E339A	973.a3m	321.861
p.E258V	974.a3m	326.163
p.S99T	975.a3m	311.072
p.R249W	976.a3m	304.121
p.G108A	977.a3m	307.547
p.R110L	978.a3m	306.424
p.Q136H	979.a3m	315.333
p.A70T	97.a3m	315.045
p.Y220C	980.a3m	295.625
p.K24N	981.a3m	297.4
p.Q333E	982.a3m	328.672
p.G279A	983.a3m	311.66
p.S95P	984.a3m	296.958
p.A63D	985.a3m	315.627
p.STOP342Y	986.a3m	332.806
p.P142R	987.a3m	294.59
p.F328S	988.a3m	333.27
p.L194H	989.a3m	314.891
p.F19S	98.a3m	318.85
p.S261G	990.a3m	296.025
p.Y327S	991.a3m	315.768
p.E180D	992.a3m	305.446
p.Q38P	993.a3m	319.55
p.P151S	994.a3m	324.257
p.P13A	995.a3m	317.511
p.E258K	996.a3m	303.176
p.R174M	997.a3m	304.879
p.M237K	998.a3m	320.009
p.W146STOP	999.a3m	190.827
p.S127Y	99.a3m	301.296
p.E17D	9.a3m	320.224
